{"type":"FeatureCollection","features":[{"type":"Feature","id":"TWC2023","geometry":{"type":"Point","coordinates":[-152.316667,58.216667]},"properties":{"id":"TWC2023","name":"Izhut Bay","type":"subordinate","region":"AK","tz":"America/Anchorage","ref":"9457292"}},{"type":"Feature","id":"8656554","geometry":{"type":"Point","coordinates":[-76.62,34.7033]},"properties":{"id":"8656554","name":"Channel Marker Lt. 59","type":"subordinate","region":"NC","tz":"America/New_York","ref":"8654400"}},{"type":"Feature","id":"8669691","geometry":{"type":"Point","coordinates":[-80.895,32.1033]},"properties":{"id":"8669691","name":"Daufuskie Landing, Daufuskie Island","type":"subordinate","region":"GA","tz":"America/New_York","ref":"8670870"}},{"type":"Feature","id":"9459949","geometry":{"type":"Point","coordinates":[-162.698,55.2083]},"properties":{"id":"9459949","name":"Cold Bay","type":"reference","region":"AK","tz":"America/Nome","gt_m":2.262}},{"type":"Feature","id":"8534049","geometry":{"type":"Point","coordinates":[-74.31,39.6167]},"properties":{"id":"8534049","name":"Parker Run, upper end","type":"subordinate","region":"NJ","tz":"America/New_York","ref":"8531680"}},{"type":"Feature","id":"9443090","geometry":{"type":"Point","coordinates":[-124.601589,48.370722]},"properties":{"id":"9443090","name":"NEAH BAY","type":"reference","region":"WA","tz":"America/Los_Angeles","gt_m":2.425}},{"type":"Feature","id":"8726639","geometry":{"type":"Point","coordinates":[-82.48,27.89]},"properties":{"id":"8726639","name":"Ballast Point","type":"reference","region":"FL","tz":"America/New_York","gt_m":0.831}},{"type":"Feature","id":"8667591","geometry":{"type":"Point","coordinates":[-80.8633,32.505]},"properties":{"id":"8667591","name":"Pilot Island, West Branch Boyds Creek","type":"subordinate","region":"SC","tz":"America/New_York","ref":"8670870"}},{"type":"Feature","id":"9410152","geometry":{"type":"Point","coordinates":[-117.118,32.665]},"properties":{"id":"9410152","name":"National City, San Diego Bay","type":"subordinate","region":"CA","tz":"America/Los_Angeles","ref":"9410170"}},{"type":"Feature","id":"9459181","geometry":{"type":"Point","coordinates":[-159.491257,55.900112]},"properties":{"id":"9459181","name":"Ivanof Bay","type":"reference","region":"AK","tz":"America/Anchorage","gt_m":2.322}},{"type":"Feature","id":"8723355","geometry":{"type":"Point","coordinates":[-80.175,25.5233]},"properties":{"id":"8723355","name":"Boca Chita Key, Biscayne Bay","type":"reference","region":"FL","tz":"America/New_York","gt_m":0.511}},{"type":"Feature","id":"8517137","geometry":{"type":"Point","coordinates":[-73.82,40.5883]},"properties":{"id":"8517137","name":"Beach Channel (bridge)","type":"reference","region":"NY","tz":"America/New_York","gt_m":1.832}},{"type":"Feature","id":"9410068","geometry":{"type":"Point","coordinates":[-119.497,33.2667]},"properties":{"id":"9410068","name":"San Nicolas Island","type":"subordinate","region":"CA","tz":"America/Los_Angeles","ref":"9410660"}},{"type":"Feature","id":"8724963","geometry":{"type":"Point","coordinates":[-81.5583,25.895]},"properties":{"id":"8724963","name":"Pumpkin Bay","type":"reference","region":"FL","tz":"America/New_York","gt_m":1.149}},{"type":"Feature","id":"9410079","geometry":{"type":"Point","coordinates":[-118.324997,33.345001]},"properties":{"id":"9410079","name":"Avalon, Santa Catalina Island","type":"reference","region":"CA","tz":"America/Los_Angeles","gt_m":1.628}},{"type":"Feature","id":"TWC0463","geometry":{"type":"Point","coordinates":[-119.033333,33.483333]},"properties":{"id":"TWC0463","name":"Santa Barbara Island","type":"subordinate","region":"CA","tz":"America/Los_Angeles","ref":"9410660"}},{"type":"Feature","id":"8547333","geometry":{"type":"Point","coordinates":[-74.9383,40.0683]},"properties":{"id":"8547333","name":"Cornwells Heights, Pa.","type":"subordinate","region":"PA","tz":"America/New_York","ref":"8545240"}},{"type":"Feature","id":"9446638","geometry":{"type":"Point","coordinates":[-122.753,47.21]},"properties":{"id":"9446638","name":"Longbranch, Filucy Bay","type":"subordinate","region":"WA","tz":"America/Los_Angeles","ref":"9447130"}},{"type":"Feature","id":"8724863","geometry":{"type":"Point","coordinates":[-81.1333,25.6117]},"properties":{"id":"8724863","name":"Onion Key, Lostmans River","type":"subordinate","region":"FL","tz":"America/New_York","ref":"8725110"}},{"type":"Feature","id":"8721994","geometry":{"type":"Point","coordinates":[-80.4967,27.8733]},"properties":{"id":"8721994","name":"Micco","type":"subordinate","region":"FL","tz":"America/New_York","ref":"8723178"}},{"type":"Feature","id":"8534117","geometry":{"type":"Point","coordinates":[-74.59,39.6117]},"properties":{"id":"8534117","name":"Green Bank","type":"subordinate","region":"NJ","tz":"America/New_York","ref":"8531680"}},{"type":"Feature","id":"9455308","geometry":{"type":"Point","coordinates":[-150.667,59.4083]},"properties":{"id":"9455308","name":"Nuka Passage","type":"subordinate","region":"AK","tz":"America/Anchorage","ref":"9455090"}},{"type":"Feature","id":"9414334","geometry":{"type":"Point","coordinates":[-122.383,37.7583]},"properties":{"id":"9414334","name":"Potrero Point","type":"subordinate","region":"CA","tz":"America/Los_Angeles","ref":"9414290"}},{"type":"Feature","id":"8660266","geometry":{"type":"Point","coordinates":[-78.6067,33.8367]},"properties":{"id":"8660266","name":"Hog Inlet Pier","type":"subordinate","region":"SC","tz":"America/New_York","ref":"8661070"}},{"type":"Feature","id":"9455732","geometry":{"type":"Point","coordinates":[-151.951996,60.5117]},"properties":{"id":"9455732","name":"Kalgin Island (north end),  Cook Inlet","type":"reference","region":"AK","tz":"America/Anchorage","gt_m":5.707}},{"type":"Feature","id":"8530645","geometry":{"type":"Point","coordinates":[-74.0183,40.765]},"properties":{"id":"8530645","name":"Weehawken, Union City, N.J.","type":"subordinate","region":"NJ","tz":"America/New_York","ref":"8518750"}},{"type":"Feature","id":"9461264","geometry":{"type":"Point","coordinates":[-177.2,51.7183]},"properties":{"id":"9461264","name":"Kanaga Bay","type":"subordinate","region":"AK","tz":"America/Adak","ref":"9461380"}},{"type":"Feature","id":"8444601","geometry":{"type":"Point","coordinates":[-70.86,42.27]},"properties":{"id":"8444601","name":"Nantasket Beach, Weir River","type":"subordinate","region":"MA","tz":"America/New_York","ref":"8443970"}},{"type":"Feature","id":"8636128","geometry":{"type":"Point","coordinates":[-76.275,37.8133]},"properties":{"id":"8636128","name":"Fleeton Point","type":"subordinate","region":"VA","tz":"America/New_York","ref":"8638863"}},{"type":"Feature","id":"8534044","geometry":{"type":"Point","coordinates":[-74.2633,39.6133]},"properties":{"id":"8534044","name":"Westecunk Creek entrance","type":"subordinate","region":"NJ","tz":"America/New_York","ref":"8531680"}},{"type":"Feature","id":"9449911","geometry":{"type":"Point","coordinates":[-122.885002,48.571701]},"properties":{"id":"9449911","name":"Upright Head, Lopez Island","type":"reference","region":"WA","tz":"America/Los_Angeles","gt_m":2.389}},{"type":"Feature","id":"8724226","geometry":{"type":"Point","coordinates":[-81.3867,24.7283]},"properties":{"id":"8724226","name":"Big Pine Key, northeast shore","type":"subordinate","region":"FL","tz":"America/New_York","ref":"8724580"}},{"type":"Feature","id":"8444775","geometry":{"type":"Point","coordinates":[-70.885,42.2467]},"properties":{"id":"8444775","name":"Hingham","type":"subordinate","region":"MA","tz":"America/New_York","ref":"8443970"}},{"type":"Feature","id":"9455869","geometry":{"type":"Point","coordinates":[-151.163,61.043306]},"properties":{"id":"9455869","name":"North Foreland","type":"reference","region":"AK","tz":"America/Anchorage","gt_m":6.387}},{"type":"Feature","id":"8665387","geometry":{"type":"Point","coordinates":[-79.7917,32.7867]},"properties":{"id":"8665387","name":"Hamlin Creek, Isle of Palms","type":"subordinate","region":"SC","tz":"America/New_York","ref":"8665530"}},{"type":"Feature","id":"8666101","geometry":{"type":"Point","coordinates":[-80.1567,32.7067]},"properties":{"id":"8666101","name":"Johns Island, Church Creek","type":"subordinate","region":"SC","tz":"America/New_York","ref":"8665530"}},{"type":"Feature","id":"9439201","geometry":{"type":"Point","coordinates":[-122.796997,45.865002]},"properties":{"id":"9439201","name":"Saint Helens","type":"reference","region":"OR","tz":"America/Los_Angeles","gt_m":0.979}},{"type":"Feature","id":"8737048","geometry":{"type":"Point","coordinates":[-88.039611,30.704611]},"properties":{"id":"8737048","name":"MOBILE, Mobile River (State Dock)","type":"reference","region":"AL","tz":"America/Chicago","gt_m":0.501}},{"type":"Feature","id":"8655151","geometry":{"type":"Point","coordinates":[-76.314301,35.018902]},"properties":{"id":"8655151","name":"Cedar Island","type":"reference","region":"NC","tz":"America/New_York","gt_m":0.119}},{"type":"Feature","id":"TEC3427","geometry":{"type":"Point","coordinates":[-81.15,31.816667]},"properties":{"id":"TEC3427","name":"Cane Patch Creek entrance","type":"subordinate","region":"GA","tz":"America/New_York","ref":"8670870"}},{"type":"Feature","id":"9446628","geometry":{"type":"Point","coordinates":[-123.083,47.215]},"properties":{"id":"9446628","name":"Shelton, Oakland Bay","type":"subordinate","region":"WA","tz":"America/Los_Angeles","ref":"9447130"}},{"type":"Feature","id":"8726454","geometry":{"type":"Point","coordinates":[-82.64,27.7017]},"properties":{"id":"8726454","name":"Point Pinellas","type":"subordinate","region":"FL","tz":"America/New_York","ref":"8726520"}},{"type":"Feature","id":"8519200","geometry":{"type":"Point","coordinates":[-74.18,40.645]},"properties":{"id":"8519200","name":"Port Ivory, Howland Hook, N.Y.","type":"subordinate","region":"NY","tz":"America/New_York","ref":"8531680"}},{"type":"Feature","id":"8727122","geometry":{"type":"Point","coordinates":[-82.6617,28.4867]},"properties":{"id":"8727122","name":"Hernando Beach, Rocky Creek, Little Pine I. Bay","type":"subordinate","region":"FL","tz":"America/New_York","ref":"8727520"}},{"type":"Feature","id":"TWC1983","geometry":{"type":"Point","coordinates":[-151.283333,60.55]},"properties":{"id":"TWC1983","name":"Kenai River entrance","type":"subordinate","region":"AK","tz":"America/Anchorage","ref":"9455500"}},{"type":"Feature","id":"8726282","geometry":{"type":"Point","coordinates":[-82.73,27.5333]},"properties":{"id":"8726282","name":"Anna Maria Key, city pier","type":"subordinate","region":"FL","tz":"America/New_York","ref":"8726520"}},{"type":"Feature","id":"8771972","geometry":{"type":"Point","coordinates":[-95.113297,29.094999]},"properties":{"id":"8771972","name":"San Luis Pass","type":"reference","region":"TX","tz":"America/Chicago","gt_m":0.356}},{"type":"Feature","id":"8515228","geometry":{"type":"Point","coordinates":[-73.2933,40.6333]},"properties":{"id":"8515228","name":"Democrat Point, Fire Island Inlet","type":"subordinate","region":"NY","tz":"America/New_York","ref":"8531680"}},{"type":"Feature","id":"8417801","geometry":{"type":"Point","coordinates":[-70.1033,43.82]},"properties":{"id":"8417801","name":"South Freeport","type":"subordinate","region":"ME","tz":"America/New_York","ref":"8418150"}},{"type":"Feature","id":"8536931","geometry":{"type":"Point","coordinates":[-75.175,39.2383]},"properties":{"id":"8536931","name":"Fortescue Creek","type":"reference","region":"NJ","tz":"America/New_York","gt_m":1.96}},{"type":"Feature","id":"8761678","geometry":{"type":"Point","coordinates":[-89.9367,30.0067]},"properties":{"id":"8761678","name":"Michoud Substation, ICWW","type":"subordinate","region":"LA","tz":"America/Chicago","ref":"8760551"}},{"type":"Feature","id":"8531526","geometry":{"type":"Point","coordinates":[-74.2183,40.4333]},"properties":{"id":"8531526","name":"Matawan Creek, Route 35 bridge","type":"subordinate","region":"NJ","tz":"America/New_York","ref":"8531680"}},{"type":"Feature","id":"8533071","geometry":{"type":"Point","coordinates":[-74.035,39.9433]},"properties":{"id":"8533071","name":"Seaside Heights, ocean","type":"subordinate","region":"NJ","tz":"America/New_York","ref":"8531680"}},{"type":"Feature","id":"9465438","geometry":{"type":"Point","coordinates":[-161.584396,59.114399]},"properties":{"id":"9465438","name":"Goodnews Bay, ANVSA","type":"reference","region":"AK","tz":"America/Anchorage","gt_m":2.959}},{"type":"Feature","id":"8728958","geometry":{"type":"Point","coordinates":[-85.389999,29.873301]},"properties":{"id":"8728958","name":"St. Joseph Point, St. Joseph Bay","type":"reference","region":"FL","tz":"America/New_York","gt_m":0.474}},{"type":"Feature","id":"8726738","geometry":{"type":"Point","coordinates":[-82.685,27.9883]},"properties":{"id":"8726738","name":"Safety Harbor, Old Tampa Bay","type":"reference","region":"FL","tz":"America/New_York","gt_m":0.85}},{"type":"Feature","id":"9455437","geometry":{"type":"Point","coordinates":[-151.826667,59.35]},"properties":{"id":"9455437","name":"Port Graham","type":"subordinate","region":"AK","tz":"America/Anchorage","ref":"9455500"}},{"type":"Feature","id":"8447295","geometry":{"type":"Point","coordinates":[-70.6233,41.735]},"properties":{"id":"8447295","name":"Gray Gables","type":"reference","region":"MA","tz":"America/New_York","gt_m":1.25}},{"type":"Feature","id":"9440083","geometry":{"type":"Point","coordinates":[-122.695772,45.631172]},"properties":{"id":"9440083","name":"Vancouver","type":"reference","region":"OR","tz":"America/Los_Angeles","gt_m":0.967}},{"type":"Feature","id":"TWC0777","geometry":{"type":"Point","coordinates":[-123.8,39.3]},"properties":{"id":"TWC0777","name":"Mendocino, Mendocino Bay","type":"subordinate","region":"CA","tz":"America/Los_Angeles","ref":"9416841"}},{"type":"Feature","id":"TWC0771","geometry":{"type":"Point","coordinates":[-123.733333,38.95]},"properties":{"id":"TWC0771","name":"Point Arena","type":"subordinate","region":"CA","tz":"America/Los_Angeles","ref":"9416841"}},{"type":"Feature","id":"8639428","geometry":{"type":"Point","coordinates":[-75.92,36.6917]},"properties":{"id":"8639428","name":"Sandbridge","type":"subordinate","region":"VA","tz":"America/New_York","ref":"8651370"}},{"type":"Feature","id":"8775083","geometry":{"type":"Point","coordinates":[-97.1353,27.9081]},"properties":{"id":"8775083","name":"Conn Brown Harbor, Aransas Pass","type":"reference","region":"TX","tz":"America/Chicago","gt_m":0.166}},{"type":"Feature","id":"8463155","geometry":{"type":"Point","coordinates":[-72.4283,41.42]},"properties":{"id":"8463155","name":"Hadlyme","type":"subordinate","region":"CT","tz":"America/New_York","ref":"8461490"}},{"type":"Feature","id":"8668255","geometry":{"type":"Point","coordinates":[-80.605,32.3717]},"properties":{"id":"8668255","name":"Capers Creek, Cowen Creek, St. Helena Island","type":"subordinate","region":"SC","tz":"America/New_York","ref":"8670870"}},{"type":"Feature","id":"8427031","geometry":{"type":"Point","coordinates":[-70.615,42.9783]},"properties":{"id":"8427031","name":"Gosport Harbor, Isles of Shoals","type":"subordinate","region":"NH","tz":"America/New_York","ref":"8418150"}},{"type":"Feature","id":"8679945","geometry":{"type":"Point","coordinates":[-81.4767,30.7267]},"properties":{"id":"8679945","name":"Beach Creek ent., Cumberland Island","type":"subordinate","region":"FL","tz":"America/New_York","ref":"8720030"}},{"type":"Feature","id":"8535419","geometry":{"type":"Point","coordinates":[-74.7383,39.11]},"properties":{"id":"8535419","name":"Ingram Thorofare","type":"subordinate","region":"NJ","tz":"America/New_York","ref":"8534720"}},{"type":"Feature","id":"8725858","geometry":{"type":"Point","coordinates":[-82.4533,27.0717]},"properties":{"id":"8725858","name":"Venice Municipal Airport","type":"reference","region":"FL","tz":"America/New_York","gt_m":0.671}},{"type":"Feature","id":"8745101","geometry":{"type":"Point","coordinates":[-89.0267,30.4067]},"properties":{"id":"8745101","name":"Handsboro Bridge, Bernard Bayou","type":"reference","region":"MS","tz":"America/Chicago","gt_m":0.603}},{"type":"Feature","id":"TWC0473","geometry":{"type":"Point","coordinates":[-120.65,34.583333]},"properties":{"id":"TWC0473","name":"Point Arguello","type":"subordinate","region":"CA","tz":"America/Los_Angeles","ref":"9412110"}},{"type":"Feature","id":"8729905","geometry":{"type":"Point","coordinates":[-87.3567,30.4183]},"properties":{"id":"8729905","name":"Millview, Perdido Bay","type":"reference","region":"FL","tz":"America/Chicago","gt_m":0.252}},{"type":"Feature","id":"9415236","geometry":{"type":"Point","coordinates":[-121.7,38.1067]},"properties":{"id":"9415236","name":"Threemile Slough","type":"subordinate","region":"CA","tz":"America/Los_Angeles","ref":"9415144"}},{"type":"Feature","id":"9412110","geometry":{"type":"Point","coordinates":[-120.754167,35.168889]},"properties":{"id":"9412110","name":"PORT SAN LUIS","type":"reference","region":"CA","tz":"America/Los_Angeles","gt_m":1.623}},{"type":"Feature","id":"9452328","geometry":{"type":"Point","coordinates":[-134.935,57.9667]},"properties":{"id":"9452328","name":"False Bay, Chatham Strait","type":"reference","region":"AK","tz":"America/Juneau","gt_m":4.597}},{"type":"Feature","id":"8722366","geometry":{"type":"Point","coordinates":[-80.1583,27.1833]},"properties":{"id":"8722366","name":"Seminole Shores","type":"subordinate","region":"FL","tz":"America/New_York","ref":"8723178"}},{"type":"Feature","id":"8729840","geometry":{"type":"Point","coordinates":[-87.211197,30.4044]},"properties":{"id":"8729840","name":"PENSACOLA","type":"reference","region":"FL","tz":"America/Chicago","gt_m":0.383}},{"type":"Feature","id":"8720218","geometry":{"type":"Point","coordinates":[-81.427889,30.398167]},"properties":{"id":"8720218","name":"MAYPORT (BAR PILOT DOCK)","type":"reference","region":"FL","tz":"America/New_York","gt_m":1.511}},{"type":"Feature","id":"8720084","geometry":{"type":"Point","coordinates":[-81.6633,30.5883]},"properties":{"id":"8720084","name":"Boggy Creek, 2 mi. above entrance","type":"subordinate","region":"FL","tz":"America/New_York","ref":"8720030"}},{"type":"Feature","id":"9462444","geometry":{"type":"Point","coordinates":[-168.033,53.93]},"properties":{"id":"9462444","name":"Bogoslof Island","type":"subordinate","region":"AK","tz":"America/Nome","ref":"9462620"}},{"type":"Feature","id":"9462691","geometry":{"type":"Point","coordinates":[-165.808,54.1283]},"properties":{"id":"9462691","name":"Akutan Harbor, Akutan Island","type":"subordinate","region":"AK","tz":"America/Nome","ref":"9462620"}},{"type":"Feature","id":"9414782","geometry":{"type":"Point","coordinates":[-122.36,37.81]},"properties":{"id":"9414782","name":"Yerba Buena Island","type":"subordinate","region":"CA","tz":"America/Los_Angeles","ref":"9414290"}},{"type":"Feature","id":"TPT2797","geometry":{"type":"Point","coordinates":[-156.466667,20.783333]},"properties":{"id":"TPT2797","name":"Kihei, Maalaea Bay","type":"subordinate","region":"HI","tz":"Pacific/Honolulu","ref":"1615680"}},{"type":"Feature","id":"9447854","geometry":{"type":"Point","coordinates":[-122.607,48.0333]},"properties":{"id":"9447854","name":"Bush Point, Whidbey Island","type":"subordinate","region":"WA","tz":"America/Los_Angeles","ref":"9444900"}},{"type":"Feature","id":"8537101","geometry":{"type":"Point","coordinates":[-75.2467,39.2983]},"properties":{"id":"8537101","name":"Cedar Creek entrance, Nantuxent Cove","type":"subordinate","region":"NJ","tz":"America/New_York","ref":"8551910"}},{"type":"Feature","id":"8667201","geometry":{"type":"Point","coordinates":[-80.4933,32.5783]},"properties":{"id":"8667201","name":"Bluff Islands","type":"subordinate","region":"SC","tz":"America/New_York","ref":"8670870"}},{"type":"Feature","id":"8418557","geometry":{"type":"Point","coordinates":[-70.3667,43.5167]},"properties":{"id":"8418557","name":"Old Orchard Beach","type":"subordinate","region":"ME","tz":"America/New_York","ref":"8418150"}},{"type":"Feature","id":"8724224","geometry":{"type":"Point","coordinates":[-81.3867,24.665]},"properties":{"id":"8724224","name":"Little Torch Key, Pine Channel Bridge, south side","type":"subordinate","region":"FL","tz":"America/New_York","ref":"8724580"}},{"type":"Feature","id":"8724436","geometry":{"type":"Point","coordinates":[-81.6383,24.5883]},"properties":{"id":"8724436","name":"Bird Key, Similar Sound","type":"subordinate","region":"FL","tz":"America/New_York","ref":"8724580"}},{"type":"Feature","id":"8447259","geometry":{"type":"Point","coordinates":[-70.5933,41.745]},"properties":{"id":"8447259","name":"Cape Cod Canal, Bourne Bridge","type":"reference","region":"MA","tz":"America/New_York","gt_m":1.512}},{"type":"Feature","id":"8665775","geometry":{"type":"Point","coordinates":[-79.9483,32.745]},"properties":{"id":"8665775","name":"James Island Creek, 1 mi. above ent.","type":"subordinate","region":"SC","tz":"America/New_York","ref":"8665530"}},{"type":"Feature","id":"9452749","geometry":{"type":"Point","coordinates":[-136.877583,58.964778]},"properties":{"id":"9452749","name":"Tarr Inlet, Glacier Bay","type":"reference","region":"AK","tz":"America/Juneau","gt_m":5.108}},{"type":"Feature","id":"8656225","geometry":{"type":"Point","coordinates":[-76.6083,34.7917]},"properties":{"id":"8656225","name":"North River Bridge","type":"subordinate","region":"NC","tz":"America/New_York","ref":"8654400"}},{"type":"Feature","id":"8416381","geometry":{"type":"Point","coordinates":[-69.4417,43.9667]},"properties":{"id":"8416381","name":"Muscongus Harbor, Muscongus Sound","type":"subordinate","region":"ME","tz":"America/New_York","ref":"8418150"}},{"type":"Feature","id":"8667309","geometry":{"type":"Point","coordinates":[-80.4183,32.56]},"properties":{"id":"8667309","name":"Fenwick Island","type":"subordinate","region":"SC","tz":"America/New_York","ref":"8670870"}},{"type":"Feature","id":"8534002","geometry":{"type":"Point","coordinates":[-74.6417,39.625]},"properties":{"id":"8534002","name":"Sweetwater, Mullica River Marina","type":"subordinate","region":"NJ","tz":"America/New_York","ref":"8531680"}},{"type":"Feature","id":"8668155","geometry":{"type":"Point","coordinates":[-80.6533,32.4017]},"properties":{"id":"8668155","name":"Distant Island Creek, upper end, Cowen Creek","type":"subordinate","region":"SC","tz":"America/New_York","ref":"8670870"}},{"type":"Feature","id":"9455558","geometry":{"type":"Point","coordinates":[-151.410599,59.601398]},"properties":{"id":"9455558","name":"Homer, Coal Point, Kachemak Bay","type":"reference","region":"AK","tz":"America/Anchorage","gt_m":5.618}},{"type":"Feature","id":"8468799","geometry":{"type":"Point","coordinates":[-73.48,41.0383]},"properties":{"id":"8468799","name":"Long Neck Point","type":"reference","region":"CT","tz":"America/New_York","gt_m":2.362}},{"type":"Feature","id":"8724891","geometry":{"type":"Point","coordinates":[-81.285,25.69]},"properties":{"id":"8724891","name":"Chatham River entrance","type":"subordinate","region":"FL","tz":"America/New_York","ref":"8725110"}},{"type":"Feature","id":"8532835","geometry":{"type":"Point","coordinates":[-74.1133,40.0133]},"properties":{"id":"8532835","name":"Kettle Creek, Green Island","type":"subordinate","region":"NJ","tz":"America/New_York","ref":"8531680"}},{"type":"Feature","id":"9455159","geometry":{"type":"Point","coordinates":[-149.787,59.7133]},"properties":{"id":"9455159","name":"Crater Bay, Harris Bay","type":"reference","region":"AK","tz":"America/Anchorage","gt_m":3.267}},{"type":"Feature","id":"8514422","geometry":{"type":"Point","coordinates":[-73.0433,40.965]},"properties":{"id":"8514422","name":"Cedar Beach","type":"reference","region":"NY","tz":"America/New_York","gt_m":2.132}},{"type":"Feature","id":"8531262","geometry":{"type":"Point","coordinates":[-74.311699,40.508301]},"properties":{"id":"8531262","name":"Keasbey","type":"reference","region":"NJ","tz":"America/New_York","gt_m":1.749}},{"type":"Feature","id":"8720198","geometry":{"type":"Point","coordinates":[-81.51,30.4067]},"properties":{"id":"8720198","name":"Clapboard Creek, Pelotes Island","type":"reference","region":"FL","tz":"America/New_York","gt_m":1.188}},{"type":"Feature","id":"9415498","geometry":{"type":"Point","coordinates":[-122.03,38.2367]},"properties":{"id":"9415498","name":"Suisun City, Suisun Slough","type":"subordinate","region":"CA","tz":"America/Los_Angeles","ref":"9415144"}},{"type":"Feature","id":"9466217","geometry":{"type":"Point","coordinates":[-166.167,60.4167]},"properties":{"id":"9466217","name":"Mekoryuk, Mekoryuk River Ent., Nunivak Island","type":"reference","region":"AK","tz":"America/Nome","gt_m":2.323}},{"type":"Feature","id":"8772471","geometry":{"type":"Point","coordinates":[-95.294197,28.935699]},"properties":{"id":"8772471","name":"Freeport Harbor","type":"reference","region":"TX","tz":"America/Chicago","gt_m":0.509}},{"type":"Feature","id":"9461380","geometry":{"type":"Point","coordinates":[-176.637583,51.860639]},"properties":{"id":"9461380","name":"Sweeper Cove, Kuluk Bay, Adak Island","type":"reference","region":"AK","tz":"America/Adak","gt_m":1.131}},{"type":"Feature","id":"9491253","geometry":{"type":"Point","coordinates":[-164.592,67.7267]},"properties":{"id":"9491253","name":"Kivalina","type":"reference","region":"AK","tz":"America/Nome","gt_m":0.275}},{"type":"Feature","id":"9450753","geometry":{"type":"Point","coordinates":[-132.190883,55.788283]},"properties":{"id":"9450753","name":"Magnetic Point, Union Bay, Earnest Sound","type":"reference","region":"AK","tz":"America/Sitka","gt_m":4.889}},{"type":"Feature","id":"8538824","geometry":{"type":"Point","coordinates":[-74.8233,39.9783]},"properties":{"id":"8538824","name":"Hainesport, South Branch","type":"subordinate","region":"NJ","tz":"America/New_York","ref":"8545240"}},{"type":"Feature","id":"8535221","geometry":{"type":"Point","coordinates":[-74.71,39.1767]},"properties":{"id":"8535221","name":"Ludlam Bay, west side","type":"subordinate","region":"NJ","tz":"America/New_York","ref":"8534720"}},{"type":"Feature","id":"8447291","geometry":{"type":"Point","coordinates":[-69.9817,41.7367]},"properties":{"id":"8447291","name":"Pleasant Bay","type":"subordinate","region":"MA","tz":"America/New_York","ref":"8443970"}},{"type":"Feature","id":"8722862","geometry":{"type":"Point","coordinates":[-80.08,26.2567]},"properties":{"id":"8722862","name":"Hillsboro Inlet (ocean)","type":"subordinate","region":"FL","tz":"America/New_York","ref":"8723178"}},{"type":"Feature","id":"9454563","geometry":{"type":"Point","coordinates":[-147.388,60.6833]},"properties":{"id":"9454563","name":"Naked Island, McPherson Passage","type":"subordinate","region":"AK","tz":"America/Anchorage","ref":"9454050"}},{"type":"Feature","id":"8447975","geometry":{"type":"Point","coordinates":[-71.0933,41.5083]},"properties":{"id":"8447975","name":"Westport Harbor","type":"subordinate","region":"MA","tz":"America/New_York","ref":"8452660"}},{"type":"Feature","id":"8636623","geometry":{"type":"Point","coordinates":[-76.2367,37.5967]},"properties":{"id":"8636623","name":"Windmill Point Light","type":"subordinate","region":"VA","tz":"America/New_York","ref":"8638863"}},{"type":"Feature","id":"TPT2687","geometry":{"type":"Point","coordinates":[165.55,11.6]},"properties":{"id":"TPT2687","name":"Bikini Atoll","type":"subordinate","region":null,"tz":"Pacific/Majuro","ref":"1820000"}},{"type":"Feature","id":"8723251","geometry":{"type":"Point","coordinates":[-80.16,25.6517]},"properties":{"id":"8723251","name":"Coral Shoal, Biscayne Channel","type":"subordinate","region":"FL","tz":"America/New_York","ref":"8723178"}},{"type":"Feature","id":"9414818","geometry":{"type":"Point","coordinates":[-122.42,37.8633]},"properties":{"id":"9414818","name":"Angel Island, East Garrison","type":"subordinate","region":"CA","tz":"America/Los_Angeles","ref":"9414290"}},{"type":"Feature","id":"TWC0883","geometry":{"type":"Point","coordinates":[-123.916667,46.166667]},"properties":{"id":"TWC0883","name":"Warrenton, Skipanon River, Oreg.","type":"subordinate","region":"OR","tz":"America/Los_Angeles","ref":"9439040"}},{"type":"Feature","id":"9454764","geometry":{"type":"Point","coordinates":[-148.065,60.0517]},"properties":{"id":"9454764","name":"Sawmill Bay, Evans Island","type":"subordinate","region":"AK","tz":"America/Anchorage","ref":"9454050"}},{"type":"Feature","id":"8723622","geometry":{"type":"Point","coordinates":[-80.3667,25.1717]},"properties":{"id":"8723622","name":"Garden Cove, Key Largo","type":"subordinate","region":"FL","tz":"America/New_York","ref":"8723178"}},{"type":"Feature","id":"8418001","geometry":{"type":"Point","coordinates":[-70.2,43.655]},"properties":{"id":"8418001","name":"Peak Island","type":"subordinate","region":"ME","tz":"America/New_York","ref":"8418150"}},{"type":"Feature","id":"8722512","geometry":{"type":"Point","coordinates":[-80.08,26.9117]},"properties":{"id":"8722512","name":"Lake Worth Creek, Day Beacon 19, ICWW","type":"subordinate","region":"FL","tz":"America/New_York","ref":"8723178"}},{"type":"Feature","id":"8720023","geometry":{"type":"Point","coordinates":[-81.5333,30.6833]},"properties":{"id":"8720023","name":"Chester, Bells River","type":"reference","region":"GA","tz":"America/New_York","gt_m":2.08}},{"type":"Feature","id":"9444555","geometry":{"type":"Point","coordinates":[-123.043,48.0817]},"properties":{"id":"9444555","name":"Sequim Bay entrance","type":"subordinate","region":"WA","tz":"America/Los_Angeles","ref":"9444900"}},{"type":"Feature","id":"8669369","geometry":{"type":"Point","coordinates":[-80.8917,32.175]},"properties":{"id":"8669369","name":"Moreland Cemetery","type":"subordinate","region":"SC","tz":"America/New_York","ref":"8670870"}},{"type":"Feature","id":"8761993","geometry":{"type":"Point","coordinates":[-90.16,30.3783]},"properties":{"id":"8761993","name":"Tchefuncta River, Lake Pontchartrain","type":"subordinate","region":"LA","tz":"America/Chicago","ref":"8760551"}},{"type":"Feature","id":"9453208","geometry":{"type":"Point","coordinates":[-139.58,59.6117]},"properties":{"id":"9453208","name":"Redfield Cove, Yakutat Bay","type":"subordinate","region":"AK","tz":"America/Yakutat","ref":"9453220"}},{"type":"Feature","id":"TWC2317","geometry":{"type":"Point","coordinates":[173.166702,52.916698]},"properties":{"id":"TWC2317","name":"Holtz Bay","type":"subordinate","region":null,"tz":"America/Adak","ref":"9460150"}},{"type":"Feature","id":"9413663","geometry":{"type":"Point","coordinates":[-121.755,36.85667]},"properties":{"id":"9413663","name":"Elkhorn Slough railroad bridge","type":"reference","region":"CA","tz":"America/Los_Angeles","gt_m":1.681}},{"type":"Feature","id":"8571072","geometry":{"type":"Point","coordinates":[-75.82169,37.96169]},"properties":{"id":"8571072","name":"Ape Hole Creek, Pocomoke Sound","type":"subordinate","region":"MD","tz":"America/New_York","ref":"8638863"}},{"type":"Feature","id":"8538921","geometry":{"type":"Point","coordinates":[-74.9317,40.0283]},"properties":{"id":"8538921","name":"Bridgeboro","type":"subordinate","region":"NJ","tz":"America/New_York","ref":"8545240"}},{"type":"Feature","id":"8772391","geometry":{"type":"Point","coordinates":[-95.367401,28.9611]},"properties":{"id":"8772391","name":"Old Brazos River, Freeport","type":"reference","region":"TX","tz":"America/Chicago","gt_m":0.573}},{"type":"Feature","id":"8724529","geometry":{"type":"Point","coordinates":[-81.7517,24.565]},"properties":{"id":"8724529","name":"Riveria Canal, Key West","type":"subordinate","region":"FL","tz":"America/New_York","ref":"8724580"}},{"type":"Feature","id":"8720219","geometry":{"type":"Point","coordinates":[-81.558296,30.3867]},"properties":{"id":"8720219","name":"Dame Point","type":"reference","region":"FL","tz":"America/New_York","gt_m":1.114}},{"type":"Feature","id":"8535805","geometry":{"type":"Point","coordinates":[-74.8633,38.98]},"properties":{"id":"8535805","name":"Swain Channel, Taylor Sound","type":"subordinate","region":"NJ","tz":"America/New_York","ref":"8534720"}},{"type":"Feature","id":"9413617","geometry":{"type":"Point","coordinates":[-121.787,36.8017]},"properties":{"id":"9413617","name":"General Fish Company Pier","type":"subordinate","region":"CA","tz":"America/Los_Angeles","ref":"9413450"}},{"type":"Feature","id":"9448683","geometry":{"type":"Point","coordinates":[-122.695,48.46]},"properties":{"id":"9448683","name":"Burrows Bay (Allan Island)","type":"subordinate","region":"WA","tz":"America/Los_Angeles","ref":"9444900"}},{"type":"Feature","id":"8771801","geometry":{"type":"Point","coordinates":[-95.125,29.1667]},"properties":{"id":"8771801","name":"Alligator Point, West Bay","type":"subordinate","region":"TX","tz":"America/Chicago","ref":"8771450"}},{"type":"Feature","id":"8534468","geometry":{"type":"Point","coordinates":[-74.7283,39.4483]},"properties":{"id":"8534468","name":"Mays Landing, Great Egg Harbor River","type":"reference","region":"NJ","tz":"America/New_York","gt_m":1.379}},{"type":"Feature","id":"9450679","geometry":{"type":"Point","coordinates":[-133.587,55.6833]},"properties":{"id":"9450679","name":"Anguilla Island","type":"subordinate","region":"AK","tz":"America/Sitka","ref":"9451600"}},{"type":"Feature","id":"8667178","geometry":{"type":"Point","coordinates":[-80.2283,32.585]},"properties":{"id":"8667178","name":"Point of Pines","type":"subordinate","region":"SC","tz":"America/New_York","ref":"8665530"}},{"type":"Feature","id":"9432864","geometry":{"type":"Point","coordinates":[-124.28,43.3917]},"properties":{"id":"9432864","name":"Empire","type":"subordinate","region":"OR","tz":"America/Los_Angeles","ref":"9432780"}},{"type":"Feature","id":"8462925","geometry":{"type":"Point","coordinates":[-72.385,41.3483]},"properties":{"id":"8462925","name":"Essex","type":"subordinate","region":"CT","tz":"America/New_York","ref":"8461490"}},{"type":"Feature","id":"8637444","geometry":{"type":"Point","coordinates":[-76.4,37.3]},"properties":{"id":"8637444","name":"Browns Bay","type":"subordinate","region":"VA","tz":"America/New_York","ref":"8638610"}},{"type":"Feature","id":"8447368","geometry":{"type":"Point","coordinates":[-70.714996,41.7117]},"properties":{"id":"8447368","name":"Great Hill","type":"reference","region":"MA","tz":"America/New_York","gt_m":1.345}},{"type":"Feature","id":"8726942","geometry":{"type":"Point","coordinates":[-82.84,28.21]},"properties":{"id":"8726942","name":"North Anclote Key","type":"subordinate","region":"FL","tz":"America/New_York","ref":"8727520"}},{"type":"Feature","id":"8535101","geometry":{"type":"Point","coordinates":[-74.6483,39.215]},"properties":{"id":"8535101","name":"Middle Thorofare, Ocean Drive bridge","type":"subordinate","region":"NJ","tz":"America/New_York","ref":"8534720"}},{"type":"Feature","id":"8557380","geometry":{"type":"Point","coordinates":[-75.119278,38.782833]},"properties":{"id":"8557380","name":"LEWES (BREAKWATER HARBOR)","type":"reference","region":"DE","tz":"America/New_York","gt_m":1.418}},{"type":"Feature","id":"8726217","geometry":{"type":"Point","coordinates":[-82.6867,27.4667]},"properties":{"id":"8726217","name":"Cortez, Sarasota Bay","type":"subordinate","region":"FL","tz":"America/New_York","ref":"8726520"}},{"type":"Feature","id":"9464881","geometry":{"type":"Point","coordinates":[-157.5,58.2383]},"properties":{"id":"9464881","name":"Egegik River Ent, Bristol Bay","type":"subordinate","region":"AK","tz":"America/Anchorage","ref":"9463502"}},{"type":"Feature","id":"9450399","geometry":{"type":"Point","coordinates":[-132.3,55.2517]},"properties":{"id":"9450399","name":"Divide Head, Cholmondeley Sound","type":"subordinate","region":"AK","tz":"America/Sitka","ref":"9450460"}},{"type":"Feature","id":"1612482","geometry":{"type":"Point","coordinates":[-158.192,21.445]},"properties":{"id":"1612482","name":"Waianae","type":"subordinate","region":"HI","tz":"Pacific/Honolulu","ref":"1612340"}},{"type":"Feature","id":"8671946","geometry":{"type":"Point","coordinates":[-81.061699,31.8897]},"properties":{"id":"8671946","name":"Little Wassaw Island, Green Island Sound","type":"reference","region":"GA","tz":"America/New_York","gt_m":2.294}},{"type":"Feature","id":"8636046","geometry":{"type":"Point","coordinates":[-76.3683,37.8467]},"properties":{"id":"8636046","name":"Glebe Point, Great Wicomico River","type":"subordinate","region":"VA","tz":"America/New_York","ref":"8638863"}},{"type":"Feature","id":"8720189","geometry":{"type":"Point","coordinates":[-81.6417,30.4367]},"properties":{"id":"8720189","name":"Cedar Heights, Broward River","type":"reference","region":"FL","tz":"America/New_York","gt_m":0.98}},{"type":"Feature","id":"8661419","geometry":{"type":"Point","coordinates":[-79.0033,33.5783]},"properties":{"id":"8661419","name":"Garden City Bridge, Main Creek","type":"reference","region":"SC","tz":"America/New_York","gt_m":1.457}},{"type":"Feature","id":"8722208","geometry":{"type":"Point","coordinates":[-80.325,27.4717]},"properties":{"id":"8722208","name":"North Beach Causeway","type":"reference","region":"FL","tz":"America/New_York","gt_m":0.546}},{"type":"Feature","id":"9451717","geometry":{"type":"Point","coordinates":[-134.868,57.2167]},"properties":{"id":"9451717","name":"Kasnyku Bay","type":"subordinate","region":"AK","tz":"America/Sitka","ref":"9452210"}},{"type":"Feature","id":"8658579","geometry":{"type":"Point","coordinates":[-77.9467,34.0233]},"properties":{"id":"8658579","name":"Sunny Point Army Base, Wharf no.3","type":"reference","region":"NC","tz":"America/New_York","gt_m":1.408}},{"type":"Feature","id":"8778485","geometry":{"type":"Point","coordinates":[-97.276497,26.564199]},"properties":{"id":"8778485","name":"Padre Island, Port Mansfield Channel Ent.","type":"reference","region":"TX","tz":"America/Chicago","gt_m":0.438}},{"type":"Feature","id":"9414863","geometry":{"type":"Point","coordinates":[-122.400002,37.928299]},"properties":{"id":"9414863","name":"Chevron Oil Company Pier, Richmond","type":"reference","region":"CA","tz":"America/Los_Angeles","gt_m":1.841}},{"type":"Feature","id":"8410864","geometry":{"type":"Point","coordinates":[-67.151703,44.823299]},"properties":{"id":"8410864","name":"Gravelly Point, Whiting Bay","type":"reference","region":"ME","tz":"America/New_York","gt_m":5.702}},{"type":"Feature","id":"8720220","geometry":{"type":"Point","coordinates":[-81.4317,30.3933]},"properties":{"id":"8720220","name":"Mayport (Ferry Depot)","type":"reference","region":"FL","tz":"America/New_York","gt_m":1.483}},{"type":"Feature","id":"8638514","geometry":{"type":"Point","coordinates":[-76.435,36.9167]},"properties":{"id":"8638514","name":"Pig Point","type":"subordinate","region":"VA","tz":"America/New_York","ref":"8638610"}},{"type":"Feature","id":"8721222","geometry":{"type":"Point","coordinates":[-80.87,28.94]},"properties":{"id":"8721222","name":"Packwood Place, Mosquito Lagoon","type":"reference","region":"FL","tz":"America/New_York","gt_m":0.381}},{"type":"Feature","id":"8638888","geometry":{"type":"Point","coordinates":[-76.09,36.9067]},"properties":{"id":"8638888","name":"Lynnhaven Inlet, Virginia Pilots Dock","type":"subordinate","region":"VA","tz":"America/New_York","ref":"8638863"}},{"type":"Feature","id":"8724328","geometry":{"type":"Point","coordinates":[-81.505,24.7]},"properties":{"id":"8724328","name":"Cudjoe Key, north end, Kemp Channel","type":"subordinate","region":"FL","tz":"America/New_York","ref":"8724580"}},{"type":"Feature","id":"8726247","geometry":{"type":"Point","coordinates":[-82.573303,27.5]},"properties":{"id":"8726247","name":"Bradenton, Manatee River","type":"subordinate","region":"FL","tz":"America/New_York","ref":"8726520"}},{"type":"Feature","id":"8761212","geometry":{"type":"Point","coordinates":[-89.6083,29.25]},"properties":{"id":"8761212","name":"Empire Jetty","type":"subordinate","region":"LA","tz":"America/Chicago","ref":"8761724"}},{"type":"Feature","id":"8412581","geometry":{"type":"Point","coordinates":[-67.875,44.54]},"properties":{"id":"8412581","name":"Millbridge, Narraguagus River, Maine","type":"reference","region":"ME","tz":"America/New_York","gt_m":3.694}},{"type":"Feature","id":"9452672","geometry":{"type":"Point","coordinates":[-136.528,58.0183]},"properties":{"id":"9452672","name":"Surge Bay","type":"subordinate","region":"AK","tz":"America/Juneau","ref":"9452634"}},{"type":"Feature","id":"8672455","geometry":{"type":"Point","coordinates":[-81.05,31.8217]},"properties":{"id":"8672455","name":"Bradley Point, Bradley River","type":"subordinate","region":"GA","tz":"America/New_York","ref":"8670870"}},{"type":"Feature","id":"8545240","geometry":{"type":"Point","coordinates":[-75.141981,39.933056]},"properties":{"id":"8545240","name":"PHILADELPHIA, US Coast Guard Station, Pa.","type":"reference","region":"PA","tz":"America/New_York","gt_m":2.039}},{"type":"Feature","id":"9436101","geometry":{"type":"Point","coordinates":[-124.013,44.9267]},"properties":{"id":"9436101","name":"Taft, Siletz Bay","type":"subordinate","region":"OR","tz":"America/Los_Angeles","ref":"9419750"}},{"type":"Feature","id":"8676766","geometry":{"type":"Point","coordinates":[-81.425,31.21]},"properties":{"id":"8676766","name":"Mackay River (Daymark 239)","type":"subordinate","region":"GA","tz":"America/New_York","ref":"8670870"}},{"type":"Feature","id":"9469146","geometry":{"type":"Point","coordinates":[-165.472107,65.118401]},"properties":{"id":"9469146","name":"Umuruk Basin","type":"reference","region":"AK","tz":"America/Nome","gt_m":0.139}},{"type":"Feature","id":"TPT2803","geometry":{"type":"Point","coordinates":[-156.683333,20.516667]},"properties":{"id":"TPT2803","name":"Smuggler Cove","type":"subordinate","region":"HI","tz":"Pacific/Honolulu","ref":"1612340"}},{"type":"Feature","id":"9451281","geometry":{"type":"Point","coordinates":[-132.542191,56.584694]},"properties":{"id":"9451281","name":"Blaquiere Point","type":"reference","region":"AK","tz":"America/Sitka","gt_m":4.621}},{"type":"Feature","id":"8655133","geometry":{"type":"Point","coordinates":[-76.691803,35.024601]},"properties":{"id":"8655133","name":"Oriental, Neuse River","type":"reference","region":"NC","tz":"America/New_York","gt_m":0.214}},{"type":"Feature","id":"8724417","geometry":{"type":"Point","coordinates":[-81.6167,24.615]},"properties":{"id":"8724417","name":"Saddlebunch Keys, Channel No. 4","type":"subordinate","region":"FL","tz":"America/New_York","ref":"8724580"}},{"type":"Feature","id":"8630901","geometry":{"type":"Point","coordinates":[-75.595,37.6717]},"properties":{"id":"8630901","name":"Metompkin Inlet","type":"subordinate","region":"VA","tz":"America/New_York","ref":"8570280"}},{"type":"Feature","id":"9454574","geometry":{"type":"Point","coordinates":[-147.45,59.9067]},"properties":{"id":"9454574","name":"Patton Bay","type":"subordinate","region":"AK","tz":"America/Anchorage","ref":"9454050"}},{"type":"Feature","id":"8724580","geometry":{"type":"Point","coordinates":[-81.807899,24.5557]},"properties":{"id":"8724580","name":"KEY WEST","type":"reference","region":"FL","tz":"America/New_York","gt_m":0.551}},{"type":"Feature","id":"9454735","geometry":{"type":"Point","coordinates":[-147.978,60.4483]},"properties":{"id":"9454735","name":"Eshamy Bay, Knight Island Passage","type":"subordinate","region":"AK","tz":"America/Anchorage","ref":"9454050"}},{"type":"Feature","id":"9450139","geometry":{"type":"Point","coordinates":[-132.322,54.8717]},"properties":{"id":"9450139","name":"Hunter Bay","type":"subordinate","region":"AK","tz":"America/Sitka","ref":"9451600"}},{"type":"Feature","id":"8533141","geometry":{"type":"Point","coordinates":[-74.11,39.9183]},"properties":{"id":"8533141","name":"Barnegat Pier","type":"subordinate","region":"NJ","tz":"America/New_York","ref":"8531680"}},{"type":"Feature","id":"8726436","geometry":{"type":"Point","coordinates":[-82.4483,27.705]},"properties":{"id":"8726436","name":"Little Manatee River, US 41 Bridge","type":"reference","region":"FL","tz":"America/New_York","gt_m":0.606}},{"type":"Feature","id":"8729742","geometry":{"type":"Point","coordinates":[-87.005,30.5717]},"properties":{"id":"8729742","name":"Bay Point, Blackwater River","type":"subordinate","region":"FL","tz":"America/Chicago","ref":"8729840"}},{"type":"Feature","id":"8466791","geometry":{"type":"Point","coordinates":[-73.1133,41.1867]},"properties":{"id":"8466791","name":"Sniffens Point","type":"subordinate","region":"CT","tz":"America/New_York","ref":"8467150"}},{"type":"Feature","id":"8722329","geometry":{"type":"Point","coordinates":[-80.2183,27.251699]},"properties":{"id":"8722329","name":"Jensen Beach Causeway Park","type":"reference","region":"FL","tz":"America/New_York","gt_m":0.486}},{"type":"Feature","id":"9445059","geometry":{"type":"Point","coordinates":[-122.58,47.8583]},"properties":{"id":"9445059","name":"Port Gamble","type":"subordinate","region":"WA","tz":"America/Los_Angeles","ref":"9447130"}},{"type":"Feature","id":"8773808","geometry":{"type":"Point","coordinates":[-96.480797,28.403]},"properties":{"id":"8773808","name":"Barroom Bay","type":"reference","region":"TX","tz":"America/Chicago","gt_m":0.125}},{"type":"Feature","id":"8573777","geometry":{"type":"Point","coordinates":[-75.728333,37.921667]},"properties":{"id":"8573777","name":"Saxis, Starling Creek, Pocomoke Sound","type":"subordinate","region":"MD","tz":"America/New_York","ref":"8638863"}},{"type":"Feature","id":"9494212","geometry":{"type":"Point","coordinates":[-160.065094,70.643799]},"properties":{"id":"9494212","name":"Wainwright, Chukchi Sea","type":"reference","region":"AK","tz":"America/Anchorage","gt_m":0.141}},{"type":"Feature","id":"8720148","geometry":{"type":"Point","coordinates":[-81.495,30.5017]},"properties":{"id":"8720148","name":"Tiger Point, Pumpkin Hill Creek","type":"subordinate","region":"FL","tz":"America/New_York","ref":"8720030"}},{"type":"Feature","id":"9415565","geometry":{"type":"Point","coordinates":[-121.495,38.2767]},"properties":{"id":"9415565","name":"Snodgrass Slough","type":"subordinate","region":"CA","tz":"America/Los_Angeles","ref":"9415144"}},{"type":"Feature","id":"8638660","geometry":{"type":"Point","coordinates":[-76.2933,36.8217]},"properties":{"id":"8638660","name":"Portsmouth, Naval Shipyard","type":"reference","region":"VA","tz":"America/New_York","gt_m":0.946}},{"type":"Feature","id":"8664131","geometry":{"type":"Point","coordinates":[-79.9367,32.995]},"properties":{"id":"8664131","name":"Back River Reservoir, West Branch","type":"subordinate","region":"SC","tz":"America/New_York","ref":"8665530"}},{"type":"Feature","id":"9445388","geometry":{"type":"Point","coordinates":[-123.052,47.5083]},"properties":{"id":"9445388","name":"Ayock Point","type":"subordinate","region":"WA","tz":"America/Los_Angeles","ref":"9447130"}},{"type":"Feature","id":"1616696","geometry":{"type":"Point","coordinates":[-156.607,20.595]},"properties":{"id":"1616696","name":"Kuheia Bay","type":"subordinate","region":"HI","tz":"Pacific/Honolulu","ref":"1612340"}},{"type":"Feature","id":"TEC3787","geometry":{"type":"Point","coordinates":[-80.101667,26.95]},"properties":{"id":"TEC3787","name":"Tequesta","type":"subordinate","region":"FL","tz":"America/New_York","ref":"8723178"}},{"type":"Feature","id":"9440597","geometry":{"type":"Point","coordinates":[-124.04,46.3033]},"properties":{"id":"9440597","name":"Ilwaco, Baker Bay, Wash.","type":"subordinate","region":"WA","tz":"America/Los_Angeles","ref":"9439040"}},{"type":"Feature","id":"8679997","geometry":{"type":"Point","coordinates":[-81.445,30.72]},"properties":{"id":"8679997","name":"St. Marys Entrance, North Jetty","type":"subordinate","region":"FL","tz":"America/New_York","ref":"8720030"}},{"type":"Feature","id":"8573442","geometry":{"type":"Point","coordinates":[-76.1717,39.2967]},"properties":{"id":"8573442","name":"Worton Creek entrance","type":"subordinate","region":"MD","tz":"America/New_York","ref":"8574680"}},{"type":"Feature","id":"8722784","geometry":{"type":"Point","coordinates":[-80.07,26.4033]},"properties":{"id":"8722784","name":"Yamato, ICWW","type":"subordinate","region":"FL","tz":"America/New_York","ref":"8723178"}},{"type":"Feature","id":"8728757","geometry":{"type":"Point","coordinates":[-85.084999,29.77]},"properties":{"id":"8728757","name":"Huckleberry Landing, Jackson River","type":"reference","region":"FL","tz":"America/New_York","gt_m":0.369}},{"type":"Feature","id":"TEC4309","geometry":{"type":"Point","coordinates":[-83.833298,29.9667]},"properties":{"id":"TEC4309","name":"Rock Islands","type":"subordinate","region":"FL","tz":"America/New_York","ref":"8728130"}},{"type":"Feature","id":"9454691","geometry":{"type":"Point","coordinates":[-147.792,60.475]},"properties":{"id":"9454691","name":"Herring Point","type":"reference","region":"AK","tz":"America/Anchorage","gt_m":3.634}},{"type":"Feature","id":"9410988","geometry":{"type":"Point","coordinates":[-120.355,34.0567]},"properties":{"id":"9410988","name":"Cuyler Harbor, San Miguel Island","type":"subordinate","region":"CA","tz":"America/Los_Angeles","ref":"9410660"}},{"type":"Feature","id":"9446451","geometry":{"type":"Point","coordinates":[-122.682,47.3017]},"properties":{"id":"9446451","name":"Horsehead Bay, Carr Inlet","type":"subordinate","region":"WA","tz":"America/Los_Angeles","ref":"9447130"}},{"type":"Feature","id":"8662006","geometry":{"type":"Point","coordinates":[-79.1167,33.4317]},"properties":{"id":"8662006","name":"Pawleys Island Pier (ocean)","type":"reference","region":"SC","tz":"America/New_York","gt_m":1.674}},{"type":"Feature","id":"9451335","geometry":{"type":"Point","coordinates":[-132.617,56.6633]},"properties":{"id":"9451335","name":"Cosmos Point","type":"subordinate","region":"AK","tz":"America/Sitka","ref":"9452210"}},{"type":"Feature","id":"9461411","geometry":{"type":"Point","coordinates":[-176.402,51.825]},"properties":{"id":"9461411","name":"Laska Cove, Kagalaska Island","type":"subordinate","region":"AK","tz":"America/Adak","ref":"9461380"}},{"type":"Feature","id":"8518668","geometry":{"type":"Point","coordinates":[-73.9417,40.7767]},"properties":{"id":"8518668","name":"Horns Hook, East 90th Street","type":"reference","region":"NY","tz":"America/New_York","gt_m":1.58}},{"type":"Feature","id":"8638442","geometry":{"type":"Point","coordinates":[-76.8767,37.2633]},"properties":{"id":"8638442","name":"Ferry Point (bridge)","type":"subordinate","region":"VA","tz":"America/New_York","ref":"8638610"}},{"type":"Feature","id":"8571892","geometry":{"type":"Point","coordinates":[-76.061667,38.5725]},"properties":{"id":"8571892","name":"Cambridge","type":"reference","region":"MD","tz":"America/New_York","gt_m":0.622}},{"type":"Feature","id":"8724311","geometry":{"type":"Point","coordinates":[-81.4833,24.7417]},"properties":{"id":"8724311","name":"Raccoon Key, east side","type":"subordinate","region":"FL","tz":"America/New_York","ref":"8724580"}},{"type":"Feature","id":"8733821","geometry":{"type":"Point","coordinates":[-87.934528,30.486639]},"properties":{"id":"8733821","name":"Point Clear, Mobile Bay","type":"reference","region":"AL","tz":"America/Chicago","gt_m":0.457}},{"type":"Feature","id":"1618578","geometry":{"type":"Point","coordinates":[-155.553,19.0883]},"properties":{"id":"1618578","name":"Honuapo","type":"subordinate","region":"HI","tz":"Pacific/Honolulu","ref":"1617760"}},{"type":"Feature","id":"9415623","geometry":{"type":"Point","coordinates":[-122.28,38.2983]},"properties":{"id":"9415623","name":"Napa, Napa River","type":"subordinate","region":"CA","tz":"America/Los_Angeles","ref":"9414290"}},{"type":"Feature","id":"TEC4305","geometry":{"type":"Point","coordinates":[-83.533333,29.733333]},"properties":{"id":"TEC4305","name":"Fishermans Rest","type":"subordinate","region":"FL","tz":"America/New_York","ref":"8728130"}},{"type":"Feature","id":"9456463","geometry":{"type":"Point","coordinates":[-153.262,59.64]},"properties":{"id":"9456463","name":"Oil Bay, Kamishak Bay","type":"subordinate","region":"AK","tz":"America/Anchorage","ref":"9455500"}},{"type":"Feature","id":"8510560","geometry":{"type":"Point","coordinates":[-71.959444,41.048333]},"properties":{"id":"8510560","name":"Montauk, Fort Pond Bay","type":"reference","region":"NY","tz":"America/New_York","gt_m":0.771}},{"type":"Feature","id":"TWC2075","geometry":{"type":"Point","coordinates":[-153.233333,58.05]},"properties":{"id":"TWC2075","name":"Onion Bay","type":"subordinate","region":"AK","tz":"America/Anchorage","ref":"9455500"}},{"type":"Feature","id":"8667076","geometry":{"type":"Point","coordinates":[-80.9033,32.6017]},"properties":{"id":"8667076","name":"Tulifiny River, I-95 bridge","type":"subordinate","region":"SC","tz":"America/New_York","ref":"8670870"}},{"type":"Feature","id":"8667101","geometry":{"type":"Point","coordinates":[-80.345,32.5983]},"properties":{"id":"8667101","name":"Windsor Plantation, Russel Creek","type":"subordinate","region":"SC","tz":"America/New_York","ref":"8665530"}},{"type":"Feature","id":"8761487","geometry":{"type":"Point","coordinates":[-89.8,30.065]},"properties":{"id":"8761487","name":"Chef Menteur, Chef Menteur Pass","type":"subordinate","region":"LA","tz":"America/Chicago","ref":"8760551"}},{"type":"Feature","id":"8653215","geometry":{"type":"Point","coordinates":[-75.471703,35.595001]},"properties":{"id":"8653215","name":"Rodanthe, Pamlico Sound","type":"reference","region":"NC","tz":"America/New_York","gt_m":0.243}},{"type":"Feature","id":"8665763","geometry":{"type":"Point","coordinates":[-80.165001,32.7467]},"properties":{"id":"8665763","name":"Hollywood, Wadmalaw River","type":"reference","region":"SC","tz":"America/New_York","gt_m":1.954}},{"type":"Feature","id":"9450172","geometry":{"type":"Point","coordinates":[-131.255,54.92]},"properties":{"id":"9450172","name":"Morse Cove, Duke Island","type":"subordinate","region":"AK","tz":"America/Sitka","ref":"9450460"}},{"type":"Feature","id":"9410120","geometry":{"type":"Point","coordinates":[-117.135,32.5783]},"properties":{"id":"9410120","name":"Imperial Beach","type":"subordinate","region":"CA","tz":"America/Los_Angeles","ref":"9410170"}},{"type":"Feature","id":"8724769","geometry":{"type":"Point","coordinates":[-81.1267,25.345]},"properties":{"id":"8724769","name":"Shark River entrance","type":"subordinate","region":"FL","tz":"America/New_York","ref":"8725110"}},{"type":"Feature","id":"8465705","geometry":{"type":"Point","coordinates":[-72.908302,41.283298]},"properties":{"id":"8465705","name":"New Haven Harbor, New Haven Reach","type":"reference","region":"CT","tz":"America/New_York","gt_m":2.05}},{"type":"Feature","id":"8411411","geometry":{"type":"Point","coordinates":[-67.3683,44.6033]},"properties":{"id":"8411411","name":"Stone Island, Machias Bay","type":"subordinate","region":"ME","tz":"America/New_York","ref":"8410140"}},{"type":"Feature","id":"8669464","geometry":{"type":"Point","coordinates":[-80.795,32.1533]},"properties":{"id":"8669464","name":"Calibogue Cay, Broad Creek, Hilton Head Island","type":"subordinate","region":"SC","tz":"America/New_York","ref":"8670870"}},{"type":"Feature","id":"8762084","geometry":{"type":"Point","coordinates":[-90.2117,29.2483]},"properties":{"id":"8762084","name":"Leeville, Bayou LaFourche","type":"reference","region":"LA","tz":"America/Chicago","gt_m":0.269}},{"type":"Feature","id":"8729136","geometry":{"type":"Point","coordinates":[-85.73,30.125]},"properties":{"id":"8729136","name":"Channel entrance","type":"subordinate","region":"FL","tz":"America/Chicago","ref":"8729840"}},{"type":"Feature","id":"8447531","geometry":{"type":"Point","coordinates":[-70.8133,41.6567]},"properties":{"id":"8447531","name":"Mattapoisett, Mattapoisett Harbor","type":"subordinate","region":"MA","tz":"America/New_York","ref":"8452660"}},{"type":"Feature","id":"8722486","geometry":{"type":"Point","coordinates":[-80.105,26.96]},"properties":{"id":"8722486","name":"Tequesta, North Fork","type":"subordinate","region":"FL","tz":"America/New_York","ref":"8723178"}},{"type":"Feature","id":"8668836","geometry":{"type":"Point","coordinates":[-80.6383,32.28]},"properties":{"id":"8668836","name":"Station Creek, west end","type":"subordinate","region":"SC","tz":"America/New_York","ref":"8670870"}},{"type":"Feature","id":"8728619","geometry":{"type":"Point","coordinates":[-84.886703,29.723301]},"properties":{"id":"8728619","name":"Cat Point, Apalachicola Bay","type":"reference","region":"FL","tz":"America/New_York","gt_m":0.614}},{"type":"Feature","id":"9450913","geometry":{"type":"Point","coordinates":[-134.115,56.0369]},"properties":{"id":"9450913","name":"Affleck Canal entrance, Kuiu Island","type":"subordinate","region":"AK","tz":"America/Sitka","ref":"9451600"}},{"type":"Feature","id":"9469031","geometry":{"type":"Point","coordinates":[-161.150803,64.931198]},"properties":{"id":"9469031","name":"Koyuk, Koyuk Inlet","type":"reference","region":"AK","tz":"America/Anchorage","gt_m":0.905}},{"type":"Feature","id":"9435362","geometry":{"type":"Point","coordinates":[-123.937,44.6167]},"properties":{"id":"9435362","name":"TOLEDO","type":"subordinate","region":"OR","tz":"America/Los_Angeles","ref":"9419750"}},{"type":"Feature","id":"8448725","geometry":{"type":"Point","coordinates":[-70.767833,41.354444]},"properties":{"id":"8448725","name":"Menemsha Harbor, MA","type":"reference","region":"MA","tz":"America/New_York","gt_m":0.956}},{"type":"Feature","id":"8534287","geometry":{"type":"Point","coordinates":[-74.32,39.5217]},"properties":{"id":"8534287","name":"Little Sheepshead Creek","type":"subordinate","region":"NJ","tz":"America/New_York","ref":"8531680"}},{"type":"Feature","id":"8415809","geometry":{"type":"Point","coordinates":[-69.2167,43.965]},"properties":{"id":"8415809","name":"Tenants Harbor","type":"subordinate","region":"ME","tz":"America/New_York","ref":"8418150"}},{"type":"Feature","id":"8720211","geometry":{"type":"Point","coordinates":[-81.4133,30.4]},"properties":{"id":"8720211","name":"Mayport Naval Station, Water Treatment Dock","type":"reference","region":"FL","tz":"America/New_York","gt_m":1.56}},{"type":"Feature","id":"8573137","geometry":{"type":"Point","coordinates":[-76.1383,39.11]},"properties":{"id":"8573137","name":"Cliffs Wharf","type":"subordinate","region":"MD","tz":"America/New_York","ref":"8574680"}},{"type":"Feature","id":"TWC2229","geometry":{"type":"Point","coordinates":[-171.233333,52.516667]},"properties":{"id":"TWC2229","name":"Amukta Island, north side","type":"subordinate","region":null,"tz":"America/Adak","ref":"9462620"}},{"type":"Feature","id":"9415379","geometry":{"type":"Point","coordinates":[-122.045,38.18]},"properties":{"id":"9415379","name":"Joice Island, Suisun Slough","type":"subordinate","region":"CA","tz":"America/Los_Angeles","ref":"9415144"}},{"type":"Feature","id":"8414692","geometry":{"type":"Point","coordinates":[-68.805,44.505]},"properties":{"id":"8414692","name":"Sandy Point","type":"subordinate","region":"ME","tz":"America/New_York","ref":"8413320"}},{"type":"Feature","id":"8415191","geometry":{"type":"Point","coordinates":[-69.005,44.4267]},"properties":{"id":"8415191","name":"Belfast","type":"subordinate","region":"ME","tz":"America/New_York","ref":"8413320"}},{"type":"Feature","id":"8517531","geometry":{"type":"Point","coordinates":[-73.925,40.585]},"properties":{"id":"8517531","name":"Plumb Beach Channel","type":"subordinate","region":"NY","tz":"America/New_York","ref":"8531680"}},{"type":"Feature","id":"8663899","geometry":{"type":"Point","coordinates":[-79.535,33.0333]},"properties":{"id":"8663899","name":"Harbor River entrance","type":"subordinate","region":"SC","tz":"America/New_York","ref":"8665530"}},{"type":"Feature","id":"8668918","geometry":{"type":"Point","coordinates":[-80.7367,32.2667]},"properties":{"id":"8668918","name":"Skull Creek, north entrance, Hilton Head Island","type":"reference","region":"SC","tz":"America/New_York","gt_m":2.253}},{"type":"Feature","id":"9451439","geometry":{"type":"Point","coordinates":[-132.957,56.815]},"properties":{"id":"9451439","name":"Petersburg","type":"subordinate","region":"AK","tz":"America/Sitka","ref":"9450460"}},{"type":"Feature","id":"TWC1683","geometry":{"type":"Point","coordinates":[-134.266667,57.866667]},"properties":{"id":"TWC1683","name":"Windfall Harbor, Seymour Canal","type":"subordinate","region":"AK","tz":"America/Juneau","ref":"9452210"}},{"type":"Feature","id":"8723874","geometry":{"type":"Point","coordinates":[-80.7667,24.8367]},"properties":{"id":"8723874","name":"Channel Five, east side, Hawk Channel","type":"subordinate","region":"FL","tz":"America/New_York","ref":"8724580"}},{"type":"Feature","id":"8449287","geometry":{"type":"Point","coordinates":[-70.8183,41.2617]},"properties":{"id":"8449287","name":"Nomans Land","type":"subordinate","region":"MA","tz":"America/New_York","ref":"8452660"}},{"type":"Feature","id":"TPT2871","geometry":{"type":"Point","coordinates":[-177.416667,-17.75]},"properties":{"id":"TPT2871","name":"Nandi Waters, Viti Levu","type":"subordinate","region":null,"tz":"Etc/GMT+12","ref":"1910000"}},{"type":"Feature","id":"9466328","geometry":{"type":"Point","coordinates":[-162.297104,60.554298]},"properties":{"id":"9466328","name":"Lomavik","type":"reference","region":"AK","tz":"America/Nome","gt_m":2.415}},{"type":"Feature","id":"8722481","geometry":{"type":"Point","coordinates":[-80.1267,26.97]},"properties":{"id":"8722481","name":"3 miles above A1A highway bridge","type":"subordinate","region":"FL","tz":"America/New_York","ref":"8723178"}},{"type":"Feature","id":"8542885","geometry":{"type":"Point","coordinates":[-75.2767,39.8783]},"properties":{"id":"8542885","name":"Tinicum National Wildlife Refuge","type":"subordinate","region":"PA","tz":"America/New_York","ref":"8545240"}},{"type":"Feature","id":"8770971","geometry":{"type":"Point","coordinates":[-94.513298,29.514999]},"properties":{"id":"8770971","name":"Rollover Pass","type":"reference","region":"TX","tz":"America/Chicago","gt_m":0.411}},{"type":"Feature","id":"9414523","geometry":{"type":"Point","coordinates":[-122.211906,37.506814]},"properties":{"id":"9414523","name":"Redwood City, Wharf 5","type":"reference","region":"CA","tz":"America/Los_Angeles","gt_m":2.499}},{"type":"Feature","id":"9435827","geometry":{"type":"Point","coordinates":[-124.058,44.81]},"properties":{"id":"9435827","name":"Depoe Bay","type":"reference","region":"OR","tz":"America/Los_Angeles","gt_m":2.511}},{"type":"Feature","id":"TWC1907","geometry":{"type":"Point","coordinates":[-147.316667,60.533333]},"properties":{"id":"TWC1907","name":"Smith Island","type":"subordinate","region":"AK","tz":"America/Anchorage","ref":"9454050"}},{"type":"Feature","id":"8664782","geometry":{"type":"Point","coordinates":[-79.845,32.885]},"properties":{"id":"8664782","name":"Parker Island, Horlbeck Creek","type":"subordinate","region":"SC","tz":"America/New_York","ref":"8665530"}},{"type":"Feature","id":"9440747","geometry":{"type":"Point","coordinates":[-124.023,46.5017]},"properties":{"id":"9440747","name":"Nahcotta","type":"subordinate","region":"WA","tz":"America/Los_Angeles","ref":"9440910"}},{"type":"Feature","id":"8763506","geometry":{"type":"Point","coordinates":[-90.9617,29.0633]},"properties":{"id":"8763506","name":"Raccoon Point, Caillou Bay","type":"subordinate","region":"LA","tz":"America/Chicago","ref":"8761724"}},{"type":"Feature","id":"8570283","geometry":{"type":"Point","coordinates":[-75.091667,38.32833]},"properties":{"id":"8570283","name":"Ocean City Inlet","type":"reference","region":"MD","tz":"America/New_York","gt_m":0.749}},{"type":"Feature","id":"8447791","geometry":{"type":"Point","coordinates":[-71.0733,41.57]},"properties":{"id":"8447791","name":"Hix Bridge, East Branch","type":"subordinate","region":"MA","tz":"America/New_York","ref":"8452660"}},{"type":"Feature","id":"8518993","geometry":{"type":"Point","coordinates":[-73.9833,41.9183]},"properties":{"id":"8518993","name":"Kingston","type":"subordinate","region":"NY","tz":"America/New_York","ref":"8518750"}},{"type":"Feature","id":"8729962","geometry":{"type":"Point","coordinates":[-87.425,30.3933]},"properties":{"id":"8729962","name":"Nix Point, Perdido Bay","type":"subordinate","region":"AL","tz":"America/Chicago","ref":"8729840"}},{"type":"Feature","id":"8532715","geometry":{"type":"Point","coordinates":[-74.0617,40.0617]},"properties":{"id":"8532715","name":"Beaverdam Creek entrance","type":"subordinate","region":"NJ","tz":"America/New_York","ref":"8531680"}},{"type":"Feature","id":"9455963","geometry":{"type":"Point","coordinates":[-149.847,61.3933]},"properties":{"id":"9455963","name":"Goose Creek, Knik Arm, Cook Inlet","type":"reference","region":"AK","tz":"America/Anchorage","gt_m":9.456}},{"type":"Feature","id":"8724033","geometry":{"type":"Point","coordinates":[-81.1567,24.705]},"properties":{"id":"8724033","name":"Pigeon Key, north side, Florida Bay","type":"subordinate","region":"FL","tz":"America/New_York","ref":"8724580"}},{"type":"Feature","id":"9449639","geometry":{"type":"Point","coordinates":[-123.083,48.974998]},"properties":{"id":"9449639","name":"POINT ROBERTS, PUGET SOUND","type":"reference","region":"WA","tz":"America/Los_Angeles","gt_m":2.983}},{"type":"Feature","id":"9461276","geometry":{"type":"Point","coordinates":[-177.145,51.71]},"properties":{"id":"9461276","name":"Cape Chlanak","type":"subordinate","region":"AK","tz":"America/Adak","ref":"9461380"}},{"type":"Feature","id":"9451805","geometry":{"type":"Point","coordinates":[-135.707,57.34]},"properties":{"id":"9451805","name":"Scraggy Island","type":"reference","region":"AK","tz":"America/Sitka","gt_m":3.038}},{"type":"Feature","id":"9452386","geometry":{"type":"Point","coordinates":[-135.219472,57.779306]},"properties":{"id":"9452386","name":"Tenakee Springs, Tenakee Inlet","type":"reference","region":"AK","tz":"America/Juneau","gt_m":4.6}},{"type":"Feature","id":"9461467","geometry":{"type":"Point","coordinates":[-175.98,52.0383]},"properties":{"id":"9461467","name":"Bugle Point, Great Sitkin Island","type":"subordinate","region":"AK","tz":"America/Adak","ref":"9461380"}},{"type":"Feature","id":"8652247","geometry":{"type":"Point","coordinates":[-75.77,35.9033]},"properties":{"id":"8652247","name":"Manns Harbor, Croatan Sound","type":"reference","region":"NC","tz":"America/New_York","gt_m":0.123}},{"type":"Feature","id":"8530095","geometry":{"type":"Point","coordinates":[-73.9183,40.945]},"properties":{"id":"8530095","name":"Alpine, N.J.","type":"subordinate","region":"NJ","tz":"America/New_York","ref":"8518750"}},{"type":"Feature","id":"8537488","geometry":{"type":"Point","coordinates":[-75.4283,39.4217]},"properties":{"id":"8537488","name":"Pine Island, Malapartis Creek, N.J.","type":"subordinate","region":"NJ","tz":"America/New_York","ref":"8551910"}},{"type":"Feature","id":"8760668","geometry":{"type":"Point","coordinates":[-89.221703,30.126699]},"properties":{"id":"8760668","name":"Grand Pass","type":"reference","region":"MS","tz":"America/Chicago","gt_m":0.447}},{"type":"Feature","id":"8720004","geometry":{"type":"Point","coordinates":[-81.6217,30.7217]},"properties":{"id":"8720004","name":"Crandall","type":"reference","region":"GA","tz":"America/New_York","gt_m":1.613}},{"type":"Feature","id":"8638923","geometry":{"type":"Point","coordinates":[-76.0617,36.9017]},"properties":{"id":"8638923","name":"Broad Bay Canal","type":"subordinate","region":"VA","tz":"America/New_York","ref":"8638863"}},{"type":"Feature","id":"8539058","geometry":{"type":"Point","coordinates":[-74.8483,40.0733]},"properties":{"id":"8539058","name":"Assiscunk Creek, Route 130 bridge, N.J.","type":"subordinate","region":"NJ","tz":"America/New_York","ref":"8545240"}},{"type":"Feature","id":"8531142","geometry":{"type":"Point","coordinates":[-74.245003,40.555]},"properties":{"id":"8531142","name":"Port Reading, Arthur Kill","type":"reference","region":"NJ","tz":"America/New_York","gt_m":1.794}},{"type":"Feature","id":"8454341","geometry":{"type":"Point","coordinates":[-71.4283,41.46]},"properties":{"id":"8454341","name":"Watson Pier, Boston Neck","type":"subordinate","region":"RI","tz":"America/New_York","ref":"8452660"}},{"type":"Feature","id":"9454673","geometry":{"type":"Point","coordinates":[-147.768,60.3433]},"properties":{"id":"9454673","name":"Port Audrey","type":"subordinate","region":"AK","tz":"America/Anchorage","ref":"9454050"}},{"type":"Feature","id":"9457261","geometry":{"type":"Point","coordinates":[-152.428,57.7833]},"properties":{"id":"9457261","name":"Kodiak, Port of Kodiak","type":"subordinate","region":"AK","tz":"America/Anchorage","ref":"9457292"}},{"type":"Feature","id":"TEC2869","geometry":{"type":"Point","coordinates":[-78.233333,33.916667]},"properties":{"id":"TEC2869","name":"Lockwoods Folly Inlet","type":"subordinate","region":"NC","tz":"America/New_York","ref":"8661070"}},{"type":"Feature","id":"8441841","geometry":{"type":"Point","coordinates":[-70.660004,42.610001]},"properties":{"id":"8441841","name":"Gloucester Harbor","type":"reference","region":"MA","tz":"America/New_York","gt_m":2.917}},{"type":"Feature","id":"8578931","geometry":{"type":"Point","coordinates":[-77.266667,38.413333]},"properties":{"id":"8578931","name":"Clifton Beach, Smith Point, Md.","type":"subordinate","region":"VA","tz":"America/New_York","ref":"8594900"}},{"type":"Feature","id":"8724293","geometry":{"type":"Point","coordinates":[-81.47,24.6067]},"properties":{"id":"8724293","name":"Key Lois, southeast end","type":"subordinate","region":"FL","tz":"America/New_York","ref":"8724580"}},{"type":"Feature","id":"8551910","geometry":{"type":"Point","coordinates":[-75.571944,39.558333]},"properties":{"id":"8551910","name":"REEDY POINT","type":"reference","region":"DE","tz":"America/New_York","gt_m":1.779}},{"type":"Feature","id":"8723971","geometry":{"type":"Point","coordinates":[-81.105,24.7033]},"properties":{"id":"8723971","name":"Boot Key Harbor bridge, Boot Key","type":"subordinate","region":"FL","tz":"America/New_York","ref":"8724580"}},{"type":"Feature","id":"9445016","geometry":{"type":"Point","coordinates":[-122.617,47.9267]},"properties":{"id":"9445016","name":"Foulweather Bluff","type":"reference","region":"WA","tz":"America/Los_Angeles","gt_m":3.049}},{"type":"Feature","id":"1610367","geometry":{"type":"Point","coordinates":[-160.235,21.87]},"properties":{"id":"1610367","name":"Nonopapa, Niihau Island","type":"subordinate","region":"HI","tz":"Pacific/Honolulu","ref":"1612340"}},{"type":"Feature","id":"8571097","geometry":{"type":"Point","coordinates":[-75.6383,37.98]},"properties":{"id":"8571097","name":"Shelltown","type":"subordinate","region":"MD","tz":"America/New_York","ref":"8638863"}},{"type":"Feature","id":"8664022","geometry":{"type":"Point","coordinates":[-79.9233,33.0083]},"properties":{"id":"8664022","name":"General Dynamics Pier","type":"reference","region":"SC","tz":"America/New_York","gt_m":1.477}},{"type":"Feature","id":"TWC1125","geometry":{"type":"Point","coordinates":[-122.211667,48.045]},"properties":{"id":"TWC1125","name":"Marysville, Quilceda Creek","type":"subordinate","region":"WA","tz":"America/Los_Angeles","ref":"9447130"}},{"type":"Feature","id":"8724332","geometry":{"type":"Point","coordinates":[-81.515,24.6617]},"properties":{"id":"8724332","name":"Cudjoe Key, Pirates Cove","type":"subordinate","region":"FL","tz":"America/New_York","ref":"8724580"}},{"type":"Feature","id":"8538369","geometry":{"type":"Point","coordinates":[-75.4033,39.7617]},"properties":{"id":"8538369","name":"Pedricktown, Oldmans Creek, N.J.","type":"subordinate","region":"NJ","tz":"America/New_York","ref":"8551910"}},{"type":"Feature","id":"8724139","geometry":{"type":"Point","coordinates":[-81.2833,24.7667]},"properties":{"id":"8724139","name":"Horseshoe Keys, south end","type":"subordinate","region":"FL","tz":"America/New_York","ref":"8724580"}},{"type":"Feature","id":"TPT2735","geometry":{"type":"Point","coordinates":[169.583333,-0.866667]},"properties":{"id":"TPT2735","name":"Ocean Island","type":"subordinate","region":null,"tz":"Pacific/Tarawa","ref":"1820000"}},{"type":"Feature","id":"9415228","geometry":{"type":"Point","coordinates":[-122.868,38.1133]},"properties":{"id":"9415228","name":"Inverness, Tomales Bay","type":"subordinate","region":"CA","tz":"America/Los_Angeles","ref":"9414290"}},{"type":"Feature","id":"9461162","geometry":{"type":"Point","coordinates":[-177.8,51.7783]},"properties":{"id":"9461162","name":"Hot Springs Bay","type":"subordinate","region":"AK","tz":"America/Adak","ref":"9461380"}},{"type":"Feature","id":"TWC1687","geometry":{"type":"Point","coordinates":[-133.883333,57.966667]},"properties":{"id":"TWC1687","name":"Port Snettisham, Point Styleman","type":"subordinate","region":"AK","tz":"America/Juneau","ref":"9452210"}},{"type":"Feature","id":"9449988","geometry":{"type":"Point","coordinates":[-122.805,48.443298]},"properties":{"id":"9449988","name":"TELEGRAPH BAY, PUGET SOUND","type":"reference","region":"WA","tz":"America/Los_Angeles","gt_m":1.895}},{"type":"Feature","id":"8662953","geometry":{"type":"Point","coordinates":[-79.25,33.415]},"properties":{"id":"8662953","name":"Windsor Plantation, Black River","type":"reference","region":"SC","tz":"America/New_York","gt_m":1.159}},{"type":"Feature","id":"8536271","geometry":{"type":"Point","coordinates":[-74.9533,39.0183]},"properties":{"id":"8536271","name":"North Highlands Beach","type":"subordinate","region":"NJ","tz":"America/New_York","ref":"8557380"}},{"type":"Feature","id":"8667676","geometry":{"type":"Point","coordinates":[-80.34,32.4933]},"properties":{"id":"8667676","name":"Edisto Marina, Big Bay Creek entrance","type":"subordinate","region":"SC","tz":"America/New_York","ref":"8670870"}},{"type":"Feature","id":"9450339","geometry":{"type":"Point","coordinates":[-131.797,55.1667]},"properties":{"id":"9450339","name":"Nehenta Bay, Gravina Island","type":"subordinate","region":"AK","tz":"America/Sitka","ref":"9450460"}},{"type":"Feature","id":"8725418","geometry":{"type":"Point","coordinates":[-81.965,26.5217]},"properties":{"id":"8725418","name":"Iona Shores","type":"subordinate","region":"FL","tz":"America/New_York","ref":"8726520"}},{"type":"Feature","id":"8720143","geometry":{"type":"Point","coordinates":[-81.4717,30.5033]},"properties":{"id":"8720143","name":"Sawpit Creek, 1 mi. above entrance","type":"subordinate","region":"FL","tz":"America/New_York","ref":"8720030"}},{"type":"Feature","id":"8638596","geometry":{"type":"Point","coordinates":[-76.3383,36.8917]},"properties":{"id":"8638596","name":"Craney Island Light","type":"subordinate","region":"VA","tz":"America/New_York","ref":"8638610"}},{"type":"Feature","id":"8724232","geometry":{"type":"Point","coordinates":[-81.395,24.665]},"properties":{"id":"8724232","name":"Little Torch Key, Torch Channel","type":"subordinate","region":"FL","tz":"America/New_York","ref":"8724580"}},{"type":"Feature","id":"8725769","geometry":{"type":"Point","coordinates":[-82.21,26.9617]},"properties":{"id":"8725769","name":"El Jobean, Myakka River","type":"subordinate","region":"FL","tz":"America/New_York","ref":"8726520"}},{"type":"Feature","id":"8417134","geometry":{"type":"Point","coordinates":[-69.7667,44.2333]},"properties":{"id":"8417134","name":"Gardiner","type":"reference","region":"ME","tz":"America/New_York","gt_m":1.99}},{"type":"Feature","id":"9464075","geometry":{"type":"Point","coordinates":[-158.684906,56.908298]},"properties":{"id":"9464075","name":"Meshik, Port Heiden","type":"reference","region":"AK","tz":"America/Anchorage","gt_m":3.54}},{"type":"Feature","id":"8724313","geometry":{"type":"Point","coordinates":[-81.4917,24.66]},"properties":{"id":"8724313","name":"Cudjoe Key, Cudjoe Bay","type":"subordinate","region":"FL","tz":"America/New_York","ref":"8724580"}},{"type":"Feature","id":"8662071","geometry":{"type":"Point","coordinates":[-79.135,33.4117]},"properties":{"id":"8662071","name":"Ward's Dock, Pawleys Inlet","type":"reference","region":"SC","tz":"America/New_York","gt_m":1.165}},{"type":"Feature","id":"8447355","geometry":{"type":"Point","coordinates":[-70.6167,41.715]},"properties":{"id":"8447355","name":"Monument Beach","type":"subordinate","region":"MA","tz":"America/New_York","ref":"8452660"}},{"type":"Feature","id":"8633532","geometry":{"type":"Point","coordinates":[-75.9933,37.8283]},"properties":{"id":"8633532","name":"Tangier Island","type":"reference","region":"VA","tz":"America/New_York","gt_m":0.535}},{"type":"Feature","id":"8674962","geometry":{"type":"Point","coordinates":[-81.21,31.4883]},"properties":{"id":"8674962","name":"Blackbeard Creek, Blackbeard Island","type":"subordinate","region":"GA","tz":"America/New_York","ref":"8670870"}},{"type":"Feature","id":"TWC1979","geometry":{"type":"Point","coordinates":[-151.716667,60.016667]},"properties":{"id":"TWC1979","name":"Cape Ninilchik","type":"subordinate","region":"AK","tz":"America/Anchorage","ref":"9455500"}},{"type":"Feature","id":"8469198","geometry":{"type":"Point","coordinates":[-73.5467,41.0383]},"properties":{"id":"8469198","name":"Stamford","type":"reference","region":"CT","tz":"America/New_York","gt_m":2.367}},{"type":"Feature","id":"8665637","geometry":{"type":"Point","coordinates":[-79.8567,32.7633]},"properties":{"id":"8665637","name":"The Cove, Fort Moultrie","type":"subordinate","region":"SC","tz":"America/New_York","ref":"8665530"}},{"type":"Feature","id":"8574680","geometry":{"type":"Point","coordinates":[-76.578308,39.266693]},"properties":{"id":"8574680","name":"Baltimore, Fort McHenry","type":"reference","region":"MD","tz":"America/New_York","gt_m":0.506}},{"type":"Feature","id":"8727520","geometry":{"type":"Point","coordinates":[-83.0317,29.135]},"properties":{"id":"8727520","name":"Cedar Key","type":"reference","region":"FL","tz":"America/New_York","gt_m":1.157}},{"type":"Feature","id":"9414958","geometry":{"type":"Point","coordinates":[-122.678497,37.908001]},"properties":{"id":"9414958","name":"Bolinas Lagoon","type":"reference","region":"CA","tz":"America/Los_Angeles","gt_m":1.303}},{"type":"Feature","id":"8531925","geometry":{"type":"Point","coordinates":[-74.0167,40.3267]},"properties":{"id":"8531925","name":"Gooseneck Point, bridge","type":"subordinate","region":"NJ","tz":"America/New_York","ref":"8531680"}},{"type":"Feature","id":"8637663","geometry":{"type":"Point","coordinates":[-76.385,37.235]},"properties":{"id":"8637663","name":"Tue Marshes Light","type":"subordinate","region":"VA","tz":"America/New_York","ref":"8638610"}},{"type":"Feature","id":"9418801","geometry":{"type":"Point","coordinates":[-124.167,40.8067]},"properties":{"id":"9418801","name":"Eureka","type":"subordinate","region":"CA","tz":"America/Los_Angeles","ref":"9418767"}},{"type":"Feature","id":"9462723","geometry":{"type":"Point","coordinates":[-165.514167,54.052222]},"properties":{"id":"9462723","name":"Rootok Island","type":"reference","region":"AK","tz":"America/Nome","gt_m":1.543}},{"type":"Feature","id":"TEC2937","geometry":{"type":"Point","coordinates":[-79.283333,33.316667]},"properties":{"id":"TEC2937","name":"Frazier Point","type":"subordinate","region":"SC","tz":"America/New_York","ref":"8665530"}},{"type":"Feature","id":"8771050","geometry":{"type":"Point","coordinates":[-93.639999,29.479]},"properties":{"id":"8771050","name":"Renaissance SA-13 Platform","type":"reference","region":"LA","tz":"Etc/GMT+6","gt_m":0.666}},{"type":"Feature","id":"8429489","geometry":{"type":"Point","coordinates":[-70.8167,42.895]},"properties":{"id":"8429489","name":"Hampton Harbor","type":"subordinate","region":"NH","tz":"America/New_York","ref":"8418150"}},{"type":"Feature","id":"9410650","geometry":{"type":"Point","coordinates":[-118.273,33.7067]},"properties":{"id":"9410650","name":"Cabrillo Beach","type":"subordinate","region":"CA","tz":"America/Los_Angeles","ref":"9410660"}},{"type":"Feature","id":"9452133","geometry":{"type":"Point","coordinates":[-134.06,58.2233]},"properties":{"id":"9452133","name":"Greely Point, Taku Inlet","type":"subordinate","region":"AK","tz":"America/Juneau","ref":"9452210"}},{"type":"Feature","id":"8419870","geometry":{"type":"Point","coordinates":[-70.741111,43.079722]},"properties":{"id":"8419870","name":"Seavey Island","type":"reference","region":"ME","tz":"America/New_York","gt_m":2.711}},{"type":"Feature","id":"8447941","geometry":{"type":"Point","coordinates":[-70.7083,41.52]},"properties":{"id":"8447941","name":"Uncatena Island (south side)","type":"subordinate","region":"MA","tz":"America/New_York","ref":"8452660"}},{"type":"Feature","id":"9468216","geometry":{"type":"Point","coordinates":[-171.383,63.62]},"properties":{"id":"9468216","name":"Niyrakpak Lagoon entrance","type":"subordinate","region":"AK","tz":"America/Nome","ref":"9468756"}},{"type":"Feature","id":"9457361","geometry":{"type":"Point","coordinates":[-152.755,57.9783]},"properties":{"id":"9457361","name":"Fox Bay, Whale Island","type":"subordinate","region":"AK","tz":"America/Anchorage","ref":"9457292"}},{"type":"Feature","id":"8761108","geometry":{"type":"Point","coordinates":[-89.6183,29.5983]},"properties":{"id":"8761108","name":"Bay Gardene","type":"subordinate","region":"LA","tz":"America/Chicago","ref":"8760551"}},{"type":"Feature","id":"9457376","geometry":{"type":"Point","coordinates":[-152.812,57.9283]},"properties":{"id":"9457376","name":"Uzkosti Point","type":"reference","region":"AK","tz":"America/Anchorage","gt_m":3.445}},{"type":"Feature","id":"TWC0279","geometry":{"type":"Point","coordinates":[78.833,1.25]},"properties":{"id":"TWC0279","name":"San Lorenzo","type":"subordinate","region":null,"tz":"Etc/GMT-5","ref":"9991474"}},{"type":"Feature","id":"8451552","geometry":{"type":"Point","coordinates":[-71.255,41.6367]},"properties":{"id":"8451552","name":"Bristol Ferry","type":"reference","region":"RI","tz":"America/New_York","gt_m":1.368}},{"type":"Feature","id":"8630440","geometry":{"type":"Point","coordinates":[-75.4783,37.8417]},"properties":{"id":"8630440","name":"Wallops Island","type":"subordinate","region":"VA","tz":"America/New_York","ref":"8570280"}},{"type":"Feature","id":"8537979","geometry":{"type":"Point","coordinates":[-75.4767,39.5767]},"properties":{"id":"8537979","name":"Salem","type":"subordinate","region":"NJ","tz":"America/New_York","ref":"8551910"}},{"type":"Feature","id":"8537059","geometry":{"type":"Point","coordinates":[-74.9917,39.285]},"properties":{"id":"8537059","name":"Mauricetown","type":"subordinate","region":"NJ","tz":"America/New_York","ref":"8557380"}},{"type":"Feature","id":"9459464","geometry":{"type":"Point","coordinates":[-160.613,55.59]},"properties":{"id":"9459464","name":"Albatross Anchorage, Balboa Bay","type":"subordinate","region":"AK","tz":"America/Anchorage","ref":"9459450"}},{"type":"Feature","id":"8723899","geometry":{"type":"Point","coordinates":[-80.85,24.8033]},"properties":{"id":"8723899","name":"Long Key, western end","type":"subordinate","region":"FL","tz":"America/New_York","ref":"8724580"}},{"type":"Feature","id":"9437815","geometry":{"type":"Point","coordinates":[-123.925,45.67]},"properties":{"id":"9437815","name":"Brighton","type":"subordinate","region":"OR","tz":"America/Los_Angeles","ref":"9419750"}},{"type":"Feature","id":"8417988","geometry":{"type":"Point","coordinates":[-70.2,43.67]},"properties":{"id":"8417988","name":"Great Diamond Island","type":"subordinate","region":"ME","tz":"America/New_York","ref":"8418150"}},{"type":"Feature","id":"8664662","geometry":{"type":"Point","coordinates":[-79.9517,32.91]},"properties":{"id":"8664662","name":"Goose Creek entrance","type":"reference","region":"SC","tz":"America/New_York","gt_m":1.808}},{"type":"Feature","id":"8762372","geometry":{"type":"Point","coordinates":[-90.368,30.050333]},"properties":{"id":"8762372","name":"East Bank 1, Norco, B. LaBranche","type":"reference","region":"LA","tz":"America/Chicago","gt_m":0.14}},{"type":"Feature","id":"8724129","geometry":{"type":"Point","coordinates":[-81.2717,24.78]},"properties":{"id":"8724129","name":"West Bahia Honda Key","type":"subordinate","region":"FL","tz":"America/New_York","ref":"8724580"}},{"type":"Feature","id":"8727577","geometry":{"type":"Point","coordinates":[-83.1517,29.3283]},"properties":{"id":"8727577","name":"Suwannee, Salt Creek","type":"subordinate","region":"FL","tz":"America/New_York","ref":"8727520"}},{"type":"Feature","id":"8533345","geometry":{"type":"Point","coordinates":[-74.0883,39.8517]},"properties":{"id":"8533345","name":"Island Beach","type":"subordinate","region":"NJ","tz":"America/New_York","ref":"8531680"}},{"type":"Feature","id":"8518935","geometry":{"type":"Point","coordinates":[-74.0067,41.5]},"properties":{"id":"8518935","name":"Newburgh","type":"subordinate","region":"NY","tz":"America/New_York","ref":"8518750"}},{"type":"Feature","id":"8724302","geometry":{"type":"Point","coordinates":[-81.4783,24.715]},"properties":{"id":"8724302","name":"Knockemdown Key, north end","type":"subordinate","region":"FL","tz":"America/New_York","ref":"8724580"}},{"type":"Feature","id":"8419518","geometry":{"type":"Point","coordinates":[-70.6417,43.1317]},"properties":{"id":"8419518","name":"York Harbor","type":"subordinate","region":"ME","tz":"America/New_York","ref":"8418150"}},{"type":"Feature","id":"9458964","geometry":{"type":"Point","coordinates":[-158.598,56.1133]},"properties":{"id":"9458964","name":"Hump Island, Kuiukta Bay","type":"reference","region":"AK","tz":"America/Anchorage","gt_m":2.418}},{"type":"Feature","id":"8728669","geometry":{"type":"Point","coordinates":[-84.958298,29.6133]},"properties":{"id":"8728669","name":"St. George Island, Sikes Cut","type":"reference","region":"FL","tz":"America/New_York","gt_m":0.6}},{"type":"Feature","id":"9462450","geometry":{"type":"Point","coordinates":[-168.871306,52.94061]},"properties":{"id":"9462450","name":"Nikolski","type":"reference","region":"AK","tz":"America/Nome","gt_m":1.219}},{"type":"Feature","id":"8724378","geometry":{"type":"Point","coordinates":[-81.57,24.6483]},"properties":{"id":"8724378","name":"Perky","type":"subordinate","region":"FL","tz":"America/New_York","ref":"8724580"}},{"type":"Feature","id":"8416731","geometry":{"type":"Point","coordinates":[-69.58,43.9333]},"properties":{"id":"8416731","name":"Walpole","type":"reference","region":"ME","tz":"America/New_York","gt_m":3.094}},{"type":"Feature","id":"8661684","geometry":{"type":"Point","coordinates":[-79.0683,33.5117]},"properties":{"id":"8661684","name":"Oaks Creek, upper end","type":"reference","region":"SC","tz":"America/New_York","gt_m":1.509}},{"type":"Feature","id":"8726533","geometry":{"type":"Point","coordinates":[-82.7817,27.785]},"properties":{"id":"8726533","name":"Johns Pass","type":"subordinate","region":"FL","tz":"America/New_York","ref":"8726520"}},{"type":"Feature","id":"8726995","geometry":{"type":"Point","coordinates":[-82.7633,28.2433]},"properties":{"id":"8726995","name":"Gulf Harbors","type":"subordinate","region":"FL","tz":"America/New_York","ref":"8727520"}},{"type":"Feature","id":"8724671","geometry":{"type":"Point","coordinates":[-81.921528,24.718278]},"properties":{"id":"8724671","name":"Smith Shoal Light","type":"reference","region":"FL","tz":"America/New_York","gt_m":1.048}},{"type":"Feature","id":"9452586","geometry":{"type":"Point","coordinates":[-136.117,58.6083]},"properties":{"id":"9452586","name":"Willoughby Island","type":"subordinate","region":"AK","tz":"America/Juneau","ref":"9452634"}},{"type":"Feature","id":"8518949","geometry":{"type":"Point","coordinates":[-73.9317,41.2883]},"properties":{"id":"8518949","name":"Peekskill","type":"subordinate","region":"NY","tz":"America/New_York","ref":"8518750"}},{"type":"Feature","id":"8630249","geometry":{"type":"Point","coordinates":[-75.383301,37.931702]},"properties":{"id":"8630249","name":"Chincoteague Island, USCG Station","type":"reference","region":"VA","tz":"America/New_York","gt_m":0.561}},{"type":"Feature","id":"8515864","geometry":{"type":"Point","coordinates":[-73.4183,40.655]},"properties":{"id":"8515864","name":"Amityville","type":"subordinate","region":"NY","tz":"America/New_York","ref":"8531680"}},{"type":"Feature","id":"9451346","geometry":{"type":"Point","coordinates":[-132.933,56.6767]},"properties":{"id":"9451346","name":"Papke's Landing","type":"reference","region":"AK","tz":"America/Sitka","gt_m":4.997}},{"type":"Feature","id":"8669415","geometry":{"type":"Point","coordinates":[-81.13,32.165]},"properties":{"id":"8669415","name":"Little Back River, Hwy. 17, Back River, S.C.","type":"subordinate","region":"GA","tz":"America/New_York","ref":"8670870"}},{"type":"Feature","id":"8720503","geometry":{"type":"Point","coordinates":[-81.634167,29.981667]},"properties":{"id":"8720503","name":"Red Bay Point, St Johns River","type":"reference","region":"FL","tz":"America/New_York","gt_m":0.306}},{"type":"Feature","id":"8512114","geometry":{"type":"Point","coordinates":[-72.4133,41.06]},"properties":{"id":"8512114","name":"Southold","type":"subordinate","region":"NY","tz":"America/New_York","ref":"8461490"}},{"type":"Feature","id":"8534770","geometry":{"type":"Point","coordinates":[-74.4767,39.335]},"properties":{"id":"8534770","name":"Ventnor City, ocean pier","type":"reference","region":"NJ","tz":"America/New_York","gt_m":1.411}},{"type":"Feature","id":"8658715","geometry":{"type":"Point","coordinates":[-77.94,33.9617]},"properties":{"id":"8658715","name":"Federal Point","type":"subordinate","region":"NC","tz":"America/New_York","ref":"8658120"}},{"type":"Feature","id":"TWC1731","geometry":{"type":"Point","coordinates":[-134.6,57.233333]},"properties":{"id":"TWC1731","name":"Whitewater Bay, Admiralty Island","type":"subordinate","region":"AK","tz":"America/Juneau","ref":"9452210"}},{"type":"Feature","id":"8572342","geometry":{"type":"Point","coordinates":[-76.2217,38.7867]},"properties":{"id":"8572342","name":"St. Michaels, Miles River","type":"subordinate","region":"MD","tz":"America/New_York","ref":"8574680"}},{"type":"Feature","id":"9452368","geometry":{"type":"Point","coordinates":[-135.127,58.215]},"properties":{"id":"9452368","name":"Swanson Harbor","type":"subordinate","region":"AK","tz":"America/Juneau","ref":"9452634"}},{"type":"Feature","id":"9414779","geometry":{"type":"Point","coordinates":[-122.327,37.81]},"properties":{"id":"9414779","name":"Oakland, Matson Wharf","type":"subordinate","region":"CA","tz":"America/Los_Angeles","ref":"9414290"}},{"type":"Feature","id":"8417911","geometry":{"type":"Point","coordinates":[-70.155,43.6767]},"properties":{"id":"8417911","name":"Vaill Island","type":"subordinate","region":"ME","tz":"America/New_York","ref":"8418150"}},{"type":"Feature","id":"8571402","geometry":{"type":"Point","coordinates":[-76.0767,38.2267]},"properties":{"id":"8571402","name":"Hooper Strait Light","type":"subordinate","region":"MD","tz":"America/New_York","ref":"8638863"}},{"type":"Feature","id":"9453456","geometry":{"type":"Point","coordinates":[-141.457,59.885]},"properties":{"id":"9453456","name":"Icy Bay","type":"subordinate","region":"AK","tz":"America/Yakutat","ref":"9453220"}},{"type":"Feature","id":"8728269","geometry":{"type":"Point","coordinates":[-84.386703,30.028299]},"properties":{"id":"8728269","name":"Panacea, Dickerson Bay","type":"reference","region":"FL","tz":"America/New_York","gt_m":1.079}},{"type":"Feature","id":"9452633","geometry":{"type":"Point","coordinates":[-136.342,58.01]},"properties":{"id":"9452633","name":"Miner Island","type":"subordinate","region":"AK","tz":"America/Juneau","ref":"9452634"}},{"type":"Feature","id":"9450176","geometry":{"type":"Point","coordinates":[-132.522,54.9267]},"properties":{"id":"9450176","name":"Kassa Inlet entrance","type":"subordinate","region":"AK","tz":"America/Sitka","ref":"9451600"}},{"type":"Feature","id":"8667524","geometry":{"type":"Point","coordinates":[-80.4067,32.5233]},"properties":{"id":"8667524","name":"Seabrook","type":"subordinate","region":"SC","tz":"America/New_York","ref":"8670870"}},{"type":"Feature","id":"9456717","geometry":{"type":"Point","coordinates":[-153.958,58.3917]},"properties":{"id":"9456717","name":"Nukshak Island, Shelikof Strait","type":"reference","region":"AK","tz":"America/Anchorage","gt_m":4.211}},{"type":"Feature","id":"9410580","geometry":{"type":"Point","coordinates":[-117.883,33.6033]},"properties":{"id":"9410580","name":"Newport Bay Entrance, Corona del Mar","type":"reference","region":"CA","tz":"America/Los_Angeles","gt_m":1.649}},{"type":"Feature","id":"1613155","geometry":{"type":"Point","coordinates":[-156.8,21.0717]},"properties":{"id":"1613155","name":"Pukoo Harbor","type":"subordinate","region":"HI","tz":"Pacific/Honolulu","ref":"1612340"}},{"type":"Feature","id":"9433501","geometry":{"type":"Point","coordinates":[-124.098,43.708302]},"properties":{"id":"9433501","name":"Reedsport","type":"reference","region":"OR","tz":"America/Los_Angeles","gt_m":2.262}},{"type":"Feature","id":"8572669","geometry":{"type":"Point","coordinates":[-75.945,38.9167]},"properties":{"id":"8572669","name":"Hillsboro, Tuckahoe Creek","type":"reference","region":"MD","tz":"America/New_York","gt_m":0.807}},{"type":"Feature","id":"8662796","geometry":{"type":"Point","coordinates":[-79.275,33.195]},"properties":{"id":"8662796","name":"Minim Creek ent., ICWW, North Santee Bay","type":"subordinate","region":"SC","tz":"America/New_York","ref":"8665530"}},{"type":"Feature","id":"8414112","geometry":{"type":"Point","coordinates":[-68.5633,44.4083]},"properties":{"id":"8414112","name":"Blue Hill Harbor","type":"subordinate","region":"ME","tz":"America/New_York","ref":"8413320"}},{"type":"Feature","id":"8722383","geometry":{"type":"Point","coordinates":[-80.195,27.1517]},"properties":{"id":"8722383","name":"Port Salerno, Manatee Pocket","type":"subordinate","region":"FL","tz":"America/New_York","ref":"8723178"}},{"type":"Feature","id":"8760841","geometry":{"type":"Point","coordinates":[-89.345,29.3667]},"properties":{"id":"8760841","name":"Jack Bay","type":"subordinate","region":"LA","tz":"America/Chicago","ref":"8760551"}},{"type":"Feature","id":"9451438","geometry":{"type":"Point","coordinates":[-133.787,56.8117]},"properties":{"id":"9451438","name":"Entrance Island","type":"reference","region":"AK","tz":"America/Sitka","gt_m":4.439}},{"type":"Feature","id":"8638478","geometry":{"type":"Point","coordinates":[-77.2433,37.3733]},"properties":{"id":"8638478","name":"Haxall","type":"subordinate","region":"VA","tz":"America/New_York","ref":"8594900"}},{"type":"Feature","id":"8512328","geometry":{"type":"Point","coordinates":[-72.4717,40.9917]},"properties":{"id":"8512328","name":"New Suffolk","type":"subordinate","region":"NY","tz":"America/New_York","ref":"8461490"}},{"type":"Feature","id":"8510502","geometry":{"type":"Point","coordinates":[-71.9367,41.075]},"properties":{"id":"8510502","name":"Montauk Harbor entrance","type":"subordinate","region":"NY","tz":"America/New_York","ref":"8461490"}},{"type":"Feature","id":"8760721","geometry":{"type":"Point","coordinates":[-89.258833,29.179306]},"properties":{"id":"8760721","name":"Pilottown","type":"reference","region":"LA","tz":"America/Chicago","gt_m":0.246}},{"type":"Feature","id":"8726243","geometry":{"type":"Point","coordinates":[-82.7133,27.4967]},"properties":{"id":"8726243","name":"Anna Maria Key, Bradenton Beach","type":"subordinate","region":"FL","tz":"America/New_York","ref":"8726520"}},{"type":"Feature","id":"8722979","geometry":{"type":"Point","coordinates":[-80.115,26.04]},"properties":{"id":"8722979","name":"Hollywood Beach","type":"subordinate","region":"FL","tz":"America/New_York","ref":"8723178"}},{"type":"Feature","id":"TWC2031","geometry":{"type":"Point","coordinates":[-152.65,57.9]},"properties":{"id":"TWC2031","name":"Kizhuyak Point","type":"subordinate","region":"AK","tz":"America/Anchorage","ref":"9457292"}},{"type":"Feature","id":"8454658","geometry":{"type":"Point","coordinates":[-71.455,41.4217]},"properties":{"id":"8454658","name":"Narragansett Pier","type":"subordinate","region":"RI","tz":"America/New_York","ref":"8452660"}},{"type":"Feature","id":"8720226","geometry":{"type":"Point","coordinates":[-81.6583,30.32]},"properties":{"id":"8720226","name":"Jacksonville, Main Street Bridge","type":"reference","region":"FL","tz":"America/New_York","gt_m":0.596}},{"type":"Feature","id":"9449798","geometry":{"type":"Point","coordinates":[-122.95,48.6]},"properties":{"id":"9449798","name":"Orcas, Orcas Island","type":"subordinate","region":"WA","tz":"America/Los_Angeles","ref":"9444900"}},{"type":"Feature","id":"8631591","geometry":{"type":"Point","coordinates":[-75.925,37.2883]},"properties":{"id":"8631591","name":"Oyster Harbor","type":"subordinate","region":"VA","tz":"America/New_York","ref":"8570280"}},{"type":"Feature","id":"8761899","geometry":{"type":"Point","coordinates":[-90.1117,29.6667]},"properties":{"id":"8761899","name":"Lafitte, Barataria Waterway","type":"reference","region":"LA","tz":"America/Chicago","gt_m":0.098}},{"type":"Feature","id":"9465137","geometry":{"type":"Point","coordinates":[-161.837006,58.626701]},"properties":{"id":"9465137","name":"Cape Peirce, West Side","type":"reference","region":"AK","tz":"America/Anchorage","gt_m":1.936}},{"type":"Feature","id":"9440573","geometry":{"type":"Point","coordinates":[-123.948,46.2717]},"properties":{"id":"9440573","name":"Chinook, Baker Bay, Wash.","type":"subordinate","region":"OR","tz":"America/Los_Angeles","ref":"9439040"}},{"type":"Feature","id":"9450382","geometry":{"type":"Point","coordinates":[-131.133,55.2283]},"properties":{"id":"9450382","name":"Alva Bay, Revillagigedo Island","type":"subordinate","region":"AK","tz":"America/Sitka","ref":"9450460"}},{"type":"Feature","id":"TEC2793","geometry":{"type":"Point","coordinates":[-76.016667,35.066667]},"properties":{"id":"TEC2793","name":"Ocracoke Inlet","type":"subordinate","region":"NC","tz":"America/New_York","ref":"8654400"}},{"type":"Feature","id":"8668092","geometry":{"type":"Point","coordinates":[-80.7,32.4133]},"properties":{"id":"8668092","name":"Battery Creek, 4 mi. above entrance","type":"subordinate","region":"SC","tz":"America/New_York","ref":"8670870"}},{"type":"Feature","id":"8578551","geometry":{"type":"Point","coordinates":[-76.8333,38.3267]},"properties":{"id":"8578551","name":"Mills Point (south of), Wicomico Riv., Md.","type":"subordinate","region":"MD","tz":"America/New_York","ref":"8594900"}},{"type":"Feature","id":"8464255","geometry":{"type":"Point","coordinates":[-72.63,41.6633]},"properties":{"id":"8464255","name":"Rocky Hill","type":"subordinate","region":"CT","tz":"America/New_York","ref":"8461490"}},{"type":"Feature","id":"9449712","geometry":{"type":"Point","coordinates":[-122.897,48.7567]},"properties":{"id":"9449712","name":"Echo Bay, Sucia Islands","type":"subordinate","region":"WA","tz":"America/Los_Angeles","ref":"9444900"}},{"type":"Feature","id":"8669167","geometry":{"type":"Point","coordinates":[-80.6683,32.22]},"properties":{"id":"8669167","name":"Port Royal Plantation, Hilton Head Island","type":"subordinate","region":"SC","tz":"America/New_York","ref":"8670870"}},{"type":"Feature","id":"8536855","geometry":{"type":"Point","coordinates":[-74.98,39.2183]},"properties":{"id":"8536855","name":"Riggins Ditch, Heislerville","type":"subordinate","region":"NJ","tz":"America/New_York","ref":"8557380"}},{"type":"Feature","id":"9454224","geometry":{"type":"Point","coordinates":[-146.31,59.4617]},"properties":{"id":"9454224","name":"Middleton Island (north end)","type":"subordinate","region":"AK","tz":"America/Anchorage","ref":"9454050"}},{"type":"Feature","id":"9414511","geometry":{"type":"Point","coordinates":[-122.223,37.5017]},"properties":{"id":"9414511","name":"Smith Slough","type":"subordinate","region":"CA","tz":"America/Los_Angeles","ref":"9414290"}},{"type":"Feature","id":"9455258","geometry":{"type":"Point","coordinates":[-150.355194,59.5116]},"properties":{"id":"9455258","name":"McCarty Fiord, Moonlight Bay","type":"reference","region":"AK","tz":"America/Anchorage","gt_m":3.474}},{"type":"Feature","id":"8519024","geometry":{"type":"Point","coordinates":[-74.055,40.606701]},"properties":{"id":"8519024","name":"Fort Wadsworth, The Narrows, Staten Island","type":"reference","region":"NY","tz":"America/New_York"}},{"type":"Feature","id":"9419750","geometry":{"type":"Point","coordinates":[-124.184389,41.745611]},"properties":{"id":"9419750","name":"CRESCENT CITY","type":"reference","region":"CA","tz":"America/Los_Angeles","gt_m":2.095}},{"type":"Feature","id":"9434068","geometry":{"type":"Point","coordinates":[-124.044998,43.985001]},"properties":{"id":"9434068","name":"Cushman, Siuslaw River","type":"reference","region":"OR","tz":"America/Los_Angeles","gt_m":2.257}},{"type":"Feature","id":"8722548","geometry":{"type":"Point","coordinates":[-80.0667,26.8433]},"properties":{"id":"8722548","name":"PGA Boulevard Bridge, ICWW","type":"reference","region":"FL","tz":"America/New_York","gt_m":0.898}},{"type":"Feature","id":"8518643","geometry":{"type":"Point","coordinates":[-73.9283,40.8]},"properties":{"id":"8518643","name":"Harlem River, Randalls Island","type":"reference","region":"NY","tz":"America/New_York","gt_m":1.536}},{"type":"Feature","id":"8635985","geometry":{"type":"Point","coordinates":[-76.7833,37.8733]},"properties":{"id":"8635985","name":"Wares Wharf","type":"reference","region":"VA","tz":"America/New_York","gt_m":0.628}},{"type":"Feature","id":"8729824","geometry":{"type":"Point","coordinates":[-87.18,30.581699]},"properties":{"id":"8729824","name":"Floridatown, Escambia Bay","type":"reference","region":"FL","tz":"America/Chicago","gt_m":0.443}},{"type":"Feature","id":"TPT2779","geometry":{"type":"Point","coordinates":[-157.933333,21.65]},"properties":{"id":"TPT2779","name":"Laie Bay","type":"subordinate","region":"HI","tz":"Pacific/Honolulu","ref":"1612480"}},{"type":"Feature","id":"9413375","geometry":{"type":"Point","coordinates":[-121.94,36.52]},"properties":{"id":"9413375","name":"Carmel Cove, Carmel Bay","type":"subordinate","region":"CA","tz":"America/Los_Angeles","ref":"9413450"}},{"type":"Feature","id":"TPT2827","geometry":{"type":"Point","coordinates":[-165.866667,-10.866667]},"properties":{"id":"TPT2827","name":"Pukapuka","type":"subordinate","region":null,"tz":"Pacific/Rarotonga","ref":"1770000"}},{"type":"Feature","id":"8722471","geometry":{"type":"Point","coordinates":[-80.0933,26.9883]},"properties":{"id":"8722471","name":"Conch Bar, Jupiter Sound","type":"subordinate","region":"FL","tz":"America/New_York","ref":"8723178"}},{"type":"Feature","id":"8416608","geometry":{"type":"Point","coordinates":[-69.5367,44.0333]},"properties":{"id":"8416608","name":"Newcastle","type":"subordinate","region":"ME","tz":"America/New_York","ref":"8418150"}},{"type":"Feature","id":"8733502","geometry":{"type":"Point","coordinates":[-87.901001,30.542801]},"properties":{"id":"8733502","name":"Fly Creek, Mobile Bay","type":"reference","region":"AL","tz":"America/Chicago","gt_m":0.527}},{"type":"Feature","id":"9413745","geometry":{"type":"Point","coordinates":[-122.017,36.9583]},"properties":{"id":"9413745","name":"Santa Cruz, Monterey Bay","type":"subordinate","region":"CA","tz":"America/Los_Angeles","ref":"9413450"}},{"type":"Feature","id":"8462764","geometry":{"type":"Point","coordinates":[-72.35,41.3217]},"properties":{"id":"8462764","name":"Lyme, highway bridge","type":"subordinate","region":"CT","tz":"America/New_York","ref":"8461490"}},{"type":"Feature","id":"8720434","geometry":{"type":"Point","coordinates":[-81.761703,30.08]},"properties":{"id":"8720434","name":"Black Creek, S.C.L. RR. bridge","type":"reference","region":"FL","tz":"America/New_York","gt_m":0.316}},{"type":"Feature","id":"8728786","geometry":{"type":"Point","coordinates":[-85.153297,29.706699]},"properties":{"id":"8728786","name":"Eleven Mile, St. Vincent Sound","type":"reference","region":"FL","tz":"America/New_York","gt_m":0.509}},{"type":"Feature","id":"8722971","geometry":{"type":"Point","coordinates":[-80.1133,26.055]},"properties":{"id":"8722971","name":"Whiskey Creek, south entrance, ICWW","type":"subordinate","region":"FL","tz":"America/New_York","ref":"8723178"}},{"type":"Feature","id":"TWC1735","geometry":{"type":"Point","coordinates":[-134.85,57.416667]},"properties":{"id":"TWC1735","name":"Point Thatcher","type":"subordinate","region":"AK","tz":"America/Sitka","ref":"9452210"}},{"type":"Feature","id":"9459465","geometry":{"type":"Point","coordinates":[-160.617004,55.334999]},"properties":{"id":"9459465","name":"Zachary Bay, Unga Island","type":"reference","region":"AK","tz":"America/Anchorage","gt_m":2.265}},{"type":"Feature","id":"9490571","geometry":{"type":"Point","coordinates":[-163.321278,67.054194]},"properties":{"id":"9490571","name":"Cape Krusenstern","type":"reference","region":"AK","tz":"America/Nome","gt_m":0.201}},{"type":"Feature","id":"8412568","geometry":{"type":"Point","coordinates":[-67.87,44.3717]},"properties":{"id":"8412568","name":"Green Island, Petit Manan Bar","type":"subordinate","region":"ME","tz":"America/New_York","ref":"8418150"}},{"type":"Feature","id":"8665495","geometry":{"type":"Point","coordinates":[-79.9567,32.7833]},"properties":{"id":"8665495","name":"South Ashley Bridge","type":"subordinate","region":"SC","tz":"America/New_York","ref":"8665530"}},{"type":"Feature","id":"8518903","geometry":{"type":"Point","coordinates":[-73.925,40.8783]},"properties":{"id":"8518903","name":"Spuyten Duyvil Creek ent., N.Y.","type":"subordinate","region":"NY","tz":"America/New_York","ref":"8518750"}},{"type":"Feature","id":"8530586","geometry":{"type":"Point","coordinates":[-74.0917,40.7933]},"properties":{"id":"8530586","name":"Fish Creek, Berrys Creek","type":"subordinate","region":"NJ","tz":"America/New_York","ref":"8518750"}},{"type":"Feature","id":"8414781","geometry":{"type":"Point","coordinates":[-68.841698,44.6367]},"properties":{"id":"8414781","name":"Winterport","type":"reference","region":"ME","tz":"America/New_York","gt_m":3.829}},{"type":"Feature","id":"TEC4301","geometry":{"type":"Point","coordinates":[-83.366667,29.5]},"properties":{"id":"TEC4301","name":"Pepperfish Keys","type":"subordinate","region":"FL","tz":"America/New_York","ref":"8727520"}},{"type":"Feature","id":"8720291","geometry":{"type":"Point","coordinates":[-81.3867,30.2833]},"properties":{"id":"8720291","name":"Jacksonville Beach","type":"reference","region":"FL","tz":"America/New_York","gt_m":1.711}},{"type":"Feature","id":"8579381","geometry":{"type":"Point","coordinates":[-77.185,38.6017]},"properties":{"id":"8579381","name":"Indian Head, Md.","type":"subordinate","region":"MD","tz":"America/New_York","ref":"8594900"}},{"type":"Feature","id":"1619000","geometry":{"type":"Point","coordinates":[-169.53,16.7383]},"properties":{"id":"1619000","name":"JOHNSTON ATOLL","type":"reference","region":null,"tz":"Pacific/Honolulu","gt_m":0.674}},{"type":"Feature","id":"1617277","geometry":{"type":"Point","coordinates":[-155.903,20.1867]},"properties":{"id":"1617277","name":"Mahukona","type":"subordinate","region":"HI","tz":"Pacific/Honolulu","ref":"1617760"}},{"type":"Feature","id":"9451634","geometry":{"type":"Point","coordinates":[-134.38,57.1133]},"properties":{"id":"9451634","name":"Herring Bay","type":"subordinate","region":"AK","tz":"America/Juneau","ref":"9452210"}},{"type":"Feature","id":"TWC2111","geometry":{"type":"Point","coordinates":[-159.616667,55.633333]},"properties":{"id":"TWC2111","name":"Fox Bay, Kupreanof Peninsula","type":"subordinate","region":"AK","tz":"America/Anchorage","ref":"9457292"}},{"type":"Feature","id":"9455514","geometry":{"type":"Point","coordinates":[-151.365,59.49]},"properties":{"id":"9455514","name":"Sadie Cove, Kachemak Bay","type":"subordinate","region":"AK","tz":"America/Anchorage","ref":"9455500"}},{"type":"Feature","id":"8661608","geometry":{"type":"Point","coordinates":[-79.0533,33.5317]},"properties":{"id":"8661608","name":"Allston Creek","type":"subordinate","region":"SC","tz":"America/New_York","ref":"8661070"}},{"type":"Feature","id":"8533738","geometry":{"type":"Point","coordinates":[-74.1367,39.725]},"properties":{"id":"8533738","name":"Loveladies Harbor","type":"subordinate","region":"NJ","tz":"America/New_York","ref":"8531680"}},{"type":"Feature","id":"8723423","geometry":{"type":"Point","coordinates":[-80.33,25.4367]},"properties":{"id":"8723423","name":"Turkey Point, Biscayne Bay","type":"reference","region":"FL","tz":"America/New_York","gt_m":0.543}},{"type":"Feature","id":"9452516","geometry":{"type":"Point","coordinates":[-135.803,58.2867]},"properties":{"id":"9452516","name":"Point Adolphus","type":"subordinate","region":"AK","tz":"America/Juneau","ref":"9452634"}},{"type":"Feature","id":"8723933","geometry":{"type":"Point","coordinates":[-80.9583,24.755]},"properties":{"id":"8723933","name":"Grassy Key, south side, Hawk Channel","type":"subordinate","region":"FL","tz":"America/New_York","ref":"8724580"}},{"type":"Feature","id":"8519789","geometry":{"type":"Point","coordinates":[-74.2233,40.5567]},"properties":{"id":"8519789","name":"Rossville, N.Y.","type":"subordinate","region":"NY","tz":"America/New_York","ref":"8531680"}},{"type":"Feature","id":"TEC3541","geometry":{"type":"Point","coordinates":[-81.9,30.95]},"properties":{"id":"TEC3541","name":"Burnt Fort","type":"subordinate","region":"GA","tz":"America/New_York","ref":"8720030"}},{"type":"Feature","id":"8533941","geometry":{"type":"Point","coordinates":[-74.2567,39.6533]},"properties":{"id":"8533941","name":"Cedar Run","type":"subordinate","region":"NJ","tz":"America/New_York","ref":"8531680"}},{"type":"Feature","id":"8659084","geometry":{"type":"Point","coordinates":[-78.0183,33.915]},"properties":{"id":"8659084","name":"Southport","type":"reference","region":"NC","tz":"America/New_York","gt_m":1.442}},{"type":"Feature","id":"8720576","geometry":{"type":"Point","coordinates":[-81.31,29.8917]},"properties":{"id":"8720576","name":"St. Augustine, city dock","type":"subordinate","region":"FL","tz":"America/New_York","ref":"8720030"}},{"type":"Feature","id":"9461138","geometry":{"type":"Point","coordinates":[-177.997,51.7183]},"properties":{"id":"9461138","name":"Tanaga Bay","type":"subordinate","region":"AK","tz":"America/Adak","ref":"9461380"}},{"type":"Feature","id":"8737182","geometry":{"type":"Point","coordinates":[-87.915,30.8183]},"properties":{"id":"8737182","name":"Lower Hall Landing, Tensaw River","type":"subordinate","region":"AL","tz":"America/Chicago","ref":"8737048"}},{"type":"Feature","id":"9415056","geometry":{"type":"Point","coordinates":[-122.363,38.015]},"properties":{"id":"9415056","name":"Pinole Point","type":"reference","region":"CA","tz":"America/Los_Angeles","gt_m":1.902}},{"type":"Feature","id":"8742205","geometry":{"type":"Point","coordinates":[-88.6633,30.3617]},"properties":{"id":"8742205","name":"Graveline Bayou Entrance","type":"reference","region":"MS","tz":"America/Chicago","gt_m":0.498}},{"type":"Feature","id":"8723786","geometry":{"type":"Point","coordinates":[-80.5867,24.9533]},"properties":{"id":"8723786","name":"Snake Creek, USCG Station, Plantation Key","type":"subordinate","region":"FL","tz":"America/New_York","ref":"8723178"}},{"type":"Feature","id":"9451005","geometry":{"type":"Point","coordinates":[-132.697,56.1783]},"properties":{"id":"9451005","name":"Point Harrington","type":"reference","region":"AK","tz":"America/Sitka","gt_m":4.864}},{"type":"Feature","id":"8720051","geometry":{"type":"Point","coordinates":[-81.5233,30.6433]},"properties":{"id":"8720051","name":"Lofton, Lanceford Creek","type":"reference","region":"FL","tz":"America/New_York","gt_m":2.102}},{"type":"Feature","id":"9415307","geometry":{"type":"Point","coordinates":[-121.907,38.1367]},"properties":{"id":"9415307","name":"Meins Landing, Montezuma Slough","type":"subordinate","region":"CA","tz":"America/Los_Angeles","ref":"9415144"}},{"type":"Feature","id":"9443361","geometry":{"type":"Point","coordinates":[-124.297,48.2633]},"properties":{"id":"9443361","name":"Sekiu, Clallam Bay","type":"reference","region":"WA","tz":"America/Los_Angeles","gt_m":2.286}},{"type":"Feature","id":"8514560","geometry":{"type":"Point","coordinates":[-73.076698,40.950001]},"properties":{"id":"8514560","name":"Port Jefferson","type":"reference","region":"NY","tz":"America/New_York","gt_m":2.181}},{"type":"Feature","id":"8535357","geometry":{"type":"Point","coordinates":[-74.755,39.12]},"properties":{"id":"8535357","name":"Stites Sound","type":"subordinate","region":"NJ","tz":"America/New_York","ref":"8534720"}},{"type":"Feature","id":"8721120","geometry":{"type":"Point","coordinates":[-80.9633,29.1467]},"properties":{"id":"8721120","name":"Daytona Beach Shores, Sunglow Pier","type":"subordinate","region":"FL","tz":"America/New_York","ref":"8720030"}},{"type":"Feature","id":"8631411","geometry":{"type":"Point","coordinates":[-75.7133,37.3933]},"properties":{"id":"8631411","name":"Great Machipongo Inlet (inside)","type":"subordinate","region":"VA","tz":"America/New_York","ref":"8570280"}},{"type":"Feature","id":"8656451","geometry":{"type":"Point","coordinates":[-76.6683,34.7283]},"properties":{"id":"8656451","name":"Gallant Channel","type":"subordinate","region":"NC","tz":"America/New_York","ref":"8654400"}},{"type":"Feature","id":"8760579","geometry":{"type":"Point","coordinates":[-89.16,29.015]},"properties":{"id":"8760579","name":"Port Eads, South Pass","type":"subordinate","region":"LA","tz":"America/Chicago","ref":"8760551"}},{"type":"Feature","id":"9468877","geometry":{"type":"Point","coordinates":[-163.411911,64.681137]},"properties":{"id":"9468877","name":"White Mountain, Niukluk","type":"reference","region":"AK","tz":"America/Nome","gt_m":0.286}},{"type":"Feature","id":"9442705","geometry":{"type":"Point","coordinates":[-124.7369,48.171101]},"properties":{"id":"9442705","name":"Tskawahyah Island, Cape Alava","type":"reference","region":"WA","tz":"America/Los_Angeles","gt_m":2.655}},{"type":"Feature","id":"9415052","geometry":{"type":"Point","coordinates":[-122.503,38.015]},"properties":{"id":"9415052","name":"Gallinas, Gallinas Creek","type":"subordinate","region":"CA","tz":"America/Los_Angeles","ref":"9414290"}},{"type":"Feature","id":"9452747","geometry":{"type":"Point","coordinates":[-136.867,58.3833]},"properties":{"id":"9452747","name":"Dixon Harbor","type":"subordinate","region":"AK","tz":"America/Juneau","ref":"9452634"}},{"type":"Feature","id":"8418606","geometry":{"type":"Point","coordinates":[-70.3817,43.4617]},"properties":{"id":"8418606","name":"Camp Ellis, Saco River Entrance","type":"reference","region":"ME","tz":"America/New_York","gt_m":2.952}},{"type":"Feature","id":"8721649","geometry":{"type":"Point","coordinates":[-80.6,28.3683]},"properties":{"id":"8721649","name":"Cocoa Beach","type":"reference","region":"FL","tz":"America/New_York","gt_m":1.211}},{"type":"Feature","id":"9454363","geometry":{"type":"Point","coordinates":[-146.755005,60.946701]},"properties":{"id":"9454363","name":"Rocky Point","type":"subordinate","region":"AK","tz":"America/Anchorage","ref":"9454240"}},{"type":"Feature","id":"9446281","geometry":{"type":"Point","coordinates":[-122.823,47.3833]},"properties":{"id":"9446281","name":"Allyn, Case Inlet","type":"subordinate","region":"WA","tz":"America/Los_Angeles","ref":"9447130"}},{"type":"Feature","id":"8416828","geometry":{"type":"Point","coordinates":[-69.6283,43.85]},"properties":{"id":"8416828","name":"Boothbay Harbor","type":"subordinate","region":"ME","tz":"America/New_York","ref":"8418150"}},{"type":"Feature","id":"8722125","geometry":{"type":"Point","coordinates":[-80.3717,27.6317]},"properties":{"id":"8722125","name":"Vero Beach","type":"reference","region":"FL","tz":"America/New_York","gt_m":0.272}},{"type":"Feature","id":"8770777","geometry":{"type":"Point","coordinates":[-95.2658,29.726299]},"properties":{"id":"8770777","name":"Manchester, Houston Ship Channel","type":"reference","region":"TX","tz":"America/Chicago","gt_m":0.493}},{"type":"Feature","id":"8772132","geometry":{"type":"Point","coordinates":[-95.175,29.0417]},"properties":{"id":"8772132","name":"Christmas Bay","type":"subordinate","region":"TX","tz":"America/Chicago","ref":"8771450"}},{"type":"Feature","id":"9457407","geometry":{"type":"Point","coordinates":[-152.925,57.9783]},"properties":{"id":"9457407","name":"Nachalni Island","type":"reference","region":"AK","tz":"America/Anchorage","gt_m":4.167}},{"type":"Feature","id":"8530882","geometry":{"type":"Point","coordinates":[-74.139999,40.673302]},"properties":{"id":"8530882","name":"Port Elizabeth","type":"reference","region":"NJ","tz":"America/New_York","gt_m":1.704}},{"type":"Feature","id":"8636969","geometry":{"type":"Point","coordinates":[-76.7083,37.4467]},"properties":{"id":"8636969","name":"Roane Point","type":"subordinate","region":"VA","tz":"America/New_York","ref":"8638610"}},{"type":"Feature","id":"8530772","geometry":{"type":"Point","coordinates":[-74.1033,40.7283]},"properties":{"id":"8530772","name":"Kearny Point","type":"subordinate","region":"NJ","tz":"America/New_York","ref":"8518750"}},{"type":"Feature","id":"8538848","geometry":{"type":"Point","coordinates":[-74.8183,39.9983]},"properties":{"id":"8538848","name":"North Branch","type":"subordinate","region":"NJ","tz":"America/New_York","ref":"8545240"}},{"type":"Feature","id":"8448157","geometry":{"type":"Point","coordinates":[-70.6,41.4583]},"properties":{"id":"8448157","name":"VINEYARD HAVEN, VINEYARD HVN HBR","type":"reference","region":"MA","tz":"America/New_York","gt_m":0.649}},{"type":"Feature","id":"8512987","geometry":{"type":"Point","coordinates":[-72.645,40.9817]},"properties":{"id":"8512987","name":"Northville","type":"reference","region":"NY","tz":"America/New_York","gt_m":1.792}},{"type":"Feature","id":"9451376","geometry":{"type":"Point","coordinates":[-135.075,56.7217]},"properties":{"id":"9451376","name":"Dorothy Cove, Necker Bay","type":"subordinate","region":"AK","tz":"America/Sitka","ref":"9451600"}},{"type":"Feature","id":"TEC3457","geometry":{"type":"Point","coordinates":[-81.316667,31.583333]},"properties":{"id":"TEC3457","name":"Dallas Bluff, Julienton River","type":"subordinate","region":"GA","tz":"America/New_York","ref":"8670870"}},{"type":"Feature","id":"TWC2305","geometry":{"type":"Point","coordinates":[177.449997,51.9333]},"properties":{"id":"TWC2305","name":"Gertrude Cove, Kiska Island","type":"subordinate","region":null,"tz":"America/Adak","ref":"9461380"}},{"type":"Feature","id":"8723644","geometry":{"type":"Point","coordinates":[-80.9233,25.1417]},"properties":{"id":"8723644","name":"Flamingo, Florida Bay","type":"subordinate","region":"FL","tz":"America/New_York","ref":"8724580"}},{"type":"Feature","id":"8761432","geometry":{"type":"Point","coordinates":[-89.764503,29.512699]},"properties":{"id":"8761432","name":"Bayou Chene","type":"reference","region":"LA","tz":"America/Chicago","gt_m":0.287}},{"type":"Feature","id":"9455517","geometry":{"type":"Point","coordinates":[-151.565,59.468306]},"properties":{"id":"9455517","name":"Kasitsna Bay, Kachemak Bay","type":"reference","region":"AK","tz":"America/Anchorage","gt_m":5.532}},{"type":"Feature","id":"TWC1131","geometry":{"type":"Point","coordinates":[-122.366667,48.216667]},"properties":{"id":"TWC1131","name":"Stanwood, Stillaguamish River","type":"subordinate","region":"WA","tz":"America/Los_Angeles","ref":"9447130"}},{"type":"Feature","id":"8726651","geometry":{"type":"Point","coordinates":[-82.4267,27.8983]},"properties":{"id":"8726651","name":"Pendola Point, Hillsborough Bay","type":"subordinate","region":"FL","tz":"America/New_York","ref":"8726520"}},{"type":"Feature","id":"9414767","geometry":{"type":"Point","coordinates":[-122.315,37.7933]},"properties":{"id":"9414767","name":"Alameda Naval Air Station","type":"subordinate","region":"CA","tz":"America/Los_Angeles","ref":"9414290"}},{"type":"Feature","id":"8638495","geometry":{"type":"Point","coordinates":[-77.42,37.525]},"properties":{"id":"8638495","name":"Richmond (river locks)","type":"reference","region":"VA","tz":"America/New_York","gt_m":1.123}},{"type":"Feature","id":"8779748","geometry":{"type":"Point","coordinates":[-97.167503,26.073099]},"properties":{"id":"8779748","name":"South Padre Island C.G. Station","type":"reference","region":"TX","tz":"America/Chicago","gt_m":0.416}},{"type":"Feature","id":"8453033","geometry":{"type":"Point","coordinates":[-71.3517,41.751701]},"properties":{"id":"8453033","name":"Bay Spring, Bullock Cove","type":"reference","region":"RI","tz":"America/New_York","gt_m":1.423}},{"type":"Feature","id":"8516225","geometry":{"type":"Point","coordinates":[-73.525,40.6033]},"properties":{"id":"8516225","name":"Deep Creek Meadow","type":"subordinate","region":"NY","tz":"America/New_York","ref":"8531680"}},{"type":"Feature","id":"TEC1645","geometry":{"type":"Point","coordinates":[-74.2,40.6]},"properties":{"id":"TEC1645","name":"Chelsea","type":"subordinate","region":"NY","tz":"America/New_York","ref":"8531680"}},{"type":"Feature","id":"9457351","geometry":{"type":"Point","coordinates":[-152.718,57.4817]},"properties":{"id":"9457351","name":"Ugak Bay (Saltery Cove)","type":"subordinate","region":"AK","tz":"America/Anchorage","ref":"9457292"}},{"type":"Feature","id":"9447814","geometry":{"type":"Point","coordinates":[-122.357,47.94]},"properties":{"id":"9447814","name":"Glendale, Whidbey Island","type":"subordinate","region":"WA","tz":"America/Los_Angeles","ref":"9447130"}},{"type":"Feature","id":"9462606","geometry":{"type":"Point","coordinates":[-166.572,53.7133]},"properties":{"id":"9462606","name":"Kisselen Bay, Beaver Inlet","type":"subordinate","region":"AK","tz":"America/Nome","ref":"9462620"}},{"type":"Feature","id":"9465396","geometry":{"type":"Point","coordinates":[-161.818,59.0467]},"properties":{"id":"9465396","name":"Platinum","type":"reference","region":"AK","tz":"America/Anchorage","gt_m":2.876}},{"type":"Feature","id":"9469439","geometry":{"type":"Point","coordinates":[-167.975,65.558333]},"properties":{"id":"9469439","name":"Tin City","type":"reference","region":"AK","tz":"America/Nome","gt_m":0.311}},{"type":"Feature","id":"9466477","geometry":{"type":"Point","coordinates":[-161.75,60.8]},"properties":{"id":"9466477","name":"Bethel","type":"reference","region":"AK","tz":"America/Anchorage","gt_m":1.117}},{"type":"Feature","id":"8657813","geometry":{"type":"Point","coordinates":[-77.706001,34.339401]},"properties":{"id":"8657813","name":"Hampstead","type":"reference","region":"NC","tz":"America/New_York","gt_m":1.162}},{"type":"Feature","id":"TEC3127","geometry":{"type":"Point","coordinates":[-79.933333,32.65]},"properties":{"id":"TEC3127","name":"Folly Island (outer coast)","type":"subordinate","region":"SC","tz":"America/New_York","ref":"8665530"}},{"type":"Feature","id":"8760959","geometry":{"type":"Point","coordinates":[-89.4283,28.9317]},"properties":{"id":"8760959","name":"Southwest Pass","type":"subordinate","region":"LA","tz":"America/Chicago","ref":"8760551"}},{"type":"Feature","id":"9451906","geometry":{"type":"Point","coordinates":[-133.96,57.4833]},"properties":{"id":"9451906","name":"Gambier Bay (cannery wharf)","type":"subordinate","region":"AK","tz":"America/Juneau","ref":"9452210"}},{"type":"Feature","id":"8761473","geometry":{"type":"Point","coordinates":[-89.7933,30.2717]},"properties":{"id":"8761473","name":"Bayou BonFouca, Route 433","type":"subordinate","region":"LA","tz":"America/Chicago","ref":"8760551"}},{"type":"Feature","id":"8724172","geometry":{"type":"Point","coordinates":[-81.3233,24.7667]},"properties":{"id":"8724172","name":"Johnson Keys, north end","type":"subordinate","region":"FL","tz":"America/New_York","ref":"8724580"}},{"type":"Feature","id":"8727061","geometry":{"type":"Point","coordinates":[-82.71,28.3617]},"properties":{"id":"8727061","name":"Hudson, Hudson Creek","type":"subordinate","region":"FL","tz":"America/New_York","ref":"8727520"}},{"type":"Feature","id":"8660854","geometry":{"type":"Point","coordinates":[-78.9217,33.7133]},"properties":{"id":"8660854","name":"Myrtle Beach, Combination Bridge","type":"subordinate","region":"SC","tz":"America/New_York","ref":"8665530"}},{"type":"Feature","id":"9445639","geometry":{"type":"Point","coordinates":[-122.493,47.7967]},"properties":{"id":"9445639","name":"Kingston, Appletree Cove","type":"subordinate","region":"WA","tz":"America/Los_Angeles","ref":"9447130"}},{"type":"Feature","id":"8630308","geometry":{"type":"Point","coordinates":[-75.405,37.9067]},"properties":{"id":"8630308","name":"Chincoteague Channel (south end)","type":"reference","region":"VA","tz":"America/New_York","gt_m":0.758}},{"type":"Feature","id":"8770808","geometry":{"type":"Point","coordinates":[-94.390297,29.5947]},"properties":{"id":"8770808","name":"High Island, ICWW","type":"reference","region":"TX","tz":"America/Chicago","gt_m":0.404}},{"type":"Feature","id":"8655875","geometry":{"type":"Point","coordinates":[-76.3433,34.875]},"properties":{"id":"8655875","name":"Sea Level","type":"reference","region":"NC","tz":"America/New_York","gt_m":0.22}},{"type":"Feature","id":"8665192","geometry":{"type":"Point","coordinates":[-79.9,32.8217]},"properties":{"id":"8665192","name":"Hobcaw Point","type":"subordinate","region":"SC","tz":"America/New_York","ref":"8665530"}},{"type":"Feature","id":"8533615","geometry":{"type":"Point","coordinates":[-74.1117,39.7617]},"properties":{"id":"8533615","name":"Barnegat Inlet, USCG Station","type":"reference","region":"NJ","tz":"America/New_York","gt_m":0.765}},{"type":"Feature","id":"9414724","geometry":{"type":"Point","coordinates":[-122.235,37.7483]},"properties":{"id":"9414724","name":"San Leandro Channel, San Leandro Bay","type":"subordinate","region":"CA","tz":"America/Los_Angeles","ref":"9414290"}},{"type":"Feature","id":"8723094","geometry":{"type":"Point","coordinates":[-80.1433,25.875]},"properties":{"id":"8723094","name":"Indian Creek Golf Club, ICWW","type":"subordinate","region":"FL","tz":"America/New_York","ref":"8723178"}},{"type":"Feature","id":"8666749","geometry":{"type":"Point","coordinates":[-80.4717,32.6317]},"properties":{"id":"8666749","name":"Airy Hall Plantation","type":"subordinate","region":"SC","tz":"America/New_York","ref":"8670870"}},{"type":"Feature","id":"8672875","geometry":{"type":"Point","coordinates":[-81.2783,31.7667]},"properties":{"id":"8672875","name":"Sunbury, Medway River","type":"reference","region":"GA","tz":"America/New_York","gt_m":2.395}},{"type":"Feature","id":"8771262","geometry":{"type":"Point","coordinates":[-94.884903,29.3906]},"properties":{"id":"8771262","name":"Texas City, Galveston Bay","type":"reference","region":"TX","tz":"America/Chicago","gt_m":0.331}},{"type":"Feature","id":"8656569","geometry":{"type":"Point","coordinates":[-76.665,34.6983]},"properties":{"id":"8656569","name":"Beaufort Inlet Channel Range","type":"subordinate","region":"NC","tz":"America/New_York","ref":"8654400"}},{"type":"Feature","id":"9415266","geometry":{"type":"Point","coordinates":[-122.1,38.1267]},"properties":{"id":"9415266","name":"Pierce Harbor, Goodyear Slough","type":"subordinate","region":"CA","tz":"America/Los_Angeles","ref":"9415144"}},{"type":"Feature","id":"8724168","geometry":{"type":"Point","coordinates":[-81.3183,24.6983]},"properties":{"id":"8724168","name":"No Name Key, east side, Bahia Honda Channel","type":"subordinate","region":"FL","tz":"America/New_York","ref":"8724580"}},{"type":"Feature","id":"8664532","geometry":{"type":"Point","coordinates":[-80.1567,32.9317]},"properties":{"id":"8664532","name":"Greggs Landing, Mateeba Gardens","type":"subordinate","region":"SC","tz":"America/New_York","ref":"8665530"}},{"type":"Feature","id":"8724527","geometry":{"type":"Point","coordinates":[-81.75,24.57]},"properties":{"id":"8724527","name":"Cow Key Channel","type":"subordinate","region":"FL","tz":"America/New_York","ref":"8724580"}},{"type":"Feature","id":"8411250","geometry":{"type":"Point","coordinates":[-67.2967,44.6417]},"properties":{"id":"8411250","name":"Cutler, Naval Radio Station","type":"reference","region":"ME","tz":"America/New_York","gt_m":4.133}},{"type":"Feature","id":"8724423","geometry":{"type":"Point","coordinates":[-81.6233,24.6117]},"properties":{"id":"8724423","name":"Saddlebunch Keys, Channel No. 5","type":"subordinate","region":"FL","tz":"America/New_York","ref":"8724580"}},{"type":"Feature","id":"9450463","geometry":{"type":"Point","coordinates":[-132.938056,55.351667]},"properties":{"id":"9450463","name":"TROCADERO BAY","type":"reference","region":"AK","tz":"America/Sitka","gt_m":3.074}},{"type":"Feature","id":"8762483","geometry":{"type":"Point","coordinates":[-90.389999,30.0679]},"properties":{"id":"8762483","name":"I-10 BONNET CARRE FLOODWAY","type":"reference","region":"LA","tz":"America/Chicago","gt_m":0.178}},{"type":"Feature","id":"8720267","geometry":{"type":"Point","coordinates":[-81.4383,30.3233]},"properties":{"id":"8720267","name":"Pablo Creek, ICWW bridge","type":"subordinate","region":"FL","tz":"America/New_York","ref":"8720218"}},{"type":"Feature","id":"8724153","geometry":{"type":"Point","coordinates":[-81.3,24.7433]},"properties":{"id":"8724153","name":"Johnson Keys, south end","type":"subordinate","region":"FL","tz":"America/New_York","ref":"8724580"}},{"type":"Feature","id":"9418757","geometry":{"type":"Point","coordinates":[-124.193,40.7567]},"properties":{"id":"9418757","name":"Elk River Railroad Bridge","type":"subordinate","region":"CA","tz":"America/Los_Angeles","ref":"9418767"}},{"type":"Feature","id":"8720767","geometry":{"type":"Point","coordinates":[-81.6817,29.595]},"properties":{"id":"8720767","name":"Buffalo Bluff","type":"reference","region":"FL","tz":"America/New_York","gt_m":0.347}},{"type":"Feature","id":"8723583","geometry":{"type":"Point","coordinates":[-80.2117,25.2217]},"properties":{"id":"8723583","name":"Carysfort Reef","type":"subordinate","region":"FL","tz":"America/New_York","ref":"8723178"}},{"type":"Feature","id":"8634214","geometry":{"type":"Point","coordinates":[-77.0383,38.805]},"properties":{"id":"8634214","name":"Alexandria, Va.","type":"subordinate","region":"VA","tz":"America/New_York","ref":"8594900"}},{"type":"Feature","id":"8440369","geometry":{"type":"Point","coordinates":[-70.9883,42.825]},"properties":{"id":"8440369","name":"Merrimacport","type":"reference","region":"MA","tz":"America/New_York","gt_m":2.334}},{"type":"Feature","id":"9446828","geometry":{"type":"Point","coordinates":[-122.665,47.1183]},"properties":{"id":"9446828","name":"Dupont Wharf, Nisqually Reach","type":"subordinate","region":"WA","tz":"America/Los_Angeles","ref":"9447130"}},{"type":"Feature","id":"8636735","geometry":{"type":"Point","coordinates":[-76.3317,37.5483]},"properties":{"id":"8636735","name":"Jackson Creek, Deltaville","type":"subordinate","region":"VA","tz":"America/New_York","ref":"8638610"}},{"type":"Feature","id":"9452400","geometry":{"type":"Point","coordinates":[-135.328,59.4508]},"properties":{"id":"9452400","name":"Skagway, Taiya Inlet","type":"reference","region":"AK","tz":"America/Juneau","gt_m":5.1}},{"type":"Feature","id":"9445526","geometry":{"type":"Point","coordinates":[-122.545,47.9183]},"properties":{"id":"9445526","name":"Hansville","type":"subordinate","region":"WA","tz":"America/Los_Angeles","ref":"9447130"}},{"type":"Feature","id":"8518974","geometry":{"type":"Point","coordinates":[-73.8,42.25]},"properties":{"id":"8518974","name":"Hudson","type":"subordinate","region":"NY","tz":"America/New_York","ref":"8518750"}},{"type":"Feature","id":"9439069","geometry":{"type":"Point","coordinates":[-123.588,46.1867]},"properties":{"id":"9439069","name":"Knappa, Knappa Slough","type":"subordinate","region":"WA","tz":"America/Los_Angeles","ref":"9439040"}},{"type":"Feature","id":"8418772","geometry":{"type":"Point","coordinates":[-70.4317,43.3667]},"properties":{"id":"8418772","name":"Cape Porpoise","type":"subordinate","region":"ME","tz":"America/New_York","ref":"8418150"}},{"type":"Feature","id":"8516881","geometry":{"type":"Point","coordinates":[-73.7433,40.595]},"properties":{"id":"8516881","name":"East Rockaway Inlet, Atlantic Beach","type":"reference","region":"NY","tz":"America/New_York","gt_m":1.493}},{"type":"Feature","id":"8410875","geometry":{"type":"Point","coordinates":[-67.1583,44.875]},"properties":{"id":"8410875","name":"Birch Islands","type":"subordinate","region":"ME","tz":"America/New_York","ref":"8410140"}},{"type":"Feature","id":"8729045","geometry":{"type":"Point","coordinates":[-85.5283,30.1217]},"properties":{"id":"8729045","name":"Laird Bayou, East Bay","type":"subordinate","region":"FL","tz":"America/Chicago","ref":"8729840"}},{"type":"Feature","id":"TWC2423","geometry":{"type":"Point","coordinates":[-145.833333,70.183333]},"properties":{"id":"TWC2423","name":"Flaxman Island","type":"subordinate","region":"AK","tz":"America/Anchorage","ref":"9457292"}},{"type":"Feature","id":"8639214","geometry":{"type":"Point","coordinates":[-75.975,36.825]},"properties":{"id":"8639214","name":"Rudee Heights, Lake Wesley","type":"subordinate","region":"VA","tz":"America/New_York","ref":"8651370"}},{"type":"Feature","id":"8668146","geometry":{"type":"Point","coordinates":[-80.4533,32.4033]},"properties":{"id":"8668146","name":"Harbor River Bridge","type":"subordinate","region":"SC","tz":"America/New_York","ref":"8670870"}},{"type":"Feature","id":"9469677","geometry":{"type":"Point","coordinates":[-161.125,65.975502]},"properties":{"id":"9469677","name":"Buckland, Buckland river","type":"reference","region":"AK","tz":"America/Anchorage","gt_m":0.532}},{"type":"Feature","id":"8724177","geometry":{"type":"Point","coordinates":[-81.3283,24.75]},"properties":{"id":"8724177","name":"Little Pine Key, north end","type":"subordinate","region":"FL","tz":"America/New_York","ref":"8724580"}},{"type":"Feature","id":"8631044","geometry":{"type":"Point","coordinates":[-75.685833,37.607778]},"properties":{"id":"8631044","name":"Wachapreague, Wachapreague Channel","type":"reference","region":"VA","tz":"America/New_York","gt_m":1.363}},{"type":"Feature","id":"8535901","geometry":{"type":"Point","coordinates":[-74.8917,38.9483]},"properties":{"id":"8535901","name":"Cape May Harbor","type":"subordinate","region":"NJ","tz":"America/New_York","ref":"8534720"}},{"type":"Feature","id":"9413616","geometry":{"type":"Point","coordinates":[-121.79,36.8017]},"properties":{"id":"9413616","name":"Moss Landing, Ocean Pier","type":"subordinate","region":"CA","tz":"America/Los_Angeles","ref":"9413450"}},{"type":"Feature","id":"8578002","geometry":{"type":"Point","coordinates":[-76.3233,38.04]},"properties":{"id":"8578002","name":"Point Lookout","type":"subordinate","region":"VA","tz":"America/New_York","ref":"8574680"}},{"type":"Feature","id":"9440171","geometry":{"type":"Point","coordinates":[-122.754997,45.741699]},"properties":{"id":"9440171","name":"Knapp Landing, Willow Bar","type":"reference","region":"WA","tz":"America/Los_Angeles","gt_m":0.958}},{"type":"Feature","id":"8668636","geometry":{"type":"Point","coordinates":[-80.8417,32.3167]},"properties":{"id":"8668636","name":"Callawassie Creek, Colleton River","type":"subordinate","region":"SC","tz":"America/New_York","ref":"8670870"}},{"type":"Feature","id":"8662216","geometry":{"type":"Point","coordinates":[-79.4333,33.37]},"properties":{"id":"8662216","name":"Cumberland","type":"subordinate","region":"SC","tz":"America/New_York","ref":"8665530"}},{"type":"Feature","id":"9450624","geometry":{"type":"Point","coordinates":[-131.632,55.6017]},"properties":{"id":"9450624","name":"Loring, Naha Bay","type":"subordinate","region":"AK","tz":"America/Sitka","ref":"9450460"}},{"type":"Feature","id":"8462752","geometry":{"type":"Point","coordinates":[-72.35,41.2833]},"properties":{"id":"8462752","name":"Saybrook Point","type":"subordinate","region":"CT","tz":"America/New_York","ref":"8461490"}},{"type":"Feature","id":"8679242","geometry":{"type":"Point","coordinates":[-81.4867,30.8433]},"properties":{"id":"8679242","name":"Crooked River, Cumberland Dividings","type":"subordinate","region":"GA","tz":"America/New_York","ref":"8720030"}},{"type":"Feature","id":"8661139","geometry":{"type":"Point","coordinates":[-79.095,33.6467]},"properties":{"id":"8661139","name":"Bucksport","type":"reference","region":"SC","tz":"America/New_York","gt_m":0.746}},{"type":"Feature","id":"8533862","geometry":{"type":"Point","coordinates":[-74.16,39.675]},"properties":{"id":"8533862","name":"North Beach","type":"subordinate","region":"NJ","tz":"America/New_York","ref":"8531680"}},{"type":"Feature","id":"9452632","geometry":{"type":"Point","coordinates":[-136.333,58.9467]},"properties":{"id":"9452632","name":"Wachusett Inlet, Glacier Bay","type":"subordinate","region":"AK","tz":"America/Juneau","ref":"9452634"}},{"type":"Feature","id":"8724306","geometry":{"type":"Point","coordinates":[-81.485,24.6417]},"properties":{"id":"8724306","name":"Gopher Key, Cudjoe Bay","type":"subordinate","region":"FL","tz":"America/New_York","ref":"8724580"}},{"type":"Feature","id":"8725393","geometry":{"type":"Point","coordinates":[-82.081703,26.491699]},"properties":{"id":"8725393","name":"St. James City, Pine Island","type":"reference","region":"FL","tz":"America/New_York","gt_m":0.733}},{"type":"Feature","id":"8729909","geometry":{"type":"Point","coordinates":[-87.356697,30.3267]},"properties":{"id":"8729909","name":"Big Lagoon","type":"reference","region":"FL","tz":"America/Chicago","gt_m":0.312}},{"type":"Feature","id":"8720625","geometry":{"type":"Point","coordinates":[-81.5483,29.8017]},"properties":{"id":"8720625","name":"Racy Point, St Johns River","type":"reference","region":"FL","tz":"America/New_York","gt_m":0.386}},{"type":"Feature","id":"8414672","geometry":{"type":"Point","coordinates":[-68.7967,44.3867]},"properties":{"id":"8414672","name":"Castine","type":"subordinate","region":"ME","tz":"America/New_York","ref":"8413320"}},{"type":"Feature","id":"9463888","geometry":{"type":"Point","coordinates":[-169.549556,56.603278]},"properties":{"id":"9463888","name":"St. George, St. George Island","type":"reference","region":"AK","tz":"America/Nome","gt_m":1.053}},{"type":"Feature","id":"8466442","geometry":{"type":"Point","coordinates":[-73.055,41.2183]},"properties":{"id":"8466442","name":"Milford Harbor","type":"subordinate","region":"CT","tz":"America/New_York","ref":"8467150"}},{"type":"Feature","id":"9444090","geometry":{"type":"Point","coordinates":[-123.440002,48.125]},"properties":{"id":"9444090","name":"Port Angeles","type":"reference","region":"WA","tz":"America/Los_Angeles","gt_m":2.153}},{"type":"Feature","id":"8724405","geometry":{"type":"Point","coordinates":[-81.6033,24.6233]},"properties":{"id":"8724405","name":"Saddlebunch Keys, Channel No. 3","type":"subordinate","region":"FL","tz":"America/New_York","ref":"8724580"}},{"type":"Feature","id":"8450898","geometry":{"type":"Point","coordinates":[-71.21,41.6517]},"properties":{"id":"8450898","name":"North End, Bay Oil pier","type":"subordinate","region":"RI","tz":"America/New_York","ref":"8452660"}},{"type":"Feature","id":"9462317","geometry":{"type":"Point","coordinates":[-169.165,52.9117]},"properties":{"id":"9462317","name":"Adugak Island","type":"subordinate","region":"AK","tz":"America/Nome","ref":"9462620"}},{"type":"Feature","id":"8446493","geometry":{"type":"Point","coordinates":[-70.6617,41.96]},"properties":{"id":"8446493","name":"Plymouth","type":"reference","region":"MA","tz":"America/New_York","gt_m":3.211}},{"type":"Feature","id":"8531223","geometry":{"type":"Point","coordinates":[-74.2733,40.4533]},"properties":{"id":"8531223","name":"Cheesequake Creek, Garden State Parkway","type":"reference","region":"NJ","tz":"America/New_York","gt_m":1.716}},{"type":"Feature","id":"8732828","geometry":{"type":"Point","coordinates":[-87.825401,30.416901]},"properties":{"id":"8732828","name":"Weeks Bay","type":"reference","region":"AL","tz":"America/Chicago","gt_m":0.49}},{"type":"Feature","id":"8441771","geometry":{"type":"Point","coordinates":[-70.7767,42.6317]},"properties":{"id":"8441771","name":"Essex","type":"reference","region":"MA","tz":"America/New_York","gt_m":3.025}},{"type":"Feature","id":"TWC2071","geometry":{"type":"Point","coordinates":[-153.3,57.8]},"properties":{"id":"TWC2071","name":"Uganik Passage","type":"subordinate","region":"AK","tz":"America/Anchorage","ref":"9455500"}},{"type":"Feature","id":"9444122","geometry":{"type":"Point","coordinates":[-123.413,48.14]},"properties":{"id":"9444122","name":"Ediz Hook, Port Angeles","type":"subordinate","region":"WA","tz":"America/Los_Angeles","ref":"9444900"}},{"type":"Feature","id":"8537535","geometry":{"type":"Point","coordinates":[-75.4467,39.4317]},"properties":{"id":"8537535","name":"1 n.mi. above entrance, N.J.","type":"subordinate","region":"NJ","tz":"America/New_York","ref":"8551910"}},{"type":"Feature","id":"8630637","geometry":{"type":"Point","coordinates":[-75.5617,37.7767]},"properties":{"id":"8630637","name":"Gargathy Neck","type":"subordinate","region":"VA","tz":"America/New_York","ref":"8570280"}},{"type":"Feature","id":"9415020","geometry":{"type":"Point","coordinates":[-122.973611,37.994167]},"properties":{"id":"9415020","name":"Point Reyes","type":"reference","region":"CA","tz":"America/Los_Angeles","gt_m":1.758}},{"type":"Feature","id":"8770520","geometry":{"type":"Point","coordinates":[-93.881699,29.98]},"properties":{"id":"8770520","name":"Rainbow Bridge","type":"reference","region":"TX","tz":"America/Chicago","gt_m":0.299}},{"type":"Feature","id":"8418015","geometry":{"type":"Point","coordinates":[-70.205,43.7317]},"properties":{"id":"8418015","name":"Falmouth Foreside","type":"subordinate","region":"ME","tz":"America/New_York","ref":"8418150"}},{"type":"Feature","id":"9455151","geometry":{"type":"Point","coordinates":[-149.748,59.6933]},"properties":{"id":"9455151","name":"Camp Cove, Aialik Bay","type":"reference","region":"AK","tz":"America/Anchorage","gt_m":3.25}},{"type":"Feature","id":"8765026","geometry":{"type":"Point","coordinates":[-91.7633,29.485]},"properties":{"id":"8765026","name":"South Point, Marsh Island","type":"subordinate","region":"LA","tz":"America/Chicago","ref":"8771450"}},{"type":"Feature","id":"9469833","geometry":{"type":"Point","coordinates":[-163.904099,66.230301]},"properties":{"id":"9469833","name":"GOODHOPE BAY, KOTZEBUE SOUND","type":"reference","region":"AK","tz":"America/Nome","gt_m":0.514}},{"type":"Feature","id":"8534691","geometry":{"type":"Point","coordinates":[-74.7167,39.3683]},"properties":{"id":"8534691","name":"River Bend Marina, Great Egg Harbor River","type":"subordinate","region":"NJ","tz":"America/New_York","ref":"8534720"}},{"type":"Feature","id":"8416581","geometry":{"type":"Point","coordinates":[-69.525,43.8767]},"properties":{"id":"8416581","name":"Pemaquid Harbor, Johns Bay","type":"subordinate","region":"ME","tz":"America/New_York","ref":"8418150"}},{"type":"Feature","id":"8424601","geometry":{"type":"Point","coordinates":[-70.7133,43.0567]},"properties":{"id":"8424601","name":"Jaffrey Point","type":"subordinate","region":"NH","tz":"America/New_York","ref":"8418150"}},{"type":"Feature","id":"8537731","geometry":{"type":"Point","coordinates":[-75.5167,39.4967]},"properties":{"id":"8537731","name":"0.8 n.mi. above entrance","type":"subordinate","region":"NJ","tz":"America/New_York","ref":"8551910"}},{"type":"Feature","id":"8658622","geometry":{"type":"Point","coordinates":[-77.955,34.0033]},"properties":{"id":"8658622","name":"Reaves Point","type":"subordinate","region":"NC","tz":"America/New_York","ref":"8658120"}},{"type":"Feature","id":"9462719","geometry":{"type":"Point","coordinates":[-165.533,54.2333]},"properties":{"id":"9462719","name":"Akun Cove, Akun Island","type":"reference","region":"AK","tz":"America/Nome","gt_m":0.94}},{"type":"Feature","id":"8727843","geometry":{"type":"Point","coordinates":[-83.6717,29.92]},"properties":{"id":"8727843","name":"Spring Warrior Creek","type":"reference","region":"FL","tz":"America/New_York","gt_m":1.053}},{"type":"Feature","id":"8668077","geometry":{"type":"Point","coordinates":[-80.52,32.4167]},"properties":{"id":"8668077","name":"Village Creek Cemetery","type":"subordinate","region":"SC","tz":"America/New_York","ref":"8670870"}},{"type":"Feature","id":"TWC0439","geometry":{"type":"Point","coordinates":[-118.266667,33.75]},"properties":{"id":"TWC0439","name":"Los Angeles Harbor, Mormon Island","type":"subordinate","region":"CA","tz":"America/Los_Angeles","ref":"9410660"}},{"type":"Feature","id":"8532339","geometry":{"type":"Point","coordinates":[-74.0267,40.1867]},"properties":{"id":"8532339","name":"Shark River Island, fixed RR. bridge","type":"subordinate","region":"NJ","tz":"America/New_York","ref":"8531680"}},{"type":"Feature","id":"8530528","geometry":{"type":"Point","coordinates":[-74.06,40.8067]},"properties":{"id":"8530528","name":"Carlstadt, Garretts Reach","type":"subordinate","region":"NJ","tz":"America/New_York","ref":"8518750"}},{"type":"Feature","id":"8663731","geometry":{"type":"Point","coordinates":[-79.8833,33.0717]},"properties":{"id":"8663731","name":"Bonneau Ferry, East Branch","type":"subordinate","region":"SC","tz":"America/New_York","ref":"8665530"}},{"type":"Feature","id":"8575550","geometry":{"type":"Point","coordinates":[-76.555,38.9583]},"properties":{"id":"8575550","name":"Gingerville Creek, South River","type":"subordinate","region":"MD","tz":"America/New_York","ref":"8574680"}},{"type":"Feature","id":"9452435","geometry":{"type":"Point","coordinates":[-135.433,59.23]},"properties":{"id":"9452435","name":"Haines Inlet","type":"subordinate","region":"AK","tz":"America/Juneau","ref":"9452210"}},{"type":"Feature","id":"8514421","geometry":{"type":"Point","coordinates":[-73.04,40.9633]},"properties":{"id":"8514421","name":"Mount Sinai Harbor","type":"subordinate","region":"NY","tz":"America/New_York","ref":"8467150"}},{"type":"Feature","id":"8533365","geometry":{"type":"Point","coordinates":[-74.151703,39.845001]},"properties":{"id":"8533365","name":"Stouts Creek","type":"reference","region":"NJ","tz":"America/New_York","gt_m":0.268}},{"type":"Feature","id":"8516601","geometry":{"type":"Point","coordinates":[-73.65,40.6]},"properties":{"id":"8516601","name":"Long Beach (Inside)","type":"subordinate","region":"NY","tz":"America/New_York","ref":"8531680"}},{"type":"Feature","id":"8725366","geometry":{"type":"Point","coordinates":[-81.9533,26.4567]},"properties":{"id":"8725366","name":"Matanzas Pass (fixed bridge) Estero Island","type":"subordinate","region":"FL","tz":"America/New_York","ref":"8726520"}},{"type":"Feature","id":"8630315","geometry":{"type":"Point","coordinates":[-75.407898,37.902401]},"properties":{"id":"8630315","name":"Southern Chincoteague Island","type":"reference","region":"VA","tz":"America/New_York","gt_m":0.981}},{"type":"Feature","id":"8664589","geometry":{"type":"Point","coordinates":[-80.0117,32.9183]},"properties":{"id":"8664589","name":"Hanahan, Turkey Creek, Goose Creek","type":"subordinate","region":"SC","tz":"America/New_York","ref":"8665530"}},{"type":"Feature","id":"9440662","geometry":{"type":"Point","coordinates":[-123.84,46.3883]},"properties":{"id":"9440662","name":"Naselle River, 4 miles above swing bridge","type":"subordinate","region":"WA","tz":"America/Los_Angeles","ref":"9440910"}},{"type":"Feature","id":"TWC2303","geometry":{"type":"Point","coordinates":[179.283295,51.416698]},"properties":{"id":"TWC2303","name":"Constantine Harbor, Amchitka Island","type":"subordinate","region":null,"tz":"America/Adak","ref":"9461380"}},{"type":"Feature","id":"8728237","geometry":{"type":"Point","coordinates":[-84.3417,29.9483]},"properties":{"id":"8728237","name":"Bald Point, Ochlockonee Bay","type":"reference","region":"FL","tz":"America/New_York","gt_m":0.95}},{"type":"Feature","id":"9451421","geometry":{"type":"Point","coordinates":[-135.393,56.7867]},"properties":{"id":"9451421","name":"Golf Island, Necker Island","type":"reference","region":"AK","tz":"America/Sitka","gt_m":2.958}},{"type":"Feature","id":"9465951","geometry":{"type":"Point","coordinates":[-164.043396,59.943199]},"properties":{"id":"9465951","name":"Kipnuk, Kugkaktlik River","type":"reference","region":"AK","tz":"America/Nome","gt_m":2.525}},{"type":"Feature","id":"TWC0940","geometry":{"type":"Point","coordinates":[-123.816667,46.688333]},"properties":{"id":"TWC0940","name":"Mailboat Slough, Willapa River","type":"subordinate","region":"WA","tz":"America/Los_Angeles","ref":"9440910"}},{"type":"Feature","id":"9414317","geometry":{"type":"Point","coordinates":[-122.387,37.79]},"properties":{"id":"9414317","name":"Rincon Point, Pier 22 1/2","type":"reference","region":"CA","tz":"America/Los_Angeles","gt_m":1.908}},{"type":"Feature","id":"8660121","geometry":{"type":"Point","coordinates":[-78.6083,33.87]},"properties":{"id":"8660121","name":"Little River (town)","type":"subordinate","region":"SC","tz":"America/New_York","ref":"8665530"}},{"type":"Feature","id":"9455249","geometry":{"type":"Point","coordinates":[-150.312,59.4883]},"properties":{"id":"9455249","name":"Chance Cove (Lagoon)","type":"subordinate","region":"AK","tz":"America/Anchorage","ref":"9455090"}},{"type":"Feature","id":"8665552","geometry":{"type":"Point","coordinates":[-79.8117,32.7767]},"properties":{"id":"8665552","name":"Breach Inlet, Isle of Palms","type":"subordinate","region":"SC","tz":"America/New_York","ref":"8665530"}},{"type":"Feature","id":"8516299","geometry":{"type":"Point","coordinates":[-73.55,40.9033]},"properties":{"id":"8516299","name":"Bayville Bridge","type":"reference","region":"NY","tz":"America/New_York","gt_m":2.442}},{"type":"Feature","id":"8662405","geometry":{"type":"Point","coordinates":[-79.6783,33.305]},"properties":{"id":"8662405","name":"Jamestown Bridge, Santee River","type":"subordinate","region":"SC","tz":"America/New_York","ref":"8665530"}},{"type":"Feature","id":"9451909","geometry":{"type":"Point","coordinates":[-133.898,57.4867]},"properties":{"id":"9451909","name":"Good Island, Gambier Bay","type":"subordinate","region":"AK","tz":"America/Juneau","ref":"9452210"}},{"type":"Feature","id":"8466573","geometry":{"type":"Point","coordinates":[-73.0717,41.3017]},"properties":{"id":"8466573","name":"Shelton","type":"subordinate","region":"CT","tz":"America/New_York","ref":"8467150"}},{"type":"Feature","id":"8415709","geometry":{"type":"Point","coordinates":[-69.1817,44.0717]},"properties":{"id":"8415709","name":"Thomaston","type":"reference","region":"ME","tz":"America/New_York","gt_m":3}},{"type":"Feature","id":"8652587","geometry":{"type":"Point","coordinates":[-75.548194,35.795694]},"properties":{"id":"8652587","name":"OREGON INLET MARINA","type":"reference","region":"NC","tz":"America/New_York","gt_m":0.36}},{"type":"Feature","id":"8724107","geometry":{"type":"Point","coordinates":[-81.2433,24.6733]},"properties":{"id":"8724107","name":"Missouri Key-Ohio Key Channel, west side","type":"subordinate","region":"FL","tz":"America/New_York","ref":"8724580"}},{"type":"Feature","id":"8763206","geometry":{"type":"Point","coordinates":[-90.8067,29.0633]},"properties":{"id":"8763206","name":"Caillou Boca","type":"subordinate","region":"LA","tz":"America/Chicago","ref":"8761724"}},{"type":"Feature","id":"8744117","geometry":{"type":"Point","coordinates":[-88.9033,30.4117]},"properties":{"id":"8744117","name":"Biloxi","type":"reference","region":"MS","tz":"America/Chicago","gt_m":0.542}},{"type":"Feature","id":"9445882","geometry":{"type":"Point","coordinates":[-122.515,47.62]},"properties":{"id":"9445882","name":"Eagle Harbor, Bainbridge Island","type":"subordinate","region":"WA","tz":"America/Los_Angeles","ref":"9447130"}},{"type":"Feature","id":"9451528","geometry":{"type":"Point","coordinates":[-133.894722,56.948306]},"properties":{"id":"9451528","name":"Kake Harbor, Keku Strait","type":"reference","region":"AK","tz":"America/Sitka","gt_m":4.34}},{"type":"Feature","id":"8768772","geometry":{"type":"Point","coordinates":[-93.522598,30.058701]},"properties":{"id":"8768772","name":"Gum Cove, ICWW","type":"reference","region":"LA","tz":"America/Chicago","gt_m":0.275}},{"type":"Feature","id":"8417377","geometry":{"type":"Point","coordinates":[-69.8883,43.95]},"properties":{"id":"8417377","name":"Androscoggin River entrance","type":"subordinate","region":"ME","tz":"America/New_York","ref":"8418150"}},{"type":"Feature","id":"8660166","geometry":{"type":"Point","coordinates":[-78.6483,33.855]},"properties":{"id":"8660166","name":"Nixon Crossroads","type":"subordinate","region":"SC","tz":"America/New_York","ref":"8665530"}},{"type":"Feature","id":"8462723","geometry":{"type":"Point","coordinates":[-72.3433,41.2633]},"properties":{"id":"8462723","name":"Saybrook Jetty","type":"subordinate","region":"CT","tz":"America/New_York","ref":"8461490"}},{"type":"Feature","id":"8727293","geometry":{"type":"Point","coordinates":[-82.6033,28.8]},"properties":{"id":"8727293","name":"Halls River bridge, Homosassa River","type":"reference","region":"FL","tz":"America/New_York","gt_m":0.208}},{"type":"Feature","id":"TWC0857","geometry":{"type":"Point","coordinates":[-123.966667,45.166667]},"properties":{"id":"TWC0857","name":"Nestucca Bay entrance","type":"subordinate","region":"OR","tz":"America/Los_Angeles","ref":"9419750"}},{"type":"Feature","id":"8667491","geometry":{"type":"Point","coordinates":[-80.675,32.525]},"properties":{"id":"8667491","name":"Whale Branch entrance","type":"subordinate","region":"SC","tz":"America/New_York","ref":"8670870"}},{"type":"Feature","id":"8517811","geometry":{"type":"Point","coordinates":[-73.9983,40.59]},"properties":{"id":"8517811","name":"Norton Point, Gravesend Bay","type":"subordinate","region":"NY","tz":"America/New_York","ref":"8531680"}},{"type":"Feature","id":"8664992","geometry":{"type":"Point","coordinates":[-79.7033,32.85]},"properties":{"id":"8664992","name":"North Dewees Island, Capers Inlet","type":"subordinate","region":"SC","tz":"America/New_York","ref":"8665530"}},{"type":"Feature","id":"8653951","geometry":{"type":"Point","coordinates":[-75.512028,35.350139]},"properties":{"id":"8653951","name":"Peter's Ditch","type":"reference","region":"NC","tz":"America/New_York","gt_m":0.185}},{"type":"Feature","id":"8453999","geometry":{"type":"Point","coordinates":[-71.4017,41.4517]},"properties":{"id":"8453999","name":"Beavertail Point","type":"subordinate","region":"RI","tz":"America/New_York","ref":"8452660"}},{"type":"Feature","id":"8726278","geometry":{"type":"Point","coordinates":[-82.4817,27.5267]},"properties":{"id":"8726278","name":"Redfish Point, Manatee River","type":"subordinate","region":"FL","tz":"America/New_York","ref":"8726520"}},{"type":"Feature","id":"9456822","geometry":{"type":"Point","coordinates":[-154.087,59.1783]},"properties":{"id":"9456822","name":"Nordyke Island, Kamishak Bay","type":"subordinate","region":"AK","tz":"America/Anchorage","ref":"9455500"}},{"type":"Feature","id":"8550438","geometry":{"type":"Point","coordinates":[-75.4933,39.75]},"properties":{"id":"8550438","name":"Edgemoor, Del.","type":"subordinate","region":"DE","tz":"America/New_York","ref":"8551910"}},{"type":"Feature","id":"8417948","geometry":{"type":"Point","coordinates":[-70.1733,43.7617]},"properties":{"id":"8417948","name":"Prince Point","type":"subordinate","region":"ME","tz":"America/New_York","ref":"8418150"}},{"type":"Feature","id":"1612340","geometry":{"type":"Point","coordinates":[-157.864528,21.303333]},"properties":{"id":"1612340","name":"HONOLULU","type":"reference","region":"HI","tz":"Pacific/Honolulu","gt_m":0.58}},{"type":"Feature","id":"8632869","geometry":{"type":"Point","coordinates":[-75.9167,37.5567]},"properties":{"id":"8632869","name":"Gaskins Point, Occohannock Creek","type":"reference","region":"VA","tz":"America/New_York","gt_m":0.62}},{"type":"Feature","id":"9414763","geometry":{"type":"Point","coordinates":[-122.283,37.795]},"properties":{"id":"9414763","name":"Oakland Harbor, Grove Street","type":"subordinate","region":"CA","tz":"America/Los_Angeles","ref":"9414290"}},{"type":"Feature","id":"9450511","geometry":{"type":"Point","coordinates":[-131.847,55.4267]},"properties":{"id":"9450511","name":"Vallenar Point","type":"subordinate","region":"AK","tz":"America/Sitka","ref":"9450460"}},{"type":"Feature","id":"8517251","geometry":{"type":"Point","coordinates":[-73.850361,40.761]},"properties":{"id":"8517251","name":"Worlds Fair Marina, Flushing Bay","type":"reference","region":"NY","tz":"America/New_York","gt_m":2.251}},{"type":"Feature","id":"9447905","geometry":{"type":"Point","coordinates":[-122.668,48.1583]},"properties":{"id":"9447905","name":"Admiralty Head","type":"subordinate","region":"WA","tz":"America/Los_Angeles","ref":"9444900"}},{"type":"Feature","id":"8722861","geometry":{"type":"Point","coordinates":[-80.0817,26.2583]},"properties":{"id":"8722861","name":"Hillsboro Inlet, Coast Guard Light Station","type":"subordinate","region":"FL","tz":"America/New_York","ref":"8723178"}},{"type":"Feature","id":"9415414","geometry":{"type":"Point","coordinates":[-121.655,38.1833]},"properties":{"id":"9415414","name":"Steamboat Slough, Snug Harbor Marina","type":"subordinate","region":"CA","tz":"America/Los_Angeles","ref":"9415144"}},{"type":"Feature","id":"8720145","geometry":{"type":"Point","coordinates":[-81.5417,30.5017]},"properties":{"id":"8720145","name":"Edwards Creek, 1 mi. above entrance","type":"reference","region":"FL","tz":"America/New_York","gt_m":1.531}},{"type":"Feature","id":"9450366","geometry":{"type":"Point","coordinates":[-132.94,55.205]},"properties":{"id":"9450366","name":"North Pass, West End","type":"subordinate","region":"AK","tz":"America/Sitka","ref":"9451600"}},{"type":"Feature","id":"8667482","geometry":{"type":"Point","coordinates":[-80.4517,32.525]},"properties":{"id":"8667482","name":"Ashepoo-Coosaw Cutoff, ICWW","type":"subordinate","region":"SC","tz":"America/New_York","ref":"8670870"}},{"type":"Feature","id":"8739803","geometry":{"type":"Point","coordinates":[-88.247704,30.405701]},"properties":{"id":"8739803","name":"Bayou LaBatre Bridge","type":"reference","region":"AL","tz":"America/Chicago","gt_m":0.506}},{"type":"Feature","id":"9465601","geometry":{"type":"Point","coordinates":[-162.029333,59.378017]},"properties":{"id":"9465601","name":"Carter Bay, Kuskokwim Bay","type":"reference","region":"AK","tz":"America/Nome","gt_m":3.256}},{"type":"Feature","id":"9451785","geometry":{"type":"Point","coordinates":[-133.797,57.295]},"properties":{"id":"9451785","name":"The Brothers","type":"reference","region":"AK","tz":"America/Juneau","gt_m":4.522}},{"type":"Feature","id":"TPT2799","geometry":{"type":"Point","coordinates":[-156.683333,20.883333]},"properties":{"id":"TPT2799","name":"Lahaina","type":"subordinate","region":"HI","tz":"Pacific/Honolulu","ref":"1615680"}},{"type":"Feature","id":"8447173","geometry":{"type":"Point","coordinates":[-70.535,41.775]},"properties":{"id":"8447173","name":"Cape Cod Canal, Sagamore","type":"reference","region":"MA","tz":"America/New_York","gt_m":2.618}},{"type":"Feature","id":"8726769","geometry":{"type":"Point","coordinates":[-82.655,28.0217]},"properties":{"id":"8726769","name":"Mobbly Bayou","type":"subordinate","region":"FL","tz":"America/New_York","ref":"8726520"}},{"type":"Feature","id":"8574008","geometry":{"type":"Point","coordinates":[-76.1133,39.6033]},"properties":{"id":"8574008","name":"Port Deposit","type":"subordinate","region":"MD","tz":"America/New_York","ref":"8574680"}},{"type":"Feature","id":"8665145","geometry":{"type":"Point","coordinates":[-79.9667,32.83]},"properties":{"id":"8665145","name":"Duck Island","type":"subordinate","region":"SC","tz":"America/New_York","ref":"8665530"}},{"type":"Feature","id":"9451082","geometry":{"type":"Point","coordinates":[-133.962,56.2883]},"properties":{"id":"9451082","name":"Port Beauclerc, Kuiu Island","type":"subordinate","region":"AK","tz":"America/Sitka","ref":"9451600"}},{"type":"Feature","id":"8724326","geometry":{"type":"Point","coordinates":[-81.515,24.6533]},"properties":{"id":"8724326","name":"Sugarloaf Key, Pirates Cove","type":"subordinate","region":"FL","tz":"America/New_York","ref":"8724580"}},{"type":"Feature","id":"8571359","geometry":{"type":"Point","coordinates":[-75.396667,38.17833]},"properties":{"id":"8571359","name":"Snowhill, city park","type":"reference","region":"MD","tz":"America/New_York","gt_m":0.584}},{"type":"Feature","id":"8727246","geometry":{"type":"Point","coordinates":[-82.5767,28.715]},"properties":{"id":"8727246","name":"Chassahowitzka, Chassahowitzka River","type":"reference","region":"FL","tz":"America/New_York","gt_m":0.177}},{"type":"Feature","id":"8539993","geometry":{"type":"Point","coordinates":[-74.755,40.1883]},"properties":{"id":"8539993","name":"Trenton, N.J.","type":"reference","region":"NJ","tz":"America/New_York","gt_m":2.664}},{"type":"Feature","id":"9447934","geometry":{"type":"Point","coordinates":[-122.765,48.2317]},"properties":{"id":"9447934","name":"Point Partridge, Whidbey Island","type":"subordinate","region":"WA","tz":"America/Los_Angeles","ref":"9444900"}},{"type":"Feature","id":"8723824","geometry":{"type":"Point","coordinates":[-80.695,24.9033]},"properties":{"id":"8723824","name":"Lignumvitae Key, NE side, Florida Bay","type":"subordinate","region":"FL","tz":"America/New_York","ref":"8724580"}},{"type":"Feature","id":"9439189","geometry":{"type":"Point","coordinates":[-122.868,45.6967]},"properties":{"id":"9439189","name":"Rocky Point","type":"reference","region":"OR","tz":"America/Los_Angeles","gt_m":1.011}},{"type":"Feature","id":"8538449","geometry":{"type":"Point","coordinates":[-75.355,39.8067]},"properties":{"id":"8538449","name":"Bridgeport, Raccoon Creek, N.J.","type":"subordinate","region":"PA","tz":"America/New_York","ref":"8545240"}},{"type":"Feature","id":"8726625","geometry":{"type":"Point","coordinates":[-82.85,27.8767]},"properties":{"id":"8726625","name":"Indian Rocks Beach (inside)","type":"subordinate","region":"FL","tz":"America/New_York","ref":"8727520"}},{"type":"Feature","id":"9454573","geometry":{"type":"Point","coordinates":[-147.438,60.27]},"properties":{"id":"9454573","name":"Gibbon Anchorage, Green Island","type":"subordinate","region":"AK","tz":"America/Anchorage","ref":"9454050"}},{"type":"Feature","id":"8630839","geometry":{"type":"Point","coordinates":[-75.635,37.6967]},"properties":{"id":"8630839","name":"Folly Creek, Metompkin Inlet","type":"subordinate","region":"VA","tz":"America/New_York","ref":"8570280"}},{"type":"Feature","id":"9465182","geometry":{"type":"Point","coordinates":[-160.188004,58.708302]},"properties":{"id":"9465182","name":"Black Rock, Walrus Islands","type":"subordinate","region":"AK","tz":"America/Anchorage","ref":"9463502"}},{"type":"Feature","id":"8551762","geometry":{"type":"Point","coordinates":[-75.588972,39.582194]},"properties":{"id":"8551762","name":"Delaware City","type":"reference","region":"DE","tz":"America/New_York","gt_m":1.829}},{"type":"Feature","id":"8416232","geometry":{"type":"Point","coordinates":[-69.38,44.015]},"properties":{"id":"8416232","name":"Jones Neck","type":"subordinate","region":"ME","tz":"America/New_York","ref":"8418150"}},{"type":"Feature","id":"8511671","geometry":{"type":"Point","coordinates":[-72.3067,41.1367]},"properties":{"id":"8511671","name":"Orient","type":"reference","region":"NY","tz":"America/New_York","gt_m":0.925}},{"type":"Feature","id":"8518979","geometry":{"type":"Point","coordinates":[-73.794861,42.352638]},"properties":{"id":"8518979","name":"Coxsackie, Hudson River","type":"reference","region":"NY","tz":"America/New_York","gt_m":1.574}},{"type":"Feature","id":"TWC0353","geometry":{"type":"Point","coordinates":[-86.983002,5.55]},"properties":{"id":"TWC0353","name":"Cocos Island","type":"subordinate","region":null,"tz":"Etc/GMT+6","ref":"9684403"}},{"type":"Feature","id":"9450817","geometry":{"type":"Point","coordinates":[-133.243,55.8833]},"properties":{"id":"9450817","name":"Tuxekan, 0.5 mile south of","type":"subordinate","region":"AK","tz":"America/Sitka","ref":"9451600"}},{"type":"Feature","id":"8669531","geometry":{"type":"Point","coordinates":[-80.9317,32.1383]},"properties":{"id":"8669531","name":"Doughboy Island","type":"subordinate","region":"SC","tz":"America/New_York","ref":"8670870"}},{"type":"Feature","id":"9439026","geometry":{"type":"Point","coordinates":[-123.842,46.1717]},"properties":{"id":"9439026","name":"Astoria (Youngs Bay), Oreg.","type":"subordinate","region":"OR","tz":"America/Los_Angeles","ref":"9439040"}},{"type":"Feature","id":"8729501","geometry":{"type":"Point","coordinates":[-86.493301,30.5033]},"properties":{"id":"8729501","name":"Valparaiso","type":"reference","region":"FL","tz":"America/Chicago","gt_m":0.166}},{"type":"Feature","id":"8416908","geometry":{"type":"Point","coordinates":[-69.6617,43.8467]},"properties":{"id":"8416908","name":"Southport, Townsend Gut","type":"subordinate","region":"ME","tz":"America/New_York","ref":"8418150"}},{"type":"Feature","id":"8638671","geometry":{"type":"Point","coordinates":[-76.275858,36.884222]},"properties":{"id":"8638671","name":"Lafayette River","type":"reference","region":"VA","tz":"America/New_York","gt_m":0.916}},{"type":"Feature","id":"8447277","geometry":{"type":"Point","coordinates":[-70.6583,41.7417]},"properties":{"id":"8447277","name":"Onset Beach, Onset Bay","type":"subordinate","region":"MA","tz":"America/New_York","ref":"8452660"}},{"type":"Feature","id":"9452567","geometry":{"type":"Point","coordinates":[-136.035,58.2117]},"properties":{"id":"9452567","name":"Mud Bay, Goose Island","type":"subordinate","region":"AK","tz":"America/Juneau","ref":"9452634"}},{"type":"Feature","id":"9413643","geometry":{"type":"Point","coordinates":[-121.745003,36.833302]},"properties":{"id":"9413643","name":"Tidal Creek, Elkhorn Slough","type":"reference","region":"CA","tz":"America/Los_Angeles","gt_m":1.633}},{"type":"Feature","id":"9465022","geometry":{"type":"Point","coordinates":[-157.5,58.4533]},"properties":{"id":"9465022","name":"Middle Bluff, Kvichak Bay","type":"subordinate","region":"AK","tz":"America/Anchorage","ref":"9463502"}},{"type":"Feature","id":"9465265","geometry":{"type":"Point","coordinates":[-159.647003,58.84]},"properties":{"id":"9465265","name":"Kulukak Point, Kulukak Bay","type":"reference","region":"AK","tz":"America/Anchorage","gt_m":3.45}},{"type":"Feature","id":"8511236","geometry":{"type":"Point","coordinates":[-72.205,41.1717]},"properties":{"id":"8511236","name":"Plum Gut Harbor, Plum Island","type":"reference","region":"NY","tz":"America/New_York","gt_m":0.942}},{"type":"Feature","id":"8635554","geometry":{"type":"Point","coordinates":[-77.0333,38.09]},"properties":{"id":"8635554","name":"Saunders Wharf","type":"subordinate","region":"VA","tz":"America/New_York","ref":"8594900"}},{"type":"Feature","id":"8467373","geometry":{"type":"Point","coordinates":[-73.2133,41.1567]},"properties":{"id":"8467373","name":"Black Rock Harbor","type":"reference","region":"CT","tz":"America/New_York","gt_m":2.237}},{"type":"Feature","id":"8720398","geometry":{"type":"Point","coordinates":[-81.3867,30.1333]},"properties":{"id":"8720398","name":"Palm Valley, ICWW","type":"subordinate","region":"FL","tz":"America/New_York","ref":"8720030"}},{"type":"Feature","id":"8440466","geometry":{"type":"Point","coordinates":[-70.8733,42.815]},"properties":{"id":"8440466","name":"Newburyport","type":"reference","region":"MA","tz":"America/New_York","gt_m":2.67}},{"type":"Feature","id":"8658501","geometry":{"type":"Point","coordinates":[-77.94,34.0567]},"properties":{"id":"8658501","name":"Orton Point","type":"subordinate","region":"NC","tz":"America/New_York","ref":"8658120"}},{"type":"Feature","id":"8770542","geometry":{"type":"Point","coordinates":[-95.344299,29.7619]},"properties":{"id":"8770542","name":"Buffalo Bayou, Houston Ship Channel","type":"reference","region":"TX","tz":"America/Chicago","gt_m":0.508}},{"type":"Feature","id":"8728978","geometry":{"type":"Point","coordinates":[-85.402496,29.7644]},"properties":{"id":"8728978","name":"Cape San Blas, Western Cape","type":"reference","region":"FL","tz":"America/New_York","gt_m":0.5}},{"type":"Feature","id":"8453742","geometry":{"type":"Point","coordinates":[-71.3867,41.4967]},"properties":{"id":"8453742","name":"West Jamestown, Dutch Island Harbor","type":"reference","region":"RI","tz":"America/New_York","gt_m":1.168}},{"type":"Feature","id":"8660401","geometry":{"type":"Point","coordinates":[-78.7183,33.82]},"properties":{"id":"8660401","name":"Myrtle Beach Airport","type":"subordinate","region":"SC","tz":"America/New_York","ref":"8665530"}},{"type":"Feature","id":"8728852","geometry":{"type":"Point","coordinates":[-85.221298,29.685101]},"properties":{"id":"8728852","name":"Indian Pass, St. Vincent Sound","type":"reference","region":"FL","tz":"America/New_York","gt_m":0.403}},{"type":"Feature","id":"8723393","geometry":{"type":"Point","coordinates":[-80.18,25.4767]},"properties":{"id":"8723393","name":"Sea Grape Point, Elliott Key","type":"subordinate","region":"FL","tz":"America/New_York","ref":"8723178"}},{"type":"Feature","id":"9449704","geometry":{"type":"Point","coordinates":[-122.97,48.7867]},"properties":{"id":"9449704","name":"Patos Island Wharf","type":"subordinate","region":"WA","tz":"America/Los_Angeles","ref":"9444900"}},{"type":"Feature","id":"8447435","geometry":{"type":"Point","coordinates":[-69.951103,41.688499]},"properties":{"id":"8447435","name":"Chatham Harbor, Aunt Lydias Cove","type":"reference","region":"MA","tz":"America/New_York","gt_m":1.578}},{"type":"Feature","id":"8724227","geometry":{"type":"Point","coordinates":[-81.3833,24.69]},"properties":{"id":"8724227","name":"Big Pine Key, west side, Pine Channel","type":"subordinate","region":"FL","tz":"America/New_York","ref":"8724580"}},{"type":"Feature","id":"8720097","geometry":{"type":"Point","coordinates":[-81.5717,30.5767]},"properties":{"id":"8720097","name":"Cuno, Lofton Creek","type":"subordinate","region":"FL","tz":"America/New_York","ref":"8720030"}},{"type":"Feature","id":"9440691","geometry":{"type":"Point","coordinates":[-123.903,46.43]},"properties":{"id":"9440691","name":"Naselle River, swing bridge","type":"subordinate","region":"WA","tz":"America/Los_Angeles","ref":"9440910"}},{"type":"Feature","id":"8444162","geometry":{"type":"Point","coordinates":[-70.8917,42.3283]},"properties":{"id":"8444162","name":"Boston Light","type":"reference","region":"MA","tz":"America/New_York","gt_m":2.992}},{"type":"Feature","id":"8722832","geometry":{"type":"Point","coordinates":[-80.081703,26.313299]},"properties":{"id":"8722832","name":"Deerfield Beach, Hillsboro River","type":"reference","region":"FL","tz":"America/New_York","gt_m":0.829}},{"type":"Feature","id":"8720196","geometry":{"type":"Point","coordinates":[-81.4533,30.4167]},"properties":{"id":"8720196","name":"Sisters Creek","type":"reference","region":"FL","tz":"America/New_York","gt_m":1.42}},{"type":"Feature","id":"8535163","geometry":{"type":"Point","coordinates":[-74.6567,39.2]},"properties":{"id":"8535163","name":"Strathmere, Strathmere Bay","type":"subordinate","region":"NJ","tz":"America/New_York","ref":"8534720"}},{"type":"Feature","id":"9442388","geometry":{"type":"Point","coordinates":[-124.647,47.9067]},"properties":{"id":"9442388","name":"James Island","type":"subordinate","region":"WA","tz":"America/Los_Angeles","ref":"9440910"}},{"type":"Feature","id":"8575229","geometry":{"type":"Point","coordinates":[-76.4333,39.0617]},"properties":{"id":"8575229","name":"Mountain Point, Magothy River","type":"subordinate","region":"MD","tz":"America/New_York","ref":"8574680"}},{"type":"Feature","id":"TEC4271","geometry":{"type":"Point","coordinates":[-82.733333,27.683333]},"properties":{"id":"TEC4271","name":"Pass-a-Grille Beach","type":"subordinate","region":"FL","tz":"America/New_York","ref":"8726520"}},{"type":"Feature","id":"8775283","geometry":{"type":"Point","coordinates":[-97.208944,27.818611]},"properties":{"id":"8775283","name":"Enbridge, Ingleside","type":"reference","region":"TX","tz":"America/Chicago","gt_m":0.179}},{"type":"Feature","id":"8724276","geometry":{"type":"Point","coordinates":[-81.4467,24.65]},"properties":{"id":"8724276","name":"Summerland Key, southwest side, Kemp Channel","type":"subordinate","region":"FL","tz":"America/New_York","ref":"8724580"}},{"type":"Feature","id":"8447270","geometry":{"type":"Point","coordinates":[-70.6167,41.7417]},"properties":{"id":"8447270","name":"Cape Cod Canal, RR. bridge","type":"reference","region":"MA","tz":"America/New_York","gt_m":1.216}},{"type":"Feature","id":"TPT2777","geometry":{"type":"Point","coordinates":[-157.85,21.5]},"properties":{"id":"TPT2777","name":"Waikane, Kaneohe Bay","type":"subordinate","region":"HI","tz":"Pacific/Honolulu","ref":"1612480"}},{"type":"Feature","id":"8724334","geometry":{"type":"Point","coordinates":[-81.5167,24.63]},"properties":{"id":"8724334","name":"Tarpon Creek","type":"subordinate","region":"FL","tz":"America/New_York","ref":"8724580"}},{"type":"Feature","id":"9459281","geometry":{"type":"Point","coordinates":[-159.88,55.7833]},"properties":{"id":"9459281","name":"Dent Point, Stepovak Bay","type":"subordinate","region":"AK","tz":"America/Anchorage","ref":"9457292"}},{"type":"Feature","id":"8516315","geometry":{"type":"Point","coordinates":[-73.555,40.6233]},"properties":{"id":"8516315","name":"Neds Creek","type":"subordinate","region":"NY","tz":"America/New_York","ref":"8531680"}},{"type":"Feature","id":"8415933","geometry":{"type":"Point","coordinates":[-69.26,43.925]},"properties":{"id":"8415933","name":"Port Clyde","type":"subordinate","region":"ME","tz":"America/New_York","ref":"8418150"}},{"type":"Feature","id":"8729941","geometry":{"type":"Point","coordinates":[-87.428806,30.386944]},"properties":{"id":"8729941","name":"Blue Angels Park","type":"reference","region":"AL","tz":"America/Chicago","gt_m":0.252}},{"type":"Feature","id":"9453431","geometry":{"type":"Point","coordinates":[-141.274994,60.0783]},"properties":{"id":"9453431","name":"Tyndall Glacier, Icy Bay","type":"reference","region":"AK","tz":"America/Anchorage","gt_m":2.99}},{"type":"Feature","id":"8729142","geometry":{"type":"Point","coordinates":[-85.732803,30.183001]},"properties":{"id":"8729142","name":"Sulphur Point, Port of Panama City","type":"reference","region":"FL","tz":"America/Chicago","gt_m":0.426}},{"type":"Feature","id":"8450954","geometry":{"type":"Point","coordinates":[-71.2033,41.6183]},"properties":{"id":"8450954","name":"Nannaquaket Neck","type":"subordinate","region":"RI","tz":"America/New_York","ref":"8452660"}},{"type":"Feature","id":"8674801","geometry":{"type":"Point","coordinates":[-81.2783,31.51]},"properties":{"id":"8674801","name":"Eagle Creek, Mud River","type":"subordinate","region":"GA","tz":"America/New_York","ref":"8670870"}},{"type":"Feature","id":"8661734","geometry":{"type":"Point","coordinates":[-79.4617,33.495]},"properties":{"id":"8661734","name":"Mt. Pleasant Plantation, Black River","type":"subordinate","region":"SC","tz":"America/New_York","ref":"8665530"}},{"type":"Feature","id":"8720215","geometry":{"type":"Point","coordinates":[-81.6267,30.4]},"properties":{"id":"8720215","name":"Jacksonville, Navy Fuel Depot","type":"subordinate","region":"FL","tz":"America/New_York","ref":"8720218"}},{"type":"Feature","id":"8573968","geometry":{"type":"Point","coordinates":[-75.97,39.5733]},"properties":{"id":"8573968","name":"Charlestown, Northeast River","type":"subordinate","region":"MD","tz":"America/New_York","ref":"8574680"}},{"type":"Feature","id":"9451600","geometry":{"type":"Point","coordinates":[-135.342,57.051694]},"properties":{"id":"9451600","name":"Sitka","type":"reference","region":"AK","tz":"America/Sitka","gt_m":3.029}},{"type":"Feature","id":"TEC3403","geometry":{"type":"Point","coordinates":[-81,31.933333]},"properties":{"id":"TEC3403","name":"Romerly Marsh Creek","type":"subordinate","region":"GA","tz":"America/New_York","ref":"8670870"}},{"type":"Feature","id":"8770822","geometry":{"type":"Point","coordinates":[-93.841797,29.689301]},"properties":{"id":"8770822","name":"Texas Point, Sabine Pass","type":"reference","region":"TX","tz":"America/Chicago","gt_m":0.589}},{"type":"Feature","id":"9457493","geometry":{"type":"Point","coordinates":[-153.195472,57.744028]},"properties":{"id":"9457493","name":"Terror Bay","type":"reference","region":"AK","tz":"America/Anchorage","gt_m":4.314}},{"type":"Feature","id":"8725451","geometry":{"type":"Point","coordinates":[-81.933296,26.563299]},"properties":{"id":"8725451","name":"Cape Coral Bridge","type":"reference","region":"FL","tz":"America/New_York","gt_m":0.348}},{"type":"Feature","id":"9415145","geometry":{"type":"Point","coordinates":[-121.657,38.055]},"properties":{"id":"9415145","name":"False River","type":"subordinate","region":"CA","tz":"America/Los_Angeles","ref":"9415144"}},{"type":"Feature","id":"8572770","geometry":{"type":"Point","coordinates":[-76.355,38.9567]},"properties":{"id":"8572770","name":"Matapeake, Kent Island","type":"reference","region":"MD","tz":"America/New_York","gt_m":0.453}},{"type":"Feature","id":"TWC0445","geometry":{"type":"Point","coordinates":[-119.1,34.1]},"properties":{"id":"TWC0445","name":"Mugu Lagoon (ocean pier)","type":"subordinate","region":"CA","tz":"America/Los_Angeles","ref":"9410660"}},{"type":"Feature","id":"8724427","geometry":{"type":"Point","coordinates":[-81.63,24.6667]},"properties":{"id":"8724427","name":"Snipe Keys, Middle Narrows","type":"subordinate","region":"FL","tz":"America/New_York","ref":"8724580"}},{"type":"Feature","id":"8573211","geometry":{"type":"Point","coordinates":[-76.26,39.145]},"properties":{"id":"8573211","name":"Deep Landing, Swan Creek","type":"subordinate","region":"MD","tz":"America/New_York","ref":"8574680"}},{"type":"Feature","id":"8735523","geometry":{"type":"Point","coordinates":[-88.113899,30.443701]},"properties":{"id":"8735523","name":"East Fowl River, Hwy 193 Bridge","type":"reference","region":"AL","tz":"America/Chicago","gt_m":0.447}},{"type":"Feature","id":"9458907","geometry":{"type":"Point","coordinates":[-158.347,56.2317]},"properties":{"id":"9458907","name":"Castle Bay, Northwest Arm","type":"reference","region":"AK","tz":"America/Anchorage","gt_m":2.688}},{"type":"Feature","id":"8531662","geometry":{"type":"Point","coordinates":[-74.035,40.4183]},"properties":{"id":"8531662","name":"Atlantic Highlands","type":"subordinate","region":"NJ","tz":"America/New_York","ref":"8531680"}},{"type":"Feature","id":"9452249","geometry":{"type":"Point","coordinates":[-134.587,58.1833]},"properties":{"id":"9452249","name":"Young Bay","type":"subordinate","region":"AK","tz":"America/Juneau","ref":"9452210"}},{"type":"Feature","id":"9452123","geometry":{"type":"Point","coordinates":[-134.012,58.0683]},"properties":{"id":"9452123","name":"Taku Harbor","type":"subordinate","region":"AK","tz":"America/Juneau","ref":"9452210"}},{"type":"Feature","id":"8575512","geometry":{"type":"Point","coordinates":[-76.480034,38.983883]},"properties":{"id":"8575512","name":"Annapolis (US Naval Academy)","type":"reference","region":"MD","tz":"America/New_York","gt_m":0.438}},{"type":"Feature","id":"8542699","geometry":{"type":"Point","coordinates":[-75.29,39.88]},"properties":{"id":"8542699","name":"Norwood City","type":"subordinate","region":"PA","tz":"America/New_York","ref":"8545240"}},{"type":"Feature","id":"8444012","geometry":{"type":"Point","coordinates":[-70.96,42.3483]},"properties":{"id":"8444012","name":"Deer Island (south end)","type":"subordinate","region":"MA","tz":"America/New_York","ref":"8443970"}},{"type":"Feature","id":"8532591","geometry":{"type":"Point","coordinates":[-74.035,40.1017]},"properties":{"id":"8532591","name":"Manasquan Inlet, USCG Station","type":"subordinate","region":"NJ","tz":"America/New_York","ref":"8531680"}},{"type":"Feature","id":"TEC2837","geometry":{"type":"Point","coordinates":[-77.099998,34.650002]},"properties":{"id":"TEC2837","name":"Bogue Inlet","type":"subordinate","region":"NC","tz":"America/New_York","ref":"8654400"}},{"type":"Feature","id":"8536823","geometry":{"type":"Point","coordinates":[-74.9017,39.2083]},"properties":{"id":"8536823","name":"East Creek, Route 47 bridge","type":"subordinate","region":"NJ","tz":"America/New_York","ref":"8557380"}},{"type":"Feature","id":"8720774","geometry":{"type":"Point","coordinates":[-81.6317,29.6433]},"properties":{"id":"8720774","name":"Palatka","type":"reference","region":"FL","tz":"America/New_York","gt_m":0.427}},{"type":"Feature","id":"8531232","geometry":{"type":"Point","coordinates":[-74.2817,40.4917]},"properties":{"id":"8531232","name":"South Amboy","type":"subordinate","region":"NJ","tz":"America/New_York","ref":"8531680"}},{"type":"Feature","id":"9415469","geometry":{"type":"Point","coordinates":[-122.977,38.2283]},"properties":{"id":"9415469","name":"Tomales Bay entrance","type":"subordinate","region":"CA","tz":"America/Los_Angeles","ref":"9414290"}},{"type":"Feature","id":"8518699","geometry":{"type":"Point","coordinates":[-73.9683,40.7117]},"properties":{"id":"8518699","name":"Williamsburg Bridge","type":"reference","region":"NY","tz":"America/New_York","gt_m":1.446}},{"type":"Feature","id":"9444972","geometry":{"type":"Point","coordinates":[-122.69,48.0917]},"properties":{"id":"9444972","name":"Marrowstone Point","type":"subordinate","region":"WA","tz":"America/Los_Angeles","ref":"9444900"}},{"type":"Feature","id":"8676329","geometry":{"type":"Point","coordinates":[-81.385,31.285]},"properties":{"id":"8676329","name":"Mackay River (ICWW), Buttermilk Sound","type":"subordinate","region":"GA","tz":"America/New_York","ref":"8670870"}},{"type":"Feature","id":"8725351","geometry":{"type":"Point","coordinates":[-81.9183,26.4383]},"properties":{"id":"8725351","name":"Estero Island, Estero Bay","type":"reference","region":"FL","tz":"America/New_York","gt_m":0.769}},{"type":"Feature","id":"8727989","geometry":{"type":"Point","coordinates":[-83.975,30.1267]},"properties":{"id":"8727989","name":"Mandalay, Aucilla River","type":"subordinate","region":"FL","tz":"America/New_York","ref":"8728130"}},{"type":"Feature","id":"8725685","geometry":{"type":"Point","coordinates":[-82.3033,26.855]},"properties":{"id":"8725685","name":"Don Pedro Island State Park, Cutoff (south)","type":"reference","region":"FL","tz":"America/New_York","gt_m":0.454}},{"type":"Feature","id":"TEC3499","geometry":{"type":"Point","coordinates":[-81.316667,31.1]},"properties":{"id":"TEC3499","name":"St. Simons Sound Bar","type":"subordinate","region":"GA","tz":"America/New_York","ref":"8670870"}},{"type":"Feature","id":"9455741","geometry":{"type":"Point","coordinates":[-152.133,60.555]},"properties":{"id":"9455741","name":"Drift River Terminal","type":"subordinate","region":"AK","tz":"America/Anchorage","ref":"9455500"}},{"type":"Feature","id":"8553069","geometry":{"type":"Point","coordinates":[-75.5983,39.405]},"properties":{"id":"8553069","name":"Taylors Bridge, Blackbird Creek, Del.","type":"subordinate","region":"DE","tz":"America/New_York","ref":"8551910"}},{"type":"Feature","id":"8770557","geometry":{"type":"Point","coordinates":[-94.8317,29.74]},"properties":{"id":"8770557","name":"Point Barrow, Trinity Bay","type":"subordinate","region":"TX","tz":"America/Chicago","ref":"8771450"}},{"type":"Feature","id":"TWC2073","geometry":{"type":"Point","coordinates":[-153.166667,57.9]},"properties":{"id":"TWC2073","name":"Viekoda Bay","type":"subordinate","region":"AK","tz":"America/Anchorage","ref":"9455500"}},{"type":"Feature","id":"8770752","geometry":{"type":"Point","coordinates":[-93.75,29.624001]},"properties":{"id":"8770752","name":"COX WC-53 Platform","type":"reference","region":"TX","tz":"America/Chicago","gt_m":0.736}},{"type":"Feature","id":"8534393","geometry":{"type":"Point","coordinates":[-74.3833,39.4783]},"properties":{"id":"8534393","name":"Main Marsh Thorofare","type":"subordinate","region":"NJ","tz":"America/New_York","ref":"8534720"}},{"type":"Feature","id":"8745557","geometry":{"type":"Point","coordinates":[-89.0817,30.36]},"properties":{"id":"8745557","name":"Gulfport Harbor, Mississippi Sound","type":"reference","region":"MS","tz":"America/Chicago","gt_m":0.527}},{"type":"Feature","id":"8667411","geometry":{"type":"Point","coordinates":[-80.745,32.5733]},"properties":{"id":"8667411","name":"Lobeco, Whale Branch","type":"subordinate","region":"SC","tz":"America/New_York","ref":"8670870"}},{"type":"Feature","id":"9457798","geometry":{"type":"Point","coordinates":[-154.228,57.1617]},"properties":{"id":"9457798","name":"Olga Bay (A. P. A. Cannery)","type":"subordinate","region":"AK","tz":"America/Anchorage","ref":"9457804"}},{"type":"Feature","id":"8652437","geometry":{"type":"Point","coordinates":[-75.655,35.845]},"properties":{"id":"8652437","name":"Oyster Creek, Croatan Sound","type":"reference","region":"NC","tz":"America/New_York","gt_m":0.183}},{"type":"Feature","id":"8728973","geometry":{"type":"Point","coordinates":[-85.393303,30.0383]},"properties":{"id":"8728973","name":"Wetappo Creek, East Bay","type":"subordinate","region":"FL","tz":"America/Chicago","ref":"8729840"}},{"type":"Feature","id":"8516999","geometry":{"type":"Point","coordinates":[-73.7833,40.6233]},"properties":{"id":"8516999","name":"J.F.K. International Airport","type":"subordinate","region":"NY","tz":"America/New_York","ref":"8531680"}},{"type":"Feature","id":"8517732","geometry":{"type":"Point","coordinates":[-73.975,40.7067]},"properties":{"id":"8517732","name":"Wallabout Bay, Brooklyn Navy Yard","type":"subordinate","region":"NY","tz":"America/New_York","ref":"8518750"}},{"type":"Feature","id":"9448794","geometry":{"type":"Point","coordinates":[-122.62,48.5183]},"properties":{"id":"9448794","name":"Anacortes, Guemes Channel","type":"subordinate","region":"WA","tz":"America/Los_Angeles","ref":"9444900"}},{"type":"Feature","id":"9449880","geometry":{"type":"Point","coordinates":[-123.0125,48.545278]},"properties":{"id":"9449880","name":"Friday Harbor, San Juan Island","type":"reference","region":"WA","tz":"America/Los_Angeles","gt_m":2.364}},{"type":"Feature","id":"8464418","geometry":{"type":"Point","coordinates":[-72.6583,41.755]},"properties":{"id":"8464418","name":"South Hartford","type":"subordinate","region":"CT","tz":"America/New_York","ref":"8461490"}},{"type":"Feature","id":"8723165","geometry":{"type":"Point","coordinates":[-80.185,25.7783]},"properties":{"id":"8723165","name":"Miami Miamarina, Biscayne Bay","type":"reference","region":"FL","tz":"America/New_York","gt_m":0.723}},{"type":"Feature","id":"9457634","geometry":{"type":"Point","coordinates":[-153.687,56.96]},"properties":{"id":"9457634","name":"Japanese Bay","type":"reference","region":"AK","tz":"America/Anchorage","gt_m":2.511}},{"type":"Feature","id":"8771510","geometry":{"type":"Point","coordinates":[-94.7894,29.2853]},"properties":{"id":"8771510","name":"Galveston Pleasure Pier","type":"reference","region":"TX","tz":"America/Chicago","gt_m":0.622}},{"type":"Feature","id":"9414458","geometry":{"type":"Point","coordinates":[-122.253,37.58]},"properties":{"id":"9414458","name":"San Mateo Bridge (west end)","type":"reference","region":"CA","tz":"America/Los_Angeles","gt_m":2.353}},{"type":"Feature","id":"TEC3789","geometry":{"type":"Point","coordinates":[-80.101667,26.951667]},"properties":{"id":"TEC3789","name":"Tequesta, North Fork entrance","type":"subordinate","region":"FL","tz":"America/New_York","ref":"8723178"}},{"type":"Feature","id":"8663261","geometry":{"type":"Point","coordinates":[-79.245,33.14]},"properties":{"id":"8663261","name":"Cedar Island, North Santee Bay","type":"subordinate","region":"SC","tz":"America/New_York","ref":"8665530"}},{"type":"Feature","id":"8662245","geometry":{"type":"Point","coordinates":[-79.186699,33.3517]},"properties":{"id":"8662245","name":"Oyster Landing (N. Inlet Estuary)","type":"reference","region":"SC","tz":"America/New_York","gt_m":1.557}},{"type":"Feature","id":"9450460","geometry":{"type":"Point","coordinates":[-131.626111,55.331944]},"properties":{"id":"9450460","name":"Ketchikan","type":"reference","region":"AK","tz":"America/Sitka","gt_m":4.708}},{"type":"Feature","id":"8775131","geometry":{"type":"Point","coordinates":[-97.343102,27.882799]},"properties":{"id":"8775131","name":"Portland, Nueces Bay","type":"reference","region":"TX","tz":"America/Chicago","gt_m":0.187}},{"type":"Feature","id":"8659897","geometry":{"type":"Point","coordinates":[-78.5067,33.865]},"properties":{"id":"8659897","name":"Sunset Beach Pier","type":"reference","region":"NC","tz":"America/New_York","gt_m":1.683}},{"type":"Feature","id":"8720832","geometry":{"type":"Point","coordinates":[-81.675,29.4767]},"properties":{"id":"8720832","name":"Welaka","type":"reference","region":"FL","tz":"America/New_York","gt_m":0.148}},{"type":"Feature","id":"8729547","geometry":{"type":"Point","coordinates":[-86.593201,30.391399]},"properties":{"id":"8729547","name":"Okaloosa Island","type":"reference","region":"FL","tz":"America/Chicago","gt_m":0.426}},{"type":"Feature","id":"8720554","geometry":{"type":"Point","coordinates":[-81.3,29.9167]},"properties":{"id":"8720554","name":"Vilano Beach, Tolomato River","type":"reference","region":"FL","tz":"America/New_York","gt_m":1.45}},{"type":"Feature","id":"8728912","geometry":{"type":"Point","coordinates":[-85.3133,29.815]},"properties":{"id":"8728912","name":"Port Saint Joe, St. Joseph Bay","type":"reference","region":"FL","tz":"America/New_York","gt_m":0.504}},{"type":"Feature","id":"8656483","geometry":{"type":"Point","coordinates":[-76.670658,34.717331]},"properties":{"id":"8656483","name":"Beaufort, Duke Marine Lab","type":"reference","region":"NC","tz":"America/New_York","gt_m":1.079}},{"type":"Feature","id":"9440581","geometry":{"type":"Point","coordinates":[-124.046278,46.281028]},"properties":{"id":"9440581","name":"Cape Disappointment","type":"reference","region":"WA","tz":"America/Los_Angeles","gt_m":2.46}},{"type":"Feature","id":"9465203","geometry":{"type":"Point","coordinates":[-156.983307,58.732101]},"properties":{"id":"9465203","name":"Naknek, Naknek River","type":"reference","region":"AK","tz":"America/Anchorage","gt_m":6.109}},{"type":"Feature","id":"TWC1743","geometry":{"type":"Point","coordinates":[-135.016667,57.85]},"properties":{"id":"TWC1743","name":"Freshwater Bay, Chichagof Island","type":"subordinate","region":"AK","tz":"America/Juneau","ref":"9452210"}},{"type":"Feature","id":"9415252","geometry":{"type":"Point","coordinates":[-122.505667,38.115306]},"properties":{"id":"9415252","name":"Petaluma River entrance","type":"subordinate","region":"CA","tz":"America/Los_Angeles","ref":"9414290"}},{"type":"Feature","id":"1619910","geometry":{"type":"Point","coordinates":[-177.36,28.211667]},"properties":{"id":"1619910","name":"SAND ISLAND, MIDWAY ISLANDS","type":"reference","region":null,"tz":"Pacific/Midway","gt_m":0.381}},{"type":"Feature","id":"8729747","geometry":{"type":"Point","coordinates":[-87.014999,30.581699]},"properties":{"id":"8729747","name":"Shield Point, Blackwater River","type":"reference","region":"FL","tz":"America/Chicago","gt_m":0.484}},{"type":"Feature","id":"8724154","geometry":{"type":"Point","coordinates":[-81.3033,24.7133]},"properties":{"id":"8724154","name":"Little Pine Key, south end","type":"subordinate","region":"FL","tz":"America/New_York","ref":"8724580"}},{"type":"Feature","id":"8570255","geometry":{"type":"Point","coordinates":[-75.085,38.3417]},"properties":{"id":"8570255","name":"Keydash, Isle of Wight Bay","type":"subordinate","region":"MD","tz":"America/New_York","ref":"8570280"}},{"type":"Feature","id":"TWC1909","geometry":{"type":"Point","coordinates":[-146.65,60.733333]},"properties":{"id":"TWC1909","name":"Snug Corner Cove, Port Fidalgo","type":"subordinate","region":"AK","tz":"America/Anchorage","ref":"9454050"}},{"type":"Feature","id":"8677344","geometry":{"type":"Point","coordinates":[-81.3967,31.1317]},"properties":{"id":"8677344","name":"St. Simons Light","type":"reference","region":"GA","tz":"America/New_York","gt_m":2.195}},{"type":"Feature","id":"8720409","geometry":{"type":"Point","coordinates":[-81.629997,30.135]},"properties":{"id":"8720409","name":"Julington Creek","type":"subordinate","region":"FL","tz":"America/New_York","ref":"8720218"}},{"type":"Feature","id":"8468609","geometry":{"type":"Point","coordinates":[-73.445,41.065]},"properties":{"id":"8468609","name":"Rowayton, Fivemile River","type":"subordinate","region":"CT","tz":"America/New_York","ref":"8467150"}},{"type":"Feature","id":"8537079","geometry":{"type":"Point","coordinates":[-75.1983,39.2917]},"properties":{"id":"8537079","name":"Newport Landing, Nantuxent Creek","type":"subordinate","region":"NJ","tz":"America/New_York","ref":"8551910"}},{"type":"Feature","id":"8661609","geometry":{"type":"Point","coordinates":[-79.0433,33.53]},"properties":{"id":"8661609","name":"Oaks Creek, 0.5 mi. above entrance","type":"subordinate","region":"SC","tz":"America/New_York","ref":"8661070"}},{"type":"Feature","id":"8516061","geometry":{"type":"Point","coordinates":[-73.470001,40.873299]},"properties":{"id":"8516061","name":"Cold Spring Harbor","type":"reference","region":"NY","tz":"America/New_York","gt_m":2.402}},{"type":"Feature","id":"8447180","geometry":{"type":"Point","coordinates":[-70.5067,41.7717]},"properties":{"id":"8447180","name":"Sandwich Marina, Cape Cod Canal, east entrance","type":"reference","region":"MA","tz":"America/New_York","gt_m":2.881}},{"type":"Feature","id":"8638922","geometry":{"type":"Point","coordinates":[-76.0617,36.875]},"properties":{"id":"8638922","name":"Brown Cove","type":"subordinate","region":"VA","tz":"America/New_York","ref":"8638863"}},{"type":"Feature","id":"9454309","geometry":{"type":"Point","coordinates":[-146.615,61.04]},"properties":{"id":"9454309","name":"Jack Bay","type":"subordinate","region":"AK","tz":"America/Anchorage","ref":"9454240"}},{"type":"Feature","id":"8771486","geometry":{"type":"Point","coordinates":[-94.897102,29.302601]},"properties":{"id":"8771486","name":"GALVESTON RAILROAD BRIDGE","type":"reference","region":"TX","tz":"America/Chicago","gt_m":0.387}},{"type":"Feature","id":"8414876","geometry":{"type":"Point","coordinates":[-68.8817,43.8617]},"properties":{"id":"8414876","name":"Matinicus Harbor, Wheaton Island","type":"subordinate","region":"ME","tz":"America/New_York","ref":"8413320"}},{"type":"Feature","id":"8579629","geometry":{"type":"Point","coordinates":[-77.1017,38.6867]},"properties":{"id":"8579629","name":"Marshall Hall, Md.","type":"subordinate","region":"VA","tz":"America/New_York","ref":"8594900"}},{"type":"Feature","id":"8417881","geometry":{"type":"Point","coordinates":[-70.1417,43.7217]},"properties":{"id":"8417881","name":"Great Chebeague Island","type":"subordinate","region":"ME","tz":"America/New_York","ref":"8418150"}},{"type":"Feature","id":"TWC1115","geometry":{"type":"Point","coordinates":[-123.005,47.081667]},"properties":{"id":"TWC1115","name":"Rocky Point, Eld Inlet","type":"subordinate","region":"WA","tz":"America/Los_Angeles","ref":"9447130"}},{"type":"Feature","id":"8534975","geometry":{"type":"Point","coordinates":[-74.6283,39.2883]},"properties":{"id":"8534975","name":"Beesleys Point","type":"subordinate","region":"NJ","tz":"America/New_York","ref":"8534720"}},{"type":"Feature","id":"9450258","geometry":{"type":"Point","coordinates":[-132.577,55.0467]},"properties":{"id":"9450258","name":"Keete Island, Nutkwa Inlets","type":"subordinate","region":"AK","tz":"America/Sitka","ref":"9451600"}},{"type":"Feature","id":"8657419","geometry":{"type":"Point","coordinates":[-77.495,34.4517]},"properties":{"id":"8657419","name":"Ocean City Beach (fishing pier)","type":"subordinate","region":"NC","tz":"America/New_York","ref":"8654400"}},{"type":"Feature","id":"8724192","geometry":{"type":"Point","coordinates":[-81.35,24.6517]},"properties":{"id":"8724192","name":"Big Pine Key, Coupon Bight","type":"subordinate","region":"FL","tz":"America/New_York","ref":"8724580"}},{"type":"Feature","id":"TWC0965","geometry":{"type":"Point","coordinates":[-124.483333,47.666667]},"properties":{"id":"TWC0965","name":"Destruction Island","type":"subordinate","region":"WA","tz":"America/Los_Angeles","ref":"9440910"}},{"type":"Feature","id":"TWC2319","geometry":{"type":"Point","coordinates":[172.899994,52.966702]},"properties":{"id":"TWC2319","name":"Steller Cove","type":"subordinate","region":null,"tz":"America/Adak","ref":"9460150"}},{"type":"Feature","id":"8677833","geometry":{"type":"Point","coordinates":[-81.4933,31.0583]},"properties":{"id":"8677833","name":"2.5 miles above mouth","type":"subordinate","region":"GA","tz":"America/New_York","ref":"8720030"}},{"type":"Feature","id":"9497645","geometry":{"type":"Point","coordinates":[-148.531667,70.411389]},"properties":{"id":"9497645","name":"PRUDHOE BAY","type":"reference","region":"AK","tz":"America/Anchorage","gt_m":0.214}},{"type":"Feature","id":"TEC3445","geometry":{"type":"Point","coordinates":[-81.266667,31.666667]},"properties":{"id":"TEC3445","name":"North Newport River","type":"subordinate","region":"GA","tz":"America/New_York","ref":"8670870"}},{"type":"Feature","id":"8669575","geometry":{"type":"Point","coordinates":[-81.0117,32.1283]},"properties":{"id":"8669575","name":"Turnbridge Landing, Salt Water Creek","type":"subordinate","region":"GA","tz":"America/New_York","ref":"8670870"}},{"type":"Feature","id":"9449161","geometry":{"type":"Point","coordinates":[-122.708,48.7167]},"properties":{"id":"9449161","name":"Village Point, Lummi Island","type":"reference","region":"WA","tz":"America/Los_Angeles","gt_m":2.637}},{"type":"Feature","id":"8725114","geometry":{"type":"Point","coordinates":[-81.7883,26.1367]},"properties":{"id":"8725114","name":"Naples, Naples Bay, north end","type":"reference","region":"FL","tz":"America/New_York","gt_m":0.841}},{"type":"Feature","id":"8775222","geometry":{"type":"Point","coordinates":[-97.520699,27.8461]},"properties":{"id":"8775222","name":"Viola Turning Basin","type":"reference","region":"TX","tz":"America/Chicago","gt_m":0.217}},{"type":"Feature","id":"9455866","geometry":{"type":"Point","coordinates":[-150.413,61.0367]},"properties":{"id":"9455866","name":"Point Possession","type":"reference","region":"AK","tz":"America/Anchorage","gt_m":7.936}},{"type":"Feature","id":"8723453","geometry":{"type":"Point","coordinates":[-80.2333,25.3967]},"properties":{"id":"8723453","name":"Adams Key, south end, Biscayne Bay","type":"subordinate","region":"FL","tz":"America/New_York","ref":"8723178"}},{"type":"Feature","id":"9455036","geometry":{"type":"Point","coordinates":[-149.062,60.01]},"properties":{"id":"9455036","name":"Day Harbor","type":"subordinate","region":"AK","tz":"America/Anchorage","ref":"9455090"}},{"type":"Feature","id":"8724459","geometry":{"type":"Point","coordinates":[-81.67,24.5917]},"properties":{"id":"8724459","name":"Rockland Key, Rockland Channel Bridge","type":"subordinate","region":"FL","tz":"America/New_York","ref":"8724580"}},{"type":"Feature","id":"9414262","geometry":{"type":"Point","coordinates":[-123,37.7]},"properties":{"id":"9414262","name":"Southeast Farallon Island","type":"subordinate","region":"CA","tz":"America/Los_Angeles","ref":"9414290"}},{"type":"Feature","id":"8724967","geometry":{"type":"Point","coordinates":[-81.7283,25.9083]},"properties":{"id":"8724967","name":"Marco Island, Caxambas Pass","type":"reference","region":"FL","tz":"America/New_York","gt_m":0.931}},{"type":"Feature","id":"8656084","geometry":{"type":"Point","coordinates":[-76.690002,34.825001]},"properties":{"id":"8656084","name":"Core Creek Bridge","type":"reference","region":"NC","tz":"America/New_York","gt_m":0.758}},{"type":"Feature","id":"8538231","geometry":{"type":"Point","coordinates":[-75.51,39.6833]},"properties":{"id":"8538231","name":"Salem Canal entrance, N.J.","type":"subordinate","region":"NJ","tz":"America/New_York","ref":"8551910"}},{"type":"Feature","id":"9444971","geometry":{"type":"Point","coordinates":[-122.692,48.0583]},"properties":{"id":"9444971","name":"Mystery Bay, Marrowstone Island","type":"subordinate","region":"WA","tz":"America/Los_Angeles","ref":"9444900"}},{"type":"Feature","id":"8530186","geometry":{"type":"Point","coordinates":[-74.03,40.935]},"properties":{"id":"8530186","name":"New Millford","type":"subordinate","region":"NJ","tz":"America/New_York","ref":"8518750"}},{"type":"Feature","id":"8665530","geometry":{"type":"Point","coordinates":[-79.923611,32.780833]},"properties":{"id":"8665530","name":"CHARLESTON (Customhouse Wharf)","type":"reference","region":"SC","tz":"America/New_York","gt_m":1.757}},{"type":"Feature","id":"9452534","geometry":{"type":"Point","coordinates":[-135.882996,58.456699]},"properties":{"id":"9452534","name":"Bartlett Cove, Glacier Bay","type":"reference","region":"AK","tz":"America/Juneau","gt_m":4.492}},{"type":"Feature","id":"8413564","geometry":{"type":"Point","coordinates":[-68.3133,44.275]},"properties":{"id":"8413564","name":"Southwest Harbor","type":"subordinate","region":"ME","tz":"America/New_York","ref":"8413320"}},{"type":"Feature","id":"8460751","geometry":{"type":"Point","coordinates":[-71.974998,41.3433]},"properties":{"id":"8460751","name":"WEST MYSTIC, MYSTIC RIVER","type":"reference","region":"CT","tz":"America/New_York","gt_m":0.91}},{"type":"Feature","id":"8723506","geometry":{"type":"Point","coordinates":[-80.2933,25.325]},"properties":{"id":"8723506","name":"Pumpkin Key, south end, Card Sound","type":"reference","region":"FL","tz":"America/New_York","gt_m":0.229}},{"type":"Feature","id":"9455920","geometry":{"type":"Point","coordinates":[-149.890389,61.2375]},"properties":{"id":"9455920","name":"ANCHORAGE, Knik Arm","type":"reference","region":"AK","tz":"America/Anchorage","gt_m":8.889}},{"type":"Feature","id":"8727333","geometry":{"type":"Point","coordinates":[-82.7233,28.87]},"properties":{"id":"8727333","name":"Mangrove Pt., Crystal Bay","type":"reference","region":"FL","tz":"America/New_York","gt_m":1.112}},{"type":"Feature","id":"8666767","geometry":{"type":"Point","coordinates":[-80.015,32.64]},"properties":{"id":"8666767","name":"Snake Island","type":"subordinate","region":"SC","tz":"America/New_York","ref":"8665530"}},{"type":"Feature","id":"8720217","geometry":{"type":"Point","coordinates":[-81.6617,30.3917]},"properties":{"id":"8720217","name":"Moncrief Creek entrance","type":"subordinate","region":"FL","tz":"America/New_York","ref":"8720218"}},{"type":"Feature","id":"8419807","geometry":{"type":"Point","coordinates":[-70.7033,43.0817]},"properties":{"id":"8419807","name":"Kittery Point","type":"subordinate","region":"ME","tz":"America/New_York","ref":"8418150"}},{"type":"Feature","id":"8720296","geometry":{"type":"Point","coordinates":[-81.705,30.2783]},"properties":{"id":"8720296","name":"Ortega River entrance","type":"subordinate","region":"FL","tz":"America/New_York","ref":"8720218"}},{"type":"Feature","id":"8512354","geometry":{"type":"Point","coordinates":[-72.48,40.8367]},"properties":{"id":"8512354","name":"Shinnecock Inlet (ocean)","type":"reference","region":"NY","tz":"America/New_York","gt_m":1.057}},{"type":"Feature","id":"9454511","geometry":{"type":"Point","coordinates":[-147.249,60.2418]},"properties":{"id":"9454511","name":"Port Chalmers","type":"subordinate","region":"AK","tz":"America/Anchorage","ref":"9454050"}},{"type":"Feature","id":"8724635","geometry":{"type":"Point","coordinates":[-81.8783,24.4533]},"properties":{"id":"8724635","name":"Sand Key Lighthouse, Sand Key Channel","type":"reference","region":"FL","tz":"America/New_York","gt_m":0.531}},{"type":"Feature","id":"8722854","geometry":{"type":"Point","coordinates":[-80.08,26.2733]},"properties":{"id":"8722854","name":"Hillsboro Beach, ICWW","type":"subordinate","region":"FL","tz":"America/New_York","ref":"8723178"}},{"type":"Feature","id":"8657002","geometry":{"type":"Point","coordinates":[-77.395401,34.576302]},"properties":{"id":"8657002","name":"Sneads Ferry, New River","type":"reference","region":"NC","tz":"America/New_York","gt_m":0.224}},{"type":"Feature","id":"TWC2297","geometry":{"type":"Point","coordinates":[-178.8,51.75]},"properties":{"id":"TWC2297","name":"Gareloi Island","type":"subordinate","region":null,"tz":"America/Adak","ref":"9461380"}},{"type":"Feature","id":"8637472","geometry":{"type":"Point","coordinates":[-76.5867,37.2917]},"properties":{"id":"8637472","name":"Cheatham Annex","type":"subordinate","region":"VA","tz":"America/New_York","ref":"8638610"}},{"type":"Feature","id":"8774770","geometry":{"type":"Point","coordinates":[-97.046667,28.021667]},"properties":{"id":"8774770","name":"Rockport","type":"reference","region":"TX","tz":"America/Chicago","gt_m":0.111}},{"type":"Feature","id":"8772447","geometry":{"type":"Point","coordinates":[-95.3025,28.943306]},"properties":{"id":"8772447","name":"USCG Freeport","type":"reference","region":"TX","tz":"America/Chicago","gt_m":0.502}},{"type":"Feature","id":"8677406","geometry":{"type":"Point","coordinates":[-81.496806,31.144556]},"properties":{"id":"8677406","name":"Howe Street Pier, Brunswick","type":"reference","region":"GA","tz":"America/New_York","gt_m":2.352}},{"type":"Feature","id":"8518945","geometry":{"type":"Point","coordinates":[-73.9333,41.7]},"properties":{"id":"8518945","name":"Poughkeepsie","type":"subordinate","region":"NY","tz":"America/New_York","ref":"8518750"}},{"type":"Feature","id":"9446705","geometry":{"type":"Point","coordinates":[-122.675,47.18]},"properties":{"id":"9446705","name":"Yoman Point, Anderson Island, Balch Passage","type":"reference","region":"WA","tz":"America/Los_Angeles","gt_m":4.107}},{"type":"Feature","id":"8728819","geometry":{"type":"Point","coordinates":[-85.173302,29.8214]},"properties":{"id":"8728819","name":"Lake Wimico","type":"reference","region":"FL","tz":"America/Chicago","gt_m":0.234}},{"type":"Feature","id":"8423898","geometry":{"type":"Point","coordinates":[-70.7117,43.071701]},"properties":{"id":"8423898","name":"Fort Point","type":"reference","region":"NH","tz":"America/New_York","gt_m":2.863}},{"type":"Feature","id":"8661989","geometry":{"type":"Point","coordinates":[-79.1267,33.435]},"properties":{"id":"8661989","name":"Bennet's Dock, Pawleys Island Creek","type":"reference","region":"SC","tz":"America/New_York","gt_m":1.352}},{"type":"Feature","id":"8771328","geometry":{"type":"Point","coordinates":[-94.78,29.365]},"properties":{"id":"8771328","name":"Port Bolivar","type":"reference","region":"TX","tz":"America/Chicago","gt_m":0.426}},{"type":"Feature","id":"TEC4299","geometry":{"type":"Point","coordinates":[-83.15,29.283333]},"properties":{"id":"TEC4299","name":"Suwannee River entrance","type":"subordinate","region":"FL","tz":"America/New_York","ref":"8727520"}},{"type":"Feature","id":"8720119","geometry":{"type":"Point","coordinates":[-81.5817,30.5367]},"properties":{"id":"8720119","name":"Mink Creek entrance","type":"subordinate","region":"FL","tz":"America/New_York","ref":"8720030"}},{"type":"Feature","id":"8535695","geometry":{"type":"Point","coordinates":[-74.8417,39.0183]},"properties":{"id":"8535695","name":"Old Turtle Thorofare, RR. bridge","type":"subordinate","region":"NJ","tz":"America/New_York","ref":"8534720"}},{"type":"Feature","id":"1615395","geometry":{"type":"Point","coordinates":[-155.987,20.7617]},"properties":{"id":"1615395","name":"Hana","type":"subordinate","region":"HI","tz":"Pacific/Honolulu","ref":"1615680"}},{"type":"Feature","id":"8663631","geometry":{"type":"Point","coordinates":[-79.925,33.0783]},"properties":{"id":"8663631","name":"Old Rice Mill, West Branch","type":"subordinate","region":"SC","tz":"America/New_York","ref":"8665530"}},{"type":"Feature","id":"8418031","geometry":{"type":"Point","coordinates":[-70.2067,43.6233]},"properties":{"id":"8418031","name":"Portland Head Light","type":"subordinate","region":"ME","tz":"America/New_York","ref":"8418150"}},{"type":"Feature","id":"9451001","geometry":{"type":"Point","coordinates":[-134.245,56.1667]},"properties":{"id":"9451001","name":"Table Bay, Kuiu Island","type":"subordinate","region":"AK","tz":"America/Sitka","ref":"9451600"}},{"type":"Feature","id":"8417647","geometry":{"type":"Point","coordinates":[-70.0233,43.7383]},"properties":{"id":"8417647","name":"South Harpswell, Potts Harbor","type":"subordinate","region":"ME","tz":"America/New_York","ref":"8418150"}},{"type":"Feature","id":"8516945","geometry":{"type":"Point","coordinates":[-73.7649,40.810299]},"properties":{"id":"8516945","name":"Kings Point","type":"reference","region":"NY","tz":"America/New_York","gt_m":2.377}},{"type":"Feature","id":"8761402","geometry":{"type":"Point","coordinates":[-89.7367,30.1667]},"properties":{"id":"8761402","name":"The Rigolets, U.S. Highway 90","type":"reference","region":"LA","tz":"America/Chicago","gt_m":0.22}},{"type":"Feature","id":"8669801","geometry":{"type":"Point","coordinates":[-80.8783,32.0817]},"properties":{"id":"8669801","name":"Bloody Point, Daufuskie Island","type":"subordinate","region":"GA","tz":"America/New_York","ref":"8670870"}},{"type":"Feature","id":"8723519","geometry":{"type":"Point","coordinates":[-80.2767,25.3083]},"properties":{"id":"8723519","name":"Ocean Reef Harbor, Key Largo","type":"subordinate","region":"FL","tz":"America/New_York","ref":"8723178"}},{"type":"Feature","id":"8722414","geometry":{"type":"Point","coordinates":[-80.1367,27.0933]},"properties":{"id":"8722414","name":"Gomez, South Jupiter Narrows","type":"subordinate","region":"FL","tz":"America/New_York","ref":"8723178"}},{"type":"Feature","id":"8593005","geometry":{"type":"Point","coordinates":[-76.995,38.8717]},"properties":{"id":"8593005","name":"Washington Naval Yard","type":"subordinate","region":"DC","tz":"America/New_York","ref":"8594900"}},{"type":"Feature","id":"9415447","geometry":{"type":"Point","coordinates":[-122.427,38.21]},"properties":{"id":"9415447","name":"Wingo, Sonoma Creek","type":"subordinate","region":"CA","tz":"America/Los_Angeles","ref":"9414290"}},{"type":"Feature","id":"9462787","geometry":{"type":"Point","coordinates":[-164.928,54.6]},"properties":{"id":"9462787","name":"Cape Sarichef","type":"reference","region":"AK","tz":"America/Nome","gt_m":1.518}},{"type":"Feature","id":"8722312","geometry":{"type":"Point","coordinates":[-80.2267,27.2867]},"properties":{"id":"8722312","name":"Eden, Nettles Island","type":"subordinate","region":"FL","tz":"America/New_York","ref":"8723178"}},{"type":"Feature","id":"8725809","geometry":{"type":"Point","coordinates":[-82.41,27.0117]},"properties":{"id":"8725809","name":"Manasota, Lemon Bay","type":"reference","region":"FL","tz":"America/New_York","gt_m":0.512}},{"type":"Feature","id":"8722718","geometry":{"type":"Point","coordinates":[-80.053299,26.526699]},"properties":{"id":"8722718","name":"Ocean Ridge, ICWW","type":"reference","region":"FL","tz":"America/New_York","gt_m":0.849}},{"type":"Feature","id":"8416224","geometry":{"type":"Point","coordinates":[-69.3767,44.0933]},"properties":{"id":"8416224","name":"Waldoboro","type":"subordinate","region":"ME","tz":"America/New_York","ref":"8418150"}},{"type":"Feature","id":"9447265","geometry":{"type":"Point","coordinates":[-122.403,47.6883]},"properties":{"id":"9447265","name":"Meadow Point, Shilshole Bay","type":"subordinate","region":"WA","tz":"America/Los_Angeles","ref":"9447130"}},{"type":"Feature","id":"8725417","geometry":{"type":"Point","coordinates":[-82.1883,26.5217]},"properties":{"id":"8725417","name":"Captiva Island, Pine Island Sound","type":"subordinate","region":"FL","tz":"America/New_York","ref":"8726520"}},{"type":"Feature","id":"8760943","geometry":{"type":"Point","coordinates":[-89.4183,28.925]},"properties":{"id":"8760943","name":"SW Pass","type":"reference","region":"LA","tz":"America/Chicago","gt_m":0.383}},{"type":"Feature","id":"8664701","geometry":{"type":"Point","coordinates":[-79.9,32.9]},"properties":{"id":"8664701","name":"Nowell Creek","type":"subordinate","region":"SC","tz":"America/New_York","ref":"8665530"}},{"type":"Feature","id":"9450421","geometry":{"type":"Point","coordinates":[-132.622,55.285]},"properties":{"id":"9450421","name":"Sulzer","type":"subordinate","region":"AK","tz":"America/Sitka","ref":"9451600"}},{"type":"Feature","id":"8764165","geometry":{"type":"Point","coordinates":[-91.305,29.4733]},"properties":{"id":"8764165","name":"Shell Island","type":"subordinate","region":"LA","tz":"America/Chicago","ref":"8771450"}},{"type":"Feature","id":"TWC1869","geometry":{"type":"Point","coordinates":[-145.666667,60.466667]},"properties":{"id":"TWC1869","name":"Eyak River entrance","type":"subordinate","region":"AK","tz":"America/Anchorage","ref":"9454050"}},{"type":"Feature","id":"8445138","geometry":{"type":"Point","coordinates":[-70.7267,42.2017]},"properties":{"id":"8445138","name":"Scituate, Scituate Harbor","type":"reference","region":"MA","tz":"America/New_York","gt_m":2.969}},{"type":"Feature","id":"8666775","geometry":{"type":"Point","coordinates":[-80.2017,32.6367]},"properties":{"id":"8666775","name":"Leadenwah Creek, 3 mi. above entrance","type":"subordinate","region":"SC","tz":"America/New_York","ref":"8665530"}},{"type":"Feature","id":"8667508","geometry":{"type":"Point","coordinates":[-80.8383,32.5217]},"properties":{"id":"8667508","name":"RR. Bridge, Hall Island","type":"subordinate","region":"SC","tz":"America/New_York","ref":"8670870"}},{"type":"Feature","id":"9414392","geometry":{"type":"Point","coordinates":[-122.377,37.665]},"properties":{"id":"9414392","name":"Oyster Point Marina","type":"subordinate","region":"CA","tz":"America/Los_Angeles","ref":"9414290"}},{"type":"Feature","id":"8631287","geometry":{"type":"Point","coordinates":[-75.8,37.4667]},"properties":{"id":"8631287","name":"Upshur Neck, south end","type":"subordinate","region":"VA","tz":"America/New_York","ref":"8570280"}},{"type":"Feature","id":"TPT2851","geometry":{"type":"Point","coordinates":[-159.783333,-18.85]},"properties":{"id":"TPT2851","name":"Aitutaki Island","type":"subordinate","region":null,"tz":"Pacific/Rarotonga","ref":"1770000"}},{"type":"Feature","id":"8517942","geometry":{"type":"Point","coordinates":[-74.035,40.6083]},"properties":{"id":"8517942","name":"Fort Hamilton, The Narrows","type":"subordinate","region":"NY","tz":"America/New_York","ref":"8531680"}},{"type":"Feature","id":"8679964","geometry":{"type":"Point","coordinates":[-81.5483,30.72]},"properties":{"id":"8679964","name":"St. Marys","type":"reference","region":"GA","tz":"America/New_York","gt_m":1.948}},{"type":"Feature","id":"8723825","geometry":{"type":"Point","coordinates":[-80.705,24.9]},"properties":{"id":"8723825","name":"Lignumvitae Key, west side, Florida Bay","type":"subordinate","region":"FL","tz":"America/New_York","ref":"8724580"}},{"type":"Feature","id":"8638854","geometry":{"type":"Point","coordinates":[-76.115,36.8617]},"properties":{"id":"8638854","name":"Buchanan Creek entrance","type":"subordinate","region":"VA","tz":"America/New_York","ref":"8638863"}},{"type":"Feature","id":"TWC2009","geometry":{"type":"Point","coordinates":[-153.583333,59.616667]},"properties":{"id":"TWC2009","name":"Iliamna Bay","type":"subordinate","region":"AK","tz":"America/Anchorage","ref":"9455500"}},{"type":"Feature","id":"8537774","geometry":{"type":"Point","coordinates":[-75.4933,39.5117]},"properties":{"id":"8537774","name":"Abbots Meadow","type":"subordinate","region":"NJ","tz":"America/New_York","ref":"8551910"}},{"type":"Feature","id":"9462786","geometry":{"type":"Point","coordinates":[-164.941583,54.101806]},"properties":{"id":"9462786","name":"SE Tigalda Island, Pacific Ocean","type":"reference","region":"AK","tz":"America/Nome","gt_m":1.614}},{"type":"Feature","id":"8726607","geometry":{"type":"Point","coordinates":[-82.552803,27.8578]},"properties":{"id":"8726607","name":"Old Port Tampa","type":"reference","region":"FL","tz":"America/New_York","gt_m":0.755}},{"type":"Feature","id":"8665589","geometry":{"type":"Point","coordinates":[-80.0633,32.77]},"properties":{"id":"8665589","name":"Sandblasters, Pennys Creek","type":"subordinate","region":"SC","tz":"America/New_York","ref":"8665530"}},{"type":"Feature","id":"9410840","geometry":{"type":"Point","coordinates":[-118.5,34.0083]},"properties":{"id":"9410840","name":"Santa Monica, Municipal Pier","type":"reference","region":"CA","tz":"America/Los_Angeles","gt_m":1.654}},{"type":"Feature","id":"TEC3409","geometry":{"type":"Point","coordinates":[-81,32.066667]},"properties":{"id":"TEC3409","name":"North entrance","type":"subordinate","region":"GA","tz":"America/New_York","ref":"8670870"}},{"type":"Feature","id":"TWC2101","geometry":{"type":"Point","coordinates":[-156.3,57.433333]},"properties":{"id":"TWC2101","name":"Lees Cabins, Wide Bay","type":"subordinate","region":null,"tz":"America/Anchorage","ref":"9457292"}},{"type":"Feature","id":"9461519","geometry":{"type":"Point","coordinates":[-175.588,51.96]},"properties":{"id":"9461519","name":"Fenimore Pass","type":"subordinate","region":"AK","tz":"America/Adak","ref":"9461380"}},{"type":"Feature","id":"1612668","geometry":{"type":"Point","coordinates":[-158.108,21.5983]},"properties":{"id":"1612668","name":"Haleiwa, Waialua Bay","type":"subordinate","region":"HI","tz":"Pacific/Honolulu","ref":"1612340"}},{"type":"Feature","id":"8779739","geometry":{"type":"Point","coordinates":[-97.1917,26.0717]},"properties":{"id":"8779739","name":"Queen Isabella Causeway (west end)","type":"subordinate","region":"TX","tz":"America/Chicago","ref":"8779750"}},{"type":"Feature","id":"TWC2051","geometry":{"type":"Point","coordinates":[-154.133333,56.5]},"properties":{"id":"TWC2051","name":"Sitkinak Lagoon","type":"subordinate","region":null,"tz":"America/Anchorage","ref":"9457292"}},{"type":"Feature","id":"8724099","geometry":{"type":"Point","coordinates":[-81.235,24.68]},"properties":{"id":"8724099","name":"Missouri Key-Little Duck Key Channel","type":"subordinate","region":"FL","tz":"America/New_York","ref":"8724580"}},{"type":"Feature","id":"8453433","geometry":{"type":"Point","coordinates":[-71.373299,41.84]},"properties":{"id":"8453433","name":"Rumford, Seekonk River","type":"reference","region":"RI","tz":"America/New_York","gt_m":1.549}},{"type":"Feature","id":"9449771","geometry":{"type":"Point","coordinates":[-122.870003,48.646702]},"properties":{"id":"9449771","name":"Rosario, East Sound, Orcas Island","type":"reference","region":"WA","tz":"America/Los_Angeles","gt_m":2.403}},{"type":"Feature","id":"8727235","geometry":{"type":"Point","coordinates":[-82.6383,28.6917]},"properties":{"id":"8727235","name":"Johns Island, Chassahowitzka Bay","type":"reference","region":"FL","tz":"America/New_York","gt_m":0.723}},{"type":"Feature","id":"8775188","geometry":{"type":"Point","coordinates":[-97.474998,27.858299]},"properties":{"id":"8775188","name":"White Point","type":"reference","region":"TX","tz":"America/Chicago"}},{"type":"Feature","id":"1619222","geometry":{"type":"Point","coordinates":[-166.207993,23.7833]},"properties":{"id":"1619222","name":"East Island, French Frigate Shoals","type":"subordinate","region":"HI","tz":"Pacific/Honolulu","ref":"1612340"}},{"type":"Feature","id":"8536851","geometry":{"type":"Point","coordinates":[-74.925,39.2167]},"properties":{"id":"8536851","name":"West Creek, Route 47 bridge","type":"subordinate","region":"NJ","tz":"America/New_York","ref":"8557380"}},{"type":"Feature","id":"9418817","geometry":{"type":"Point","coordinates":[-124.18,40.8267]},"properties":{"id":"9418817","name":"Samoa","type":"reference","region":"CA","tz":"America/Los_Angeles","gt_m":2.245}},{"type":"Feature","id":"9452447","geometry":{"type":"Point","coordinates":[-135.488,58.4967]},"properties":{"id":"9452447","name":"Excursion Inlet, North End","type":"subordinate","region":"AK","tz":"America/Juneau","ref":"9452634"}},{"type":"Feature","id":"8638491","geometry":{"type":"Point","coordinates":[-77.3783,37.3833]},"properties":{"id":"8638491","name":"Chester","type":"subordinate","region":"VA","tz":"America/New_York","ref":"8594900"}},{"type":"Feature","id":"TWC2119","geometry":{"type":"Point","coordinates":[-159.85,55.133333]},"properties":{"id":"TWC2119","name":"Mist Harbor, Nagai Island","type":"subordinate","region":"AK","tz":"America/Anchorage","ref":"9459450"}},{"type":"Feature","id":"8660195","geometry":{"type":"Point","coordinates":[-78.5883,33.8517]},"properties":{"id":"8660195","name":"Dunn Sound, west end","type":"subordinate","region":"SC","tz":"America/New_York","ref":"8661070"}},{"type":"Feature","id":"8766941","geometry":{"type":"Point","coordinates":[-92.767197,29.637501]},"properties":{"id":"8766941","name":"Joseph Harbor","type":"reference","region":"LA","tz":"America/Chicago","gt_m":0.669}},{"type":"Feature","id":"9454825","geometry":{"type":"Point","coordinates":[-148.263,60.6917]},"properties":{"id":"9454825","name":"Long Bay Entrance, Culross Passage","type":"subordinate","region":"AK","tz":"America/Anchorage","ref":"9454050"}},{"type":"Feature","id":"8419317","geometry":{"type":"Point","coordinates":[-70.563301,43.32]},"properties":{"id":"8419317","name":"Wells, Webhannet River","type":"reference","region":"ME","tz":"America/New_York","gt_m":2.914}},{"type":"Feature","id":"8666167","geometry":{"type":"Point","coordinates":[-80.4267,32.7]},"properties":{"id":"8666167","name":"Hope Creek, Edisto River","type":"subordinate","region":"SC","tz":"America/New_York","ref":"8670870"}},{"type":"Feature","id":"9451263","geometry":{"type":"Point","coordinates":[-132.963,56.5583]},"properties":{"id":"9451263","name":"Point Lockwood, Woewodski Island","type":"reference","region":"AK","tz":"America/Sitka","gt_m":4.599}},{"type":"Feature","id":"9447993","geometry":{"type":"Point","coordinates":[-122.587,48.3967]},"properties":{"id":"9447993","name":"Ala Spit, Whidbey Island","type":"subordinate","region":"WA","tz":"America/Los_Angeles","ref":"9447130"}},{"type":"Feature","id":"9458917","geometry":{"type":"Point","coordinates":[-158.4,56.2967]},"properties":{"id":"9458917","name":"Chignik, Anchorage Bay","type":"subordinate","region":"AK","tz":"America/Anchorage","ref":"9457292"}},{"type":"Feature","id":"TWC1863","geometry":{"type":"Point","coordinates":[-144.4,60.05]},"properties":{"id":"TWC1863","name":"Wingham Island, Controller Bay","type":"subordinate","region":"AK","tz":"America/Anchorage","ref":"9453220"}},{"type":"Feature","id":"9438772","geometry":{"type":"Point","coordinates":[-123.804333,46.12425]},"properties":{"id":"9438772","name":"Cathcart Landing, Youngs River","type":"reference","region":"OR","tz":"America/Los_Angeles","gt_m":2.692}},{"type":"Feature","id":"8556198","geometry":{"type":"Point","coordinates":[-75.3133,38.945]},"properties":{"id":"8556198","name":"Mispillion River entrance","type":"subordinate","region":"DE","tz":"America/New_York","ref":"8557380"}},{"type":"Feature","id":"8555889","geometry":{"type":"Point","coordinates":[-75.113333,38.986667]},"properties":{"id":"8555889","name":"Brandywine Shoal Light","type":"reference","region":"NJ","tz":"America/New_York","gt_m":1.676}},{"type":"Feature","id":"8636458","geometry":{"type":"Point","coordinates":[-76.4867,37.6683]},"properties":{"id":"8636458","name":"Millenbeck, Corrotoman River","type":"subordinate","region":"VA","tz":"America/New_York","ref":"8638610"}},{"type":"Feature","id":"9468258","geometry":{"type":"Point","coordinates":[-170.537111,63.679083]},"properties":{"id":"9468258","name":"Savoonga","type":"reference","region":"AK","tz":"America/Nome","gt_m":0.781}},{"type":"Feature","id":"8414856","geometry":{"type":"Point","coordinates":[-68.8733,44.1267]},"properties":{"id":"8414856","name":"North Haven","type":"subordinate","region":"ME","tz":"America/New_York","ref":"8413320"}},{"type":"Feature","id":"9457316","geometry":{"type":"Point","coordinates":[-152.595,58.4533]},"properties":{"id":"9457316","name":"Redfox Bay, Shuyak Strait","type":"subordinate","region":"AK","tz":"America/Anchorage","ref":"9455500"}},{"type":"Feature","id":"1613198","geometry":{"type":"Point","coordinates":[-157.032,21.085]},"properties":{"id":"1613198","name":"Kaunakakai","type":"reference","region":"HI","tz":"Pacific/Honolulu","gt_m":0.651}},{"type":"Feature","id":"8661593","geometry":{"type":"Point","coordinates":[-79.3883,33.535]},"properties":{"id":"8661593","name":"Winea Plantation, Black River","type":"subordinate","region":"SC","tz":"America/New_York","ref":"8665530"}},{"type":"Feature","id":"8729791","geometry":{"type":"Point","coordinates":[-87.099998,30.455]},"properties":{"id":"8729791","name":"Hernandez Point, Escambia Bay","type":"reference","region":"FL","tz":"America/Chicago","gt_m":0.396}},{"type":"Feature","id":"8724571","geometry":{"type":"Point","coordinates":[-81.795,24.5917]},"properties":{"id":"8724571","name":"Fleming Key, north end","type":"reference","region":"FL","tz":"America/New_York","gt_m":0.443}},{"type":"Feature","id":"8517756","geometry":{"type":"Point","coordinates":[-73.9338,40.5812]},"properties":{"id":"8517756","name":"Kingsborough, Sheepshead Bay","type":"reference","region":"NY","tz":"America/New_York","gt_m":1.674}},{"type":"Feature","id":"9447773","geometry":{"type":"Point","coordinates":[-122.288,48.065]},"properties":{"id":"9447773","name":"Tulalip","type":"reference","region":"WA","tz":"America/Los_Angeles","gt_m":3.371}},{"type":"Feature","id":"8630225","geometry":{"type":"Point","coordinates":[-75.3467,37.9417]},"properties":{"id":"8630225","name":"Chincoteague Island, Oyster Bay","type":"subordinate","region":"VA","tz":"America/New_York","ref":"8570280"}},{"type":"Feature","id":"8666467","geometry":{"type":"Point","coordinates":[-79.9167,32.67]},"properties":{"id":"8666467","name":"Folly River, north, Folly Island","type":"subordinate","region":"SC","tz":"America/New_York","ref":"8665530"}},{"type":"Feature","id":"9447929","geometry":{"type":"Point","coordinates":[-122.69,48.2233]},"properties":{"id":"9447929","name":"Coupeville, Penn Cove, Whidbey Island","type":"subordinate","region":"WA","tz":"America/Los_Angeles","ref":"9447130"}},{"type":"Feature","id":"8726905","geometry":{"type":"Point","coordinates":[-82.7683,28.16]},"properties":{"id":"8726905","name":"Tarpon Springs, Anclote River","type":"subordinate","region":"FL","tz":"America/New_York","ref":"8727520"}},{"type":"Feature","id":"9450254","geometry":{"type":"Point","coordinates":[-130.98,55.0417]},"properties":{"id":"9450254","name":"Kah Shakes Cove","type":"subordinate","region":"AK","tz":"America/Sitka","ref":"9450460"}},{"type":"Feature","id":"8721727","geometry":{"type":"Point","coordinates":[-80.6,28.245]},"properties":{"id":"8721727","name":"Patrick Air Force Base","type":"subordinate","region":"FL","tz":"America/New_York","ref":"8723178"}},{"type":"Feature","id":"8535055","geometry":{"type":"Point","coordinates":[-75.032799,39.232498]},"properties":{"id":"8535055","name":"Bivalve, Maurice River","type":"reference","region":"NJ","tz":"America/New_York","gt_m":1.914}},{"type":"Feature","id":"9450492","geometry":{"type":"Point","coordinates":[-131.727,55.3983]},"properties":{"id":"9450492","name":"Ward Cove","type":"subordinate","region":"AK","tz":"America/Sitka","ref":"9450460"}},{"type":"Feature","id":"9450987","geometry":{"type":"Point","coordinates":[-133.46,56.1483]},"properties":{"id":"9450987","name":"Shakan Strait, Kosciusko Island","type":"subordinate","region":"AK","tz":"America/Sitka","ref":"9451600"}},{"type":"Feature","id":"TWC0881","geometry":{"type":"Point","coordinates":[-123.95,46.2]},"properties":{"id":"TWC0881","name":"Point Adams, Oreg.","type":"subordinate","region":"OR","tz":"America/Los_Angeles","ref":"9439040"}},{"type":"Feature","id":"8518934","geometry":{"type":"Point","coordinates":[-73.9833,41.5]},"properties":{"id":"8518934","name":"Beacon, Flushkill","type":"reference","region":"NY","tz":"America/New_York","gt_m":1.118}},{"type":"Feature","id":"8530591","geometry":{"type":"Point","coordinates":[-74.1467,40.7867]},"properties":{"id":"8530591","name":"Belleville","type":"subordinate","region":"NJ","tz":"America/New_York","ref":"8518750"}},{"type":"Feature","id":"9411406","geometry":{"type":"Point","coordinates":[-120.681944,34.469167]},"properties":{"id":"9411406","name":"Oil Platform Harvest","type":"reference","region":"CA","tz":"America/Los_Angeles","gt_m":1.592}},{"type":"Feature","id":"9445478","geometry":{"type":"Point","coordinates":[-123.098,47.3583]},"properties":{"id":"9445478","name":"Union","type":"reference","region":"WA","tz":"America/Los_Angeles","gt_m":3.613}},{"type":"Feature","id":"8665002","geometry":{"type":"Point","coordinates":[-80.0517,32.8483]},"properties":{"id":"8665002","name":"Drayton, Bee's Ferry","type":"subordinate","region":"SC","tz":"America/New_York","ref":"8665530"}},{"type":"Feature","id":"9451422","geometry":{"type":"Point","coordinates":[-132.502,56.7883]},"properties":{"id":"9451422","name":"Leconte Bay","type":"reference","region":"AK","tz":"America/Sitka","gt_m":4.88}},{"type":"Feature","id":"8652547","geometry":{"type":"Point","coordinates":[-75.7,35.8117]},"properties":{"id":"8652547","name":"Roanoke Marshes Light, Croatan Sound","type":"reference","region":"NC","tz":"America/New_York","gt_m":0.18}},{"type":"Feature","id":"8724274","geometry":{"type":"Point","coordinates":[-81.4433,24.7367]},"properties":{"id":"8724274","name":"Big Torch Key, Harbor Channel","type":"subordinate","region":"FL","tz":"America/New_York","ref":"8724580"}},{"type":"Feature","id":"8668655","geometry":{"type":"Point","coordinates":[-80.86,32.3133]},"properties":{"id":"8668655","name":"Callawassie Island, south, Colleton River","type":"subordinate","region":"SC","tz":"America/New_York","ref":"8670870"}},{"type":"Feature","id":"8463836","geometry":{"type":"Point","coordinates":[-72.5533,41.5033]},"properties":{"id":"8463836","name":"Higganum Creek","type":"subordinate","region":"CT","tz":"America/New_York","ref":"8461490"}},{"type":"Feature","id":"8666616","geometry":{"type":"Point","coordinates":[-80.3917,32.6567]},"properties":{"id":"8666616","name":"Dawho River","type":"subordinate","region":"SC","tz":"America/New_York","ref":"8670870"}},{"type":"Feature","id":"8572108","geometry":{"type":"Point","coordinates":[-76.1733,38.6933]},"properties":{"id":"8572108","name":"Oxford","type":"subordinate","region":"MD","tz":"America/New_York","ref":"8574680"}},{"type":"Feature","id":"8669493","geometry":{"type":"Point","coordinates":[-80.8367,32.1467]},"properties":{"id":"8669493","name":"Haig Point, Daufuskie Island, Cooper River","type":"subordinate","region":"SC","tz":"America/New_York","ref":"8670870"}},{"type":"Feature","id":"8722982","geometry":{"type":"Point","coordinates":[-80.1233,26.0333]},"properties":{"id":"8722982","name":"Hollywood Beach, West Lake, south end","type":"subordinate","region":"FL","tz":"America/New_York","ref":"8723178"}},{"type":"Feature","id":"9414806","geometry":{"type":"Point","coordinates":[-122.477,37.8467]},"properties":{"id":"9414806","name":"Sausalito","type":"subordinate","region":"CA","tz":"America/Los_Angeles","ref":"9414290"}},{"type":"Feature","id":"8674301","geometry":{"type":"Point","coordinates":[-81.19,31.575]},"properties":{"id":"8674301","name":"South Newport River (Daymark 135)","type":"reference","region":"GA","tz":"America/New_York","gt_m":2.276}},{"type":"Feature","id":"9415446","geometry":{"type":"Point","coordinates":[-122.307,38.21]},"properties":{"id":"9415446","name":"Brazos Drawbridge, Napa River","type":"subordinate","region":"CA","tz":"America/Los_Angeles","ref":"9414290"}},{"type":"Feature","id":"9454652","geometry":{"type":"Point","coordinates":[-147.7,60.3667]},"properties":{"id":"9454652","name":"Bay of Isles, South Arm","type":"reference","region":"AK","tz":"America/Anchorage","gt_m":3.622}},{"type":"Feature","id":"8537753","geometry":{"type":"Point","coordinates":[-75.4833,39.505]},"properties":{"id":"8537753","name":"2.5 n.mi. above entrance","type":"subordinate","region":"NJ","tz":"America/New_York","ref":"8551910"}},{"type":"Feature","id":"9413878","geometry":{"type":"Point","coordinates":[-122.338,37.1083]},"properties":{"id":"9413878","name":"Ano Nuevo Island","type":"subordinate","region":"CA","tz":"America/Los_Angeles","ref":"9414290"}},{"type":"Feature","id":"8724517","geometry":{"type":"Point","coordinates":[-81.7383,24.58]},"properties":{"id":"8724517","name":"Key Haven - Stock Island Channel","type":"subordinate","region":"FL","tz":"America/New_York","ref":"8724580"}},{"type":"Feature","id":"8770933","geometry":{"type":"Point","coordinates":[-95.0667,29.5633]},"properties":{"id":"8770933","name":"Clear Lake","type":"reference","region":"TX","tz":"America/Chicago"}},{"type":"Feature","id":"8571117","geometry":{"type":"Point","coordinates":[-76.0317,37.995]},"properties":{"id":"8571117","name":"Ewell, Smith Island","type":"reference","region":"MD","tz":"America/New_York","gt_m":0.563}},{"type":"Feature","id":"9414906","geometry":{"type":"Point","coordinates":[-122.528,37.8183]},"properties":{"id":"9414906","name":"Point Bonita, Bonita Cove","type":"subordinate","region":"CA","tz":"America/Los_Angeles","ref":"9414290"}},{"type":"Feature","id":"8727648","geometry":{"type":"Point","coordinates":[-83.2933,29.4367]},"properties":{"id":"8727648","name":"HORSESHOE POINT","type":"reference","region":"FL","tz":"America/New_York","gt_m":1.09}},{"type":"Feature","id":"8639168","geometry":{"type":"Point","coordinates":[-75.9717,36.8433]},"properties":{"id":"8639168","name":"Virginia Beach","type":"subordinate","region":"VA","tz":"America/New_York","ref":"8651370"}},{"type":"Feature","id":"8531592","geometry":{"type":"Point","coordinates":[-74.1433,40.4483]},"properties":{"id":"8531592","name":"Waackaack Creek","type":"subordinate","region":"NJ","tz":"America/New_York","ref":"8531680"}},{"type":"Feature","id":"9430104","geometry":{"type":"Point","coordinates":[-124.285,42.0433]},"properties":{"id":"9430104","name":"Brookings, Chetco Cove","type":"subordinate","region":"OR","tz":"America/Los_Angeles","ref":"9419750"}},{"type":"Feature","id":"9450973","geometry":{"type":"Point","coordinates":[-132.895,56.1267]},"properties":{"id":"9450973","name":"Blashke Island","type":"subordinate","region":"AK","tz":"America/Sitka","ref":"9450460"}},{"type":"Feature","id":"8412932","geometry":{"type":"Point","coordinates":[-68.0217,44.4]},"properties":{"id":"8412932","name":"Prospect Harbor","type":"subordinate","region":"ME","tz":"America/New_York","ref":"8418150"}},{"type":"Feature","id":"8726667","geometry":{"type":"Point","coordinates":[-82.425003,27.9133]},"properties":{"id":"8726667","name":"McKay Bay Entrance","type":"reference","region":"FL","tz":"America/New_York","gt_m":0.817}},{"type":"Feature","id":"1612301","geometry":{"type":"Point","coordinates":[-157.697,21.275]},"properties":{"id":"1612301","name":"Hanauma Bay","type":"subordinate","region":"HI","tz":"Pacific/Honolulu","ref":"1612340"}},{"type":"Feature","id":"8764044","geometry":{"type":"Point","coordinates":[-91.237611,29.6675]},"properties":{"id":"8764044","name":"Tesoro Marine Terminal","type":"reference","region":"LA","tz":"America/Chicago","gt_m":0.162}},{"type":"Feature","id":"8535001","geometry":{"type":"Point","coordinates":[-74.7183,39.2467]},"properties":{"id":"8535001","name":"Cedar Swamp Creek, Tuckahoe River","type":"subordinate","region":"NJ","tz":"America/New_York","ref":"8534720"}},{"type":"Feature","id":"9449856","geometry":{"type":"Point","coordinates":[-123.083,48.485001]},"properties":{"id":"9449856","name":"Kanaka Bay, San Juan Island","type":"reference","region":"WA","tz":"America/Los_Angeles","gt_m":2.232}},{"type":"Feature","id":"8417527","geometry":{"type":"Point","coordinates":[-69.9633,43.9217]},"properties":{"id":"8417527","name":"Brunswick, Androscoggin River","type":"subordinate","region":"ME","tz":"America/New_York","ref":"8418150"}},{"type":"Feature","id":"TEC4611","geometry":{"type":"Point","coordinates":[-80.466667,23.95]},"properties":{"id":"TEC4611","name":"Elbow Cay, Cay Sal Bank","type":"subordinate","region":null,"tz":"America/Nassau","ref":"9710441"}},{"type":"Feature","id":"8667172","geometry":{"type":"Point","coordinates":[-80.7833,32.5833]},"properties":{"id":"8667172","name":"Sheldon, Huspa Creek, Whale Branch","type":"subordinate","region":"SC","tz":"America/New_York","ref":"8670870"}},{"type":"Feature","id":"8637689","geometry":{"type":"Point","coordinates":[-76.478806,37.2265]},"properties":{"id":"8637689","name":"Yorktown, USCG Training Center","type":"reference","region":"VA","tz":"America/New_York","gt_m":0.786}},{"type":"Feature","id":"8420411","geometry":{"type":"Point","coordinates":[-70.8683,43.1983]},"properties":{"id":"8420411","name":"Dover, Cocheco River","type":"reference","region":"NH","tz":"America/New_York","gt_m":2.335}},{"type":"Feature","id":"8535902","geometry":{"type":"Point","coordinates":[-74.9133,38.9467]},"properties":{"id":"8535902","name":"Cape Island Creek, Cape May","type":"subordinate","region":"NJ","tz":"America/New_York","ref":"8534720"}},{"type":"Feature","id":"TWC2175","geometry":{"type":"Point","coordinates":[-166.166667,53.983333]},"properties":{"id":"TWC2175","name":"Malga Bay, Unalga Island","type":"subordinate","region":"AK","tz":"America/Nome","ref":"9462620"}},{"type":"Feature","id":"8668282","geometry":{"type":"Point","coordinates":[-80.6333,32.3783]},"properties":{"id":"8668282","name":"Distant Island, Cowen Creek","type":"subordinate","region":"SC","tz":"America/New_York","ref":"8670870"}},{"type":"Feature","id":"8667351","geometry":{"type":"Point","coordinates":[-80.4817,32.5517]},"properties":{"id":"8667351","name":"Hutchinson Island","type":"subordinate","region":"SC","tz":"America/New_York","ref":"8670870"}},{"type":"Feature","id":"8723887","geometry":{"type":"Point","coordinates":[-80.8167,24.82]},"properties":{"id":"8723887","name":"Long Key Lake, Long Key","type":"subordinate","region":"FL","tz":"America/New_York","ref":"8724580"}},{"type":"Feature","id":"8447436","geometry":{"type":"Point","coordinates":[-67.76,41.6883]},"properties":{"id":"8447436","name":"Georges Shoal, Texas Tower","type":"subordinate","region":"MA","tz":"Etc/GMT+5","ref":"8443970"}},{"type":"Feature","id":"8531942","geometry":{"type":"Point","coordinates":[-73.9967,40.325]},"properties":{"id":"8531942","name":"Long Branch Reach","type":"subordinate","region":"NJ","tz":"America/New_York","ref":"8531680"}},{"type":"Feature","id":"8516990","geometry":{"type":"Point","coordinates":[-73.7817,40.7933]},"properties":{"id":"8516990","name":"Willets Point","type":"reference","region":"NY","tz":"America/New_York","gt_m":2.373}},{"type":"Feature","id":"9434939","geometry":{"type":"Point","coordinates":[-124.058083,44.434361]},"properties":{"id":"9434939","name":"Waldport, Alsea Bay","type":"reference","region":"OR","tz":"America/Los_Angeles","gt_m":2.314}},{"type":"Feature","id":"8448208","geometry":{"type":"Point","coordinates":[-70.555,41.4583]},"properties":{"id":"8448208","name":"Oak Bluffs","type":"subordinate","region":"MA","tz":"America/New_York","ref":"8452660"}},{"type":"Feature","id":"8671642","geometry":{"type":"Point","coordinates":[-81.0983,31.9267]},"properties":{"id":"8671642","name":"Vernon View, Burnside River","type":"subordinate","region":"GA","tz":"America/New_York","ref":"8670870"}},{"type":"Feature","id":"8674623","geometry":{"type":"Point","coordinates":[-81.27,31.5317]},"properties":{"id":"8674623","name":"Dog Hammock, Sapelo River","type":"subordinate","region":"GA","tz":"America/New_York","ref":"8670870"}},{"type":"Feature","id":"9451962","geometry":{"type":"Point","coordinates":[-133.498,57.5433]},"properties":{"id":"9451962","name":"Windham Bay","type":"subordinate","region":"AK","tz":"America/Juneau","ref":"9452210"}},{"type":"Feature","id":"9462961","geometry":{"type":"Point","coordinates":[-163.364278,54.778444]},"properties":{"id":"9462961","name":"Isanotski Strait Entrance, Ikatan Bay","type":"reference","region":"AK","tz":"America/Nome","gt_m":2.01}},{"type":"Feature","id":"8638610","geometry":{"type":"Point","coordinates":[-76.328611,36.942778]},"properties":{"id":"8638610","name":"HAMPTON ROADS (Sewells Point)","type":"reference","region":"VA","tz":"America/New_York","gt_m":0.841}},{"type":"Feature","id":"8779770","geometry":{"type":"Point","coordinates":[-97.215528,26.061167]},"properties":{"id":"8779770","name":"Port Isabel","type":"reference","region":"TX","tz":"America/Chicago","gt_m":0.418}},{"type":"Feature","id":"8663858","geometry":{"type":"Point","coordinates":[-79.559998,33.040001]},"properties":{"id":"8663858","name":"Buck Hall, Awendaw Creek","type":"reference","region":"SC","tz":"America/New_York","gt_m":1.654}},{"type":"Feature","id":"9464874","geometry":{"type":"Point","coordinates":[-157.375,58.216702]},"properties":{"id":"9464874","name":"Egegik, Egegik River","type":"reference","region":"AK","tz":"America/Anchorage","gt_m":4.64}},{"type":"Feature","id":"8577330","geometry":{"type":"Point","coordinates":[-76.451698,38.3167]},"properties":{"id":"8577330","name":"Solomons Island","type":"reference","region":"MD","tz":"America/New_York","gt_m":0.449}},{"type":"Feature","id":"8637712","geometry":{"type":"Point","coordinates":[-76.791397,37.2201]},"properties":{"id":"8637712","name":"Jamestown","type":"reference","region":"VA","tz":"America/New_York","gt_m":0.682}},{"type":"Feature","id":"8517921","geometry":{"type":"Point","coordinates":[-74.0133,40.665]},"properties":{"id":"8517921","name":"Gowanus Bay","type":"subordinate","region":"NY","tz":"America/New_York","ref":"8518750"}},{"type":"Feature","id":"8722802","geometry":{"type":"Point","coordinates":[-80.07,26.37]},"properties":{"id":"8722802","name":"Lake Wyman, ICWW","type":"reference","region":"FL","tz":"America/New_York","gt_m":0.736}},{"type":"Feature","id":"8513825","geometry":{"type":"Point","coordinates":[-72.8683,40.7383]},"properties":{"id":"8513825","name":"Smith Point Bridge, Narrow Bay","type":"reference","region":"NY","tz":"America/New_York","gt_m":0.446}},{"type":"Feature","id":"8517673","geometry":{"type":"Point","coordinates":[-73.9617,40.74]},"properties":{"id":"8517673","name":"Hunters Point, Newtown Creek","type":"subordinate","region":"NY","tz":"America/New_York","ref":"8518750"}},{"type":"Feature","id":"TEC3001","geometry":{"type":"Point","coordinates":[-79.333333,33.15]},"properties":{"id":"TEC3001","name":"Brown Island, South Santee River","type":"subordinate","region":"SC","tz":"America/New_York","ref":"8665530"}},{"type":"Feature","id":"8539487","geometry":{"type":"Point","coordinates":[-74.7367,40.1367]},"properties":{"id":"8539487","name":"Fieldsboro, N.J.","type":"reference","region":"NJ","tz":"America/New_York","gt_m":2.581}},{"type":"Feature","id":"9460150","geometry":{"type":"Point","coordinates":[173.195007,52.84]},"properties":{"id":"9460150","name":"MASSACRE BAY","type":"reference","region":"AK","tz":"America/Adak"}},{"type":"Feature","id":"9450495","geometry":{"type":"Point","coordinates":[-132.328,55.4017]},"properties":{"id":"9450495","name":"Saltery Cove, Skowl Arm","type":"subordinate","region":"AK","tz":"America/Sitka","ref":"9450460"}},{"type":"Feature","id":"9451321","geometry":{"type":"Point","coordinates":[-133.151993,56.643307]},"properties":{"id":"9451321","name":"Castle Islands, Duncan Canal","type":"reference","region":"AK","tz":"America/Sitka","gt_m":4.824}},{"type":"Feature","id":"TWC1165","geometry":{"type":"Point","coordinates":[-122.8,48.6]},"properties":{"id":"TWC1165","name":"Peavine Pass","type":"subordinate","region":"WA","tz":"America/Los_Angeles","ref":"9444900"}},{"type":"Feature","id":"8518750","geometry":{"type":"Point","coordinates":[-74.014168,40.700554]},"properties":{"id":"8518750","name":"NEW YORK (The Battery)","type":"reference","region":"NY","tz":"America/New_York","gt_m":1.542}},{"type":"Feature","id":"8722004","geometry":{"type":"Point","coordinates":[-80.4483,27.86]},"properties":{"id":"8722004","name":"Sebastian Inlet bridge","type":"subordinate","region":"FL","tz":"America/New_York","ref":"8723178"}},{"type":"Feature","id":"8514779","geometry":{"type":"Point","coordinates":[-73.150611,40.64925]},"properties":{"id":"8514779","name":"Seaview Ferry Dock","type":"reference","region":"NY","tz":"America/New_York","gt_m":0.443}},{"type":"Feature","id":"8447525","geometry":{"type":"Point","coordinates":[-70.115,41.6583]},"properties":{"id":"8447525","name":"Dennisport","type":"subordinate","region":"MA","tz":"America/New_York","ref":"8443970"}},{"type":"Feature","id":"8537242","geometry":{"type":"Point","coordinates":[-75.0083,39.3433]},"properties":{"id":"8537242","name":"Menantico Creek entrance","type":"subordinate","region":"NJ","tz":"America/New_York","ref":"8557380"}},{"type":"Feature","id":"8765568","geometry":{"type":"Point","coordinates":[-92.0433,29.5233]},"properties":{"id":"8765568","name":"Lighthouse Point","type":"subordinate","region":"LA","tz":"America/Chicago","ref":"8771450"}},{"type":"Feature","id":"8730849","geometry":{"type":"Point","coordinates":[-87.599998,30.355]},"properties":{"id":"8730849","name":"Wolf Bay","type":"reference","region":"AL","tz":"America/Chicago","gt_m":0.269}},{"type":"Feature","id":"8577004","geometry":{"type":"Point","coordinates":[-76.4733,38.465]},"properties":{"id":"8577004","name":"Long Beach","type":"reference","region":"MD","tz":"America/New_York","gt_m":0.409}},{"type":"Feature","id":"9455760","geometry":{"type":"Point","coordinates":[-151.397995,60.6833]},"properties":{"id":"9455760","name":"NIKISKI","type":"reference","region":"AK","tz":"America/Anchorage","gt_m":6.262}},{"type":"Feature","id":"9465368","geometry":{"type":"Point","coordinates":[-161.808,59.045]},"properties":{"id":"9465368","name":"Goodnews Bay entrance","type":"subordinate","region":"AK","tz":"America/Anchorage","ref":"9465396"}},{"type":"Feature","id":"9410738","geometry":{"type":"Point","coordinates":[-118.398,33.8467]},"properties":{"id":"9410738","name":"King Harbor, Santa Monica Bay","type":"subordinate","region":"CA","tz":"America/Los_Angeles","ref":"9410660"}},{"type":"Feature","id":"9415227","geometry":{"type":"Point","coordinates":[-122.033,38.1]},"properties":{"id":"9415227","name":"Point Buckler","type":"subordinate","region":"CA","tz":"America/Los_Angeles","ref":"9415144"}},{"type":"Feature","id":"8665099","geometry":{"type":"Point","coordinates":[-80.0217,32.8367]},"properties":{"id":"8665099","name":"I-526 bridge","type":"reference","region":"SC","tz":"America/New_York","gt_m":1.899}},{"type":"Feature","id":"9451853","geometry":{"type":"Point","coordinates":[-135.627,57.41]},"properties":{"id":"9451853","name":"Serguis Narrows","type":"reference","region":"AK","tz":"America/Sitka","gt_m":3.973}},{"type":"Feature","id":"8765551","geometry":{"type":"Point","coordinates":[-92.035,29.58]},"properties":{"id":"8765551","name":"Southwest Pass, Vermilion Bay","type":"subordinate","region":"LA","tz":"America/Chicago","ref":"8771450"}},{"type":"Feature","id":"9454125","geometry":{"type":"Point","coordinates":[-145.988,60.465]},"properties":{"id":"9454125","name":"Shag Rock","type":"subordinate","region":"AK","tz":"America/Anchorage","ref":"9454050"}},{"type":"Feature","id":"8630055","geometry":{"type":"Point","coordinates":[-75.3817,38.0067]},"properties":{"id":"8630055","name":"Franklin City","type":"subordinate","region":"VA","tz":"America/New_York","ref":"8570280"}},{"type":"Feature","id":"9414816","geometry":{"type":"Point","coordinates":[-122.306999,37.865002]},"properties":{"id":"9414816","name":"Berkeley","type":"reference","region":"CA","tz":"America/Los_Angeles","gt_m":1.861}},{"type":"Feature","id":"8631874","geometry":{"type":"Point","coordinates":[-75.9117,37.1233]},"properties":{"id":"8631874","name":"Smith Island (Coast Guard Station)","type":"subordinate","region":"VA","tz":"America/New_York","ref":"8570280"}},{"type":"Feature","id":"TWC2315","geometry":{"type":"Point","coordinates":[173.216705,52.916698]},"properties":{"id":"TWC2315","name":"Chichagof Harbor","type":"subordinate","region":null,"tz":"America/Adak","ref":"9460150"}},{"type":"Feature","id":"9411065","geometry":{"type":"Point","coordinates":[-119.203,34.1483]},"properties":{"id":"9411065","name":"Port Hueneme","type":"subordinate","region":"CA","tz":"America/Los_Angeles","ref":"9410660"}},{"type":"Feature","id":"9454751","geometry":{"type":"Point","coordinates":[-148.038,60.1]},"properties":{"id":"9454751","name":"Guguak","type":"reference","region":"AK","tz":"America/Anchorage","gt_m":3.526}},{"type":"Feature","id":"9413623","geometry":{"type":"Point","coordinates":[-121.785,36.81]},"properties":{"id":"9413623","name":"Elkhorn Slough, Highway 1 Bridge","type":"subordinate","region":"CA","tz":"America/Los_Angeles","ref":"9413450"}},{"type":"Feature","id":"9412553","geometry":{"type":"Point","coordinates":[-121.188,35.6417]},"properties":{"id":"9412553","name":"San Simeon","type":"subordinate","region":"CA","tz":"America/Los_Angeles","ref":"9412110"}},{"type":"Feature","id":"8517394","geometry":{"type":"Point","coordinates":[-73.8883,40.5783]},"properties":{"id":"8517394","name":"Barren Island, Rockaway Inlet","type":"subordinate","region":"NY","tz":"America/New_York","ref":"8531680"}},{"type":"Feature","id":"8571476","geometry":{"type":"Point","coordinates":[-75.92,38.2617]},"properties":{"id":"8571476","name":"Roaring Point","type":"subordinate","region":"MD","tz":"America/New_York","ref":"8638863"}},{"type":"Feature","id":"TEC3419","geometry":{"type":"Point","coordinates":[-81.216667,31.883333]},"properties":{"id":"TEC3419","name":"Fort McAllister, Ogeechee River","type":"subordinate","region":"GA","tz":"America/New_York","ref":"8670870"}},{"type":"Feature","id":"8740993","geometry":{"type":"Point","coordinates":[-88.508003,30.322201]},"properties":{"id":"8740993","name":"Pascagoula, South Side","type":"reference","region":"MS","tz":"America/Chicago","gt_m":0.525}},{"type":"Feature","id":"8578693","geometry":{"type":"Point","coordinates":[-76.9767,38.3417]},"properties":{"id":"8578693","name":"Lower Cedar Point, Md.","type":"subordinate","region":"VA","tz":"America/New_York","ref":"8594900"}},{"type":"Feature","id":"9462367","geometry":{"type":"Point","coordinates":[-168.72,52.9583]},"properties":{"id":"9462367","name":"Driftwood Bay","type":"subordinate","region":"AK","tz":"America/Nome","ref":"9462620"}},{"type":"Feature","id":"8512668","geometry":{"type":"Point","coordinates":[-72.561699,41.014999]},"properties":{"id":"8512668","name":"Mattituck Inlet","type":"reference","region":"NY","tz":"America/New_York","gt_m":1.7}},{"type":"Feature","id":"9415142","geometry":{"type":"Point","coordinates":[-122.243,38.0583]},"properties":{"id":"9415142","name":"Selby","type":"subordinate","region":"CA","tz":"America/Los_Angeles","ref":"9414290"}},{"type":"Feature","id":"8743281","geometry":{"type":"Point","coordinates":[-88.7983,30.3917]},"properties":{"id":"8743281","name":"Ocean Springs","type":"reference","region":"MS","tz":"America/Chicago","gt_m":0.526}},{"type":"Feature","id":"8723852","geometry":{"type":"Point","coordinates":[-80.7167,24.865]},"properties":{"id":"8723852","name":"Matecumbe Bight, Lower Matecumbe Key, Fla. Bay","type":"subordinate","region":"FL","tz":"America/New_York","ref":"8724580"}},{"type":"Feature","id":"9416841","geometry":{"type":"Point","coordinates":[-123.711083,38.914556]},"properties":{"id":"9416841","name":"ARENA COVE","type":"reference","region":"CA","tz":"America/Los_Angeles","gt_m":1.789}},{"type":"Feature","id":"8455083","geometry":{"type":"Point","coordinates":[-71.49,41.3633]},"properties":{"id":"8455083","name":"Point Judith, Harbor of Refuge","type":"reference","region":"RI","tz":"America/New_York","gt_m":1.03}},{"type":"Feature","id":"8724082","geometry":{"type":"Point","coordinates":[-81.2167,24.6833]},"properties":{"id":"8724082","name":"Money Key","type":"subordinate","region":"FL","tz":"America/New_York","ref":"8724580"}},{"type":"Feature","id":"9448094","geometry":{"type":"Point","coordinates":[-122.367,48.1367]},"properties":{"id":"9448094","name":"Kayak Point","type":"subordinate","region":"WA","tz":"America/Los_Angeles","ref":"9447130"}},{"type":"Feature","id":"8464464","geometry":{"type":"Point","coordinates":[-72.6683,41.77]},"properties":{"id":"8464464","name":"Hartford","type":"subordinate","region":"CT","tz":"America/New_York","ref":"8461490"}},{"type":"Feature","id":"8722334","geometry":{"type":"Point","coordinates":[-80.3133,27.2433]},"properties":{"id":"8722334","name":"North Fork","type":"subordinate","region":"FL","tz":"America/New_York","ref":"8723178"}},{"type":"Feature","id":"8762075","geometry":{"type":"Point","coordinates":[-90.199303,29.114201]},"properties":{"id":"8762075","name":"Port Fourchon","type":"reference","region":"LA","tz":"America/Chicago","gt_m":0.368}},{"type":"Feature","id":"9459968","geometry":{"type":"Point","coordinates":[-162.812,54.4817]},"properties":{"id":"9459968","name":"Sanak Harbor","type":"subordinate","region":"AK","tz":"America/Nome","ref":"9459450"}},{"type":"Feature","id":"TWC1789","geometry":{"type":"Point","coordinates":[-135.933333,57.55]},"properties":{"id":"TWC1789","name":"Falcon Arm, Slocum Arm","type":"subordinate","region":"AK","tz":"America/Sitka","ref":"9452634"}},{"type":"Feature","id":"8576363","geometry":{"type":"Point","coordinates":[-76.5333,38.7]},"properties":{"id":"8576363","name":"Chesapeake Beach","type":"subordinate","region":"MD","tz":"America/New_York","ref":"8574680"}},{"type":"Feature","id":"8723575","geometry":{"type":"Point","coordinates":[-80.43,25.235]},"properties":{"id":"8723575","name":"Manatee Creek, Manatee Bay, Barnes Sound","type":"subordinate","region":"FL","tz":"America/New_York","ref":"8723178"}},{"type":"Feature","id":"8678111","geometry":{"type":"Point","coordinates":[-81.5283,31.0167]},"properties":{"id":"8678111","name":"Dover Bluff, Dover Creek","type":"subordinate","region":"GA","tz":"America/New_York","ref":"8720030"}},{"type":"Feature","id":"8450948","geometry":{"type":"Point","coordinates":[-71.2117,41.6383]},"properties":{"id":"8450948","name":"Anthony Point","type":"subordinate","region":"RI","tz":"America/New_York","ref":"8452660"}},{"type":"Feature","id":"8459681","geometry":{"type":"Point","coordinates":[-71.61,41.1633]},"properties":{"id":"8459681","name":"Southwest Point, Block Island","type":"reference","region":"RI","tz":"America/New_York","gt_m":0.9}},{"type":"Feature","id":"8416968","geometry":{"type":"Point","coordinates":[-69.6867,43.86]},"properties":{"id":"8416968","name":"Isle of Springs","type":"subordinate","region":"ME","tz":"America/New_York","ref":"8418150"}},{"type":"Feature","id":"9435992","geometry":{"type":"Point","coordinates":[-123.9636,44.880001]},"properties":{"id":"9435992","name":"Chinook Bend, Siletz River","type":"reference","region":"OR","tz":"America/Los_Angeles","gt_m":1.684}},{"type":"Feature","id":"8413825","geometry":{"type":"Point","coordinates":[-68.434998,44.169998]},"properties":{"id":"8413825","name":"Mackerel Cove, Swans Island","type":"reference","region":"ME","tz":"America/New_York","gt_m":3.33}},{"type":"Feature","id":"8724094","geometry":{"type":"Point","coordinates":[-81.2267,24.775]},"properties":{"id":"8724094","name":"East Bahia Honda Key, south end, Florida Bay","type":"subordinate","region":"FL","tz":"America/New_York","ref":"8724580"}},{"type":"Feature","id":"9454674","geometry":{"type":"Point","coordinates":[-147.794998,59.889999]},"properties":{"id":"9454674","name":"Macleod Harbor","type":"subordinate","region":"AK","tz":"America/Anchorage","ref":"9454050"}},{"type":"Feature","id":"8666217","geometry":{"type":"Point","coordinates":[-80.2233,32.695]},"properties":{"id":"8666217","name":"Yonges Island","type":"subordinate","region":"SC","tz":"America/New_York","ref":"8665530"}},{"type":"Feature","id":"9451301","geometry":{"type":"Point","coordinates":[-132.575,56.615]},"properties":{"id":"9451301","name":"Dry Strait","type":"subordinate","region":"AK","tz":"America/Sitka","ref":"9452210"}},{"type":"Feature","id":"8723862","geometry":{"type":"Point","coordinates":[-80.74,24.8517]},"properties":{"id":"8723862","name":"Matecumbe Harbor, Lower Matecumbe Key, Fla. Bay","type":"subordinate","region":"FL","tz":"America/New_York","ref":"8724580"}},{"type":"Feature","id":"9436031","geometry":{"type":"Point","coordinates":[-124,44.8967]},"properties":{"id":"9436031","name":"Kernville, Siletz River","type":"subordinate","region":"OR","tz":"America/Los_Angeles","ref":"9419750"}},{"type":"Feature","id":"8536780","geometry":{"type":"Point","coordinates":[-75.02,39.2]},"properties":{"id":"8536780","name":"East Point, Maurice River Cove","type":"subordinate","region":"NJ","tz":"America/New_York","ref":"8557380"}},{"type":"Feature","id":"9455399","geometry":{"type":"Point","coordinates":[-151.42,59.255]},"properties":{"id":"9455399","name":"Picnic Harbor, Rocky Bay","type":"subordinate","region":"AK","tz":"America/Anchorage","ref":"9455090"}},{"type":"Feature","id":"8665737","geometry":{"type":"Point","coordinates":[-80.45,32.7533]},"properties":{"id":"8665737","name":"Jacksonboro Camp","type":"subordinate","region":"SC","tz":"America/New_York","ref":"8670870"}},{"type":"Feature","id":"8723787","geometry":{"type":"Point","coordinates":[-80.5883,24.9517]},"properties":{"id":"8723787","name":"Snake Creek, Hwy. 1 bridge, Windley Key","type":"subordinate","region":"FL","tz":"America/New_York","ref":"8723178"}},{"type":"Feature","id":"8658559","geometry":{"type":"Point","coordinates":[-77.8933,34.0317]},"properties":{"id":"8658559","name":"Wilmington Beach","type":"subordinate","region":"NC","tz":"America/New_York","ref":"8654400"}},{"type":"Feature","id":"9451625","geometry":{"type":"Point","coordinates":[-134.825,57.088333]},"properties":{"id":"9451625","name":"Baranof, Warm Spring Bay","type":"reference","region":"AK","tz":"America/Sitka","gt_m":4.2}},{"type":"Feature","id":"8722956","geometry":{"type":"Point","coordinates":[-80.116667,26.081667]},"properties":{"id":"8722956","name":"South Port Everglades, ICWW","type":"reference","region":"FL","tz":"America/New_York","gt_m":0.849}},{"type":"Feature","id":"8630413","geometry":{"type":"Point","coordinates":[-75.3683,37.865]},"properties":{"id":"8630413","name":"Assateague Beach, Toms Cove","type":"subordinate","region":"VA","tz":"America/New_York","ref":"8570280"}},{"type":"Feature","id":"8593909","geometry":{"type":"Point","coordinates":[-76.955,38.91]},"properties":{"id":"8593909","name":"Kenilworth Aquatic Garden","type":"subordinate","region":"DC","tz":"America/New_York","ref":"8594900"}},{"type":"Feature","id":"TWC0863","geometry":{"type":"Point","coordinates":[-123.9,45.55]},"properties":{"id":"TWC0863","name":"Miami Cove","type":"subordinate","region":"OR","tz":"America/Los_Angeles","ref":"9419750"}},{"type":"Feature","id":"TWC1513","geometry":{"type":"Point","coordinates":[-132.783333,55.016667]},"properties":{"id":"TWC1513","name":"Kasook Inlet, Sukkwan Island","type":"subordinate","region":"AK","tz":"America/Sitka","ref":"9451600"}},{"type":"Feature","id":"8722404","geometry":{"type":"Point","coordinates":[-80.145,27.1133]},"properties":{"id":"8722404","name":"Peck Lake, ICWW","type":"subordinate","region":"FL","tz":"America/New_York","ref":"8723178"}},{"type":"Feature","id":"8740405","geometry":{"type":"Point","coordinates":[-88.4417,30.2033]},"properties":{"id":"8740405","name":"Petit Bois Island, Mississippi Sound","type":"reference","region":"MS","tz":"America/Chicago","gt_m":0.448}},{"type":"Feature","id":"8538552","geometry":{"type":"Point","coordinates":[-75.25,39.85]},"properties":{"id":"8538552","name":"Billingsport, N.J.","type":"subordinate","region":"NJ","tz":"America/New_York","ref":"8545240"}},{"type":"Feature","id":"9433445","geometry":{"type":"Point","coordinates":[-124.192,43.675]},"properties":{"id":"9433445","name":"Umpqua River Entrance, Half Moon Bay","type":"reference","region":"OR","tz":"America/Los_Angeles","gt_m":2.177}},{"type":"Feature","id":"8723089","geometry":{"type":"Point","coordinates":[-80.1633,25.88]},"properties":{"id":"8723089","name":"Biscayne Creek, ICWW","type":"subordinate","region":"FL","tz":"America/New_York","ref":"8723178"}},{"type":"Feature","id":"8724307","geometry":{"type":"Point","coordinates":[-81.4833,24.79]},"properties":{"id":"8724307","name":"Content Keys, Content Passage","type":"subordinate","region":"FL","tz":"America/New_York","ref":"8724580"}},{"type":"Feature","id":"8516155","geometry":{"type":"Point","coordinates":[-73.5017,40.6233]},"properties":{"id":"8516155","name":"Green Island","type":"reference","region":"NY","tz":"America/New_York","gt_m":1.072}},{"type":"Feature","id":"8414249","geometry":{"type":"Point","coordinates":[-68.620931,44.192306]},"properties":{"id":"8414249","name":"Oceanville, Deer Isle","type":"reference","region":"ME","tz":"America/New_York","gt_m":3.242}},{"type":"Feature","id":"9466084","geometry":{"type":"Point","coordinates":[-164.272598,60.159401]},"properties":{"id":"9466084","name":"Chefornak, Kinia River","type":"reference","region":"AK","tz":"America/Nome","gt_m":1.556}},{"type":"Feature","id":"8761289","geometry":{"type":"Point","coordinates":[-89.6633,29.2867]},"properties":{"id":"8761289","name":"Bastian Island","type":"subordinate","region":"LA","tz":"America/Chicago","ref":"8761724"}},{"type":"Feature","id":"8667209","geometry":{"type":"Point","coordinates":[-80.4483,32.5783]},"properties":{"id":"8667209","name":"Musselboro Island, Mosquito Creek","type":"subordinate","region":"SC","tz":"America/New_York","ref":"8670870"}},{"type":"Feature","id":"8532885","geometry":{"type":"Point","coordinates":[-74.0683,39.9883]},"properties":{"id":"8532885","name":"Ocean Beach","type":"subordinate","region":"NJ","tz":"America/New_York","ref":"8531680"}},{"type":"Feature","id":"9414551","geometry":{"type":"Point","coordinates":[-121.975,37.4233]},"properties":{"id":"9414551","name":"Gold Street Bridge, Alviso Slough","type":"subordinate","region":"CA","tz":"America/Los_Angeles","ref":"9414290"}},{"type":"Feature","id":"8724507","geometry":{"type":"Point","coordinates":[-81.725,24.6033]},"properties":{"id":"8724507","name":"Channel Key, west side","type":"subordinate","region":"FL","tz":"America/New_York","ref":"8724580"}},{"type":"Feature","id":"8653471","geometry":{"type":"Point","coordinates":[-75.988899,35.509399]},"properties":{"id":"8653471","name":"Engelhard","type":"reference","region":"NC","tz":"America/New_York","gt_m":0.173}},{"type":"Feature","id":"8578853","geometry":{"type":"Point","coordinates":[-77.145,38.3867]},"properties":{"id":"8578853","name":"Riverside, Md.","type":"subordinate","region":"VA","tz":"America/New_York","ref":"8594900"}},{"type":"Feature","id":"9452634","geometry":{"type":"Point","coordinates":[-136.346944,58.194722]},"properties":{"id":"9452634","name":"Elfin Cove, Port Althorp","type":"reference","region":"AK","tz":"America/Juneau","gt_m":3.354}},{"type":"Feature","id":"9441187","geometry":{"type":"Point","coordinates":[-123.853,46.9683]},"properties":{"id":"9441187","name":"ABERDEEN","type":"reference","region":"WA","tz":"America/Los_Angeles","gt_m":3.081}},{"type":"Feature","id":"8722213","geometry":{"type":"Point","coordinates":[-80.3,27.4683]},"properties":{"id":"8722213","name":"Fort Pierce Inlet, Binney Dock","type":"reference","region":"FL","tz":"America/New_York","gt_m":0.721}},{"type":"Feature","id":"9410686","geometry":{"type":"Point","coordinates":[-118.21,33.7717]},"properties":{"id":"9410686","name":"Long Beach, Inner Harbor","type":"subordinate","region":"CA","tz":"America/Los_Angeles","ref":"9410660"}},{"type":"Feature","id":"8656571","geometry":{"type":"Point","coordinates":[-76.6817,34.6983]},"properties":{"id":"8656571","name":"Fort Macon, USCG Station","type":"subordinate","region":"NC","tz":"America/New_York","ref":"8654400"}},{"type":"Feature","id":"8515786","geometry":{"type":"Point","coordinates":[-73.4,40.9533]},"properties":{"id":"8515786","name":"Eatons Neck Point","type":"reference","region":"NY","tz":"America/New_York","gt_m":2.358}},{"type":"Feature","id":"9451074","geometry":{"type":"Point","coordinates":[-132.985,56.2767]},"properties":{"id":"9451074","name":"Bushy Island, Snow Passage","type":"reference","region":"AK","tz":"America/Sitka","gt_m":4.493}},{"type":"Feature","id":"9414711","geometry":{"type":"Point","coordinates":[-122.208,37.7317]},"properties":{"id":"9414711","name":"Oakland Airport","type":"subordinate","region":"CA","tz":"America/Los_Angeles","ref":"9414290"}},{"type":"Feature","id":"9450988","geometry":{"type":"Point","coordinates":[-134.133,56.15]},"properties":{"id":"9450988","name":"Kell Bay, Affleck Canal, Kuiu Island","type":"subordinate","region":"AK","tz":"America/Sitka","ref":"9451600"}},{"type":"Feature","id":"9440875","geometry":{"type":"Point","coordinates":[-123.798,46.6633]},"properties":{"id":"9440875","name":"South Bend, Willapa River","type":"reference","region":"WA","tz":"America/Los_Angeles","gt_m":2.992}},{"type":"Feature","id":"9459311","geometry":{"type":"Point","coordinates":[-159.995,55.155]},"properties":{"id":"9459311","name":"Sanborn Harbor, Nagai Island","type":"subordinate","region":"AK","tz":"America/Anchorage","ref":"9459450"}},{"type":"Feature","id":"8515186","geometry":{"type":"Point","coordinates":[-73.26,40.6267]},"properties":{"id":"8515186","name":"Fire Island Coast Guard Station","type":"reference","region":"NY","tz":"America/New_York","gt_m":0.675}},{"type":"Feature","id":"8775132","geometry":{"type":"Point","coordinates":[-97.273499,27.8804]},"properties":{"id":"8775132","name":"La Qunita Channel North","type":"reference","region":"TX","tz":"America/Chicago","gt_m":0.217}},{"type":"Feature","id":"9459881","geometry":{"type":"Point","coordinates":[-162.326111,55.059889]},"properties":{"id":"9459881","name":"King Cove","type":"reference","region":"AK","tz":"America/Nome","gt_m":2.081}},{"type":"Feature","id":"9457152","geometry":{"type":"Point","coordinates":[-152.067001,58.3167]},"properties":{"id":"9457152","name":"Tonki Bay","type":"subordinate","region":"AK","tz":"America/Anchorage","ref":"9457292"}},{"type":"Feature","id":"8444762","geometry":{"type":"Point","coordinates":[-70.785,42.2483]},"properties":{"id":"8444762","name":"Cohasset Harbor (White Head)","type":"subordinate","region":"MA","tz":"America/New_York","ref":"8443970"}},{"type":"Feature","id":"9448682","geometry":{"type":"Point","coordinates":[-122.513,48.458302]},"properties":{"id":"9448682","name":"Swinomish Channel ent., Padilla Bay","type":"reference","region":"WA","tz":"America/Los_Angeles","gt_m":2.663}},{"type":"Feature","id":"8723746","geometry":{"type":"Point","coordinates":[-80.6183,25.005]},"properties":{"id":"8723746","name":"Crane Keys, north side, Florida Bay","type":"subordinate","region":"FL","tz":"America/New_York","ref":"8723178"}},{"type":"Feature","id":"8638486","geometry":{"type":"Point","coordinates":[-77.3233,37.3783]},"properties":{"id":"8638486","name":"Meadowville","type":"subordinate","region":"VA","tz":"America/New_York","ref":"8594900"}},{"type":"Feature","id":"9457283","geometry":{"type":"Point","coordinates":[-152.483,57.745]},"properties":{"id":"9457283","name":"Kodiak, St. Paul Harbor","type":"subordinate","region":"AK","tz":"America/Anchorage","ref":"9457292"}},{"type":"Feature","id":"9440886","geometry":{"type":"Point","coordinates":[-123.755,46.6833]},"properties":{"id":"9440886","name":"Raymond, Willapa River","type":"subordinate","region":"WA","tz":"America/Los_Angeles","ref":"9440910"}},{"type":"Feature","id":"9455428","geometry":{"type":"Point","coordinates":[-151.728,59.2133]},"properties":{"id":"9455428","name":"Port Chatham","type":"subordinate","region":"AK","tz":"America/Anchorage","ref":"9455500"}},{"type":"Feature","id":"9466203","geometry":{"type":"Point","coordinates":[-172.714996,60.358299]},"properties":{"id":"9466203","name":"St. Matthew Island","type":"subordinate","region":"AK","tz":"America/Nome","ref":"9464212"}},{"type":"Feature","id":"9450836","geometry":{"type":"Point","coordinates":[-131.797,55.9133]},"properties":{"id":"9450836","name":"Yes Cannery, Yes Bay","type":"subordinate","region":"AK","tz":"America/Sitka","ref":"9450460"}},{"type":"Feature","id":"8444351","geometry":{"type":"Point","coordinates":[-70.92,42.3033]},"properties":{"id":"8444351","name":"Hull","type":"subordinate","region":"MA","tz":"America/New_York","ref":"8443970"}},{"type":"Feature","id":"8720007","geometry":{"type":"Point","coordinates":[-81.5767,30.7033]},"properties":{"id":"8720007","name":"Roses Bluff, Bells River","type":"subordinate","region":"GA","tz":"America/New_York","ref":"8720030"}},{"type":"Feature","id":"9410962","geometry":{"type":"Point","coordinates":[-120.047,34.0083]},"properties":{"id":"9410962","name":"Bechers Bay, Santa Rosa Island","type":"subordinate","region":"CA","tz":"America/Los_Angeles","ref":"9410660"}},{"type":"Feature","id":"8775244","geometry":{"type":"Point","coordinates":[-97.485901,27.8328]},"properties":{"id":"8775244","name":"Nueces Bay","type":"reference","region":"TX","tz":"America/Chicago","gt_m":0.212}},{"type":"Feature","id":"9456204","geometry":{"type":"Point","coordinates":[-152.635,60.1533]},"properties":{"id":"9456204","name":"Tuxedni Channel","type":"subordinate","region":"AK","tz":"America/Anchorage","ref":"9455500"}},{"type":"Feature","id":"8516402","geometry":{"type":"Point","coordinates":[-73.583972,40.593889]},"properties":{"id":"8516402","name":"Point Lookout (marina), Jones Inlet","type":"reference","region":"NY","tz":"America/New_York","gt_m":1.419}},{"type":"Feature","id":"8721843","geometry":{"type":"Point","coordinates":[-80.591698,28.0833]},"properties":{"id":"8721843","name":"Melbourne Causeway","type":"reference","region":"FL","tz":"America/New_York","gt_m":0.086}},{"type":"Feature","id":"8447842","geometry":{"type":"Point","coordinates":[-70.9283,41.5383]},"properties":{"id":"8447842","name":"Round Hill Point","type":"reference","region":"MA","tz":"America/New_York","gt_m":1.169}},{"type":"Feature","id":"8536581","geometry":{"type":"Point","coordinates":[-74.8917,39.1283]},"properties":{"id":"8536581","name":"Bidwell Creek entrance","type":"reference","region":"NJ","tz":"America/New_York","gt_m":1.917}},{"type":"Feature","id":"8729613","geometry":{"type":"Point","coordinates":[-86.7317,30.4083]},"properties":{"id":"8729613","name":"Harris, The Narrows","type":"subordinate","region":"FL","tz":"America/Chicago","ref":"8729840"}},{"type":"Feature","id":"8590111","geometry":{"type":"Point","coordinates":[-77.0267,38.8267]},"properties":{"id":"8590111","name":"Bellevue, D.C.","type":"subordinate","region":"DC","tz":"America/New_York","ref":"8594900"}},{"type":"Feature","id":"8722859","geometry":{"type":"Point","coordinates":[-80.084999,26.26]},"properties":{"id":"8722859","name":"Hillsboro Inlet Marina","type":"reference","region":"FL","tz":"America/New_York","gt_m":0.817}},{"type":"Feature","id":"8722495","geometry":{"type":"Point","coordinates":[-80.0733,26.9433]},"properties":{"id":"8722495","name":"Jupiter Inlet, south jetty","type":"subordinate","region":"FL","tz":"America/New_York","ref":"8723178"}},{"type":"Feature","id":"8668091","geometry":{"type":"Point","coordinates":[-80.5767,32.42]},"properties":{"id":"8668091","name":"Jenkins Creek, Polawana Island","type":"subordinate","region":"SC","tz":"America/New_York","ref":"8670870"}},{"type":"Feature","id":"9468691","geometry":{"type":"Point","coordinates":[-161.235139,64.380222]},"properties":{"id":"9468691","name":"Shaktoolik","type":"reference","region":"AK","tz":"America/Anchorage","gt_m":1.147}},{"type":"Feature","id":"8773896","geometry":{"type":"Point","coordinates":[-96.580299,28.3645]},"properties":{"id":"8773896","name":"Shoalwater Flats, Espiritu Santo Bay","type":"reference","region":"TX","tz":"America/Chicago","gt_m":0.094}},{"type":"Feature","id":"8533780","geometry":{"type":"Point","coordinates":[-74.1917,39.7067]},"properties":{"id":"8533780","name":"Flat Creek","type":"subordinate","region":"NJ","tz":"America/New_York","ref":"8531680"}},{"type":"Feature","id":"8417387","geometry":{"type":"Point","coordinates":[-69.8933,43.7883]},"properties":{"id":"8417387","name":"Cundy Harbor, New Meadows River","type":"subordinate","region":"ME","tz":"America/New_York","ref":"8418150"}},{"type":"Feature","id":"8549424","geometry":{"type":"Point","coordinates":[-74.8233,40.1283]},"properties":{"id":"8549424","name":"Edgely, Pa.","type":"subordinate","region":"PA","tz":"America/New_York","ref":"8545240"}},{"type":"Feature","id":"9462705","geometry":{"type":"Point","coordinates":[-165.661389,54.110278]},"properties":{"id":"9462705","name":"Green Bight, Akutan Island","type":"reference","region":"AK","tz":"America/Nome","gt_m":1.528}},{"type":"Feature","id":"1615202","geometry":{"type":"Point","coordinates":[-156.445,20.6567]},"properties":{"id":"1615202","name":"Makena","type":"subordinate","region":"HI","tz":"Pacific/Honolulu","ref":"1615680"}},{"type":"Feature","id":"8538548","geometry":{"type":"Point","coordinates":[-75.1867,39.86]},"properties":{"id":"8538548","name":"Woodbury Creek, N.J.","type":"subordinate","region":"NJ","tz":"America/New_York","ref":"8545240"}},{"type":"Feature","id":"8725667","geometry":{"type":"Point","coordinates":[-82.265,26.8333]},"properties":{"id":"8725667","name":"Placida, Gasparilla Sound","type":"subordinate","region":"FL","tz":"America/New_York","ref":"8726520"}},{"type":"Feature","id":"8570691","geometry":{"type":"Point","coordinates":[-75.183528,38.138944]},"properties":{"id":"8570691","name":"Buntings Bridge","type":"reference","region":"MD","tz":"America/New_York","gt_m":0.25}},{"type":"Feature","id":"8742221","geometry":{"type":"Point","coordinates":[-88.6667,30.2383]},"properties":{"id":"8742221","name":"Horn Island, Mississippi Sound","type":"reference","region":"MS","tz":"America/Chicago","gt_m":0.487}},{"type":"Feature","id":"9416131","geometry":{"type":"Point","coordinates":[-121.546303,38.562248]},"properties":{"id":"9416131","name":"Port of West Sacramento","type":"reference","region":"CA","tz":"America/Los_Angeles","gt_m":1.329}},{"type":"Feature","id":"8661703","geometry":{"type":"Point","coordinates":[-79.145,33.5067]},"properties":{"id":"8661703","name":"Thoroughfare Creek entrance","type":"reference","region":"SC","tz":"America/New_York","gt_m":1.122}},{"type":"Feature","id":"9445993","geometry":{"type":"Point","coordinates":[-122.517,47.5233]},"properties":{"id":"9445993","name":"Harper, Yukon Harbor","type":"subordinate","region":"WA","tz":"America/Los_Angeles","ref":"9447130"}},{"type":"Feature","id":"9414883","geometry":{"type":"Point","coordinates":[-121.29,37.9583]},"properties":{"id":"9414883","name":"Stockton","type":"subordinate","region":"CA","tz":"America/Los_Angeles","ref":"9415144"}},{"type":"Feature","id":"9440574","geometry":{"type":"Point","coordinates":[-124.072,46.2733]},"properties":{"id":"9440574","name":"Columbia River entrance (N. Jetty)","type":"subordinate","region":"WA","tz":"America/Los_Angeles","ref":"9439040"}},{"type":"Feature","id":"9414486","geometry":{"type":"Point","coordinates":[-122.222,37.545]},"properties":{"id":"9414486","name":"Bay Slough, east end","type":"subordinate","region":"CA","tz":"America/Los_Angeles","ref":"9414290"}},{"type":"Feature","id":"8410714","geometry":{"type":"Point","coordinates":[-67.1083,44.87]},"properties":{"id":"8410714","name":"Coffins Point","type":"reference","region":"ME","tz":"America/New_York","gt_m":5.535}},{"type":"Feature","id":"9431647","geometry":{"type":"Point","coordinates":[-124.498299,42.738998]},"properties":{"id":"9431647","name":"Port Orford","type":"reference","region":"OR","tz":"America/Los_Angeles","gt_m":2.219}},{"type":"Feature","id":"8415867","geometry":{"type":"Point","coordinates":[-69.2367,43.9867]},"properties":{"id":"8415867","name":"Otis Cove","type":"subordinate","region":"ME","tz":"America/New_York","ref":"8418150"}},{"type":"Feature","id":"8638418","geometry":{"type":"Point","coordinates":[-76.63,36.9833]},"properties":{"id":"8638418","name":"Smithfield, Pagan River","type":"subordinate","region":"VA","tz":"America/New_York","ref":"8638610"}},{"type":"Feature","id":"9450711","geometry":{"type":"Point","coordinates":[-133.35,55.721667]},"properties":{"id":"9450711","name":"Nossuk Bay, Tonowek Bay","type":"reference","region":"AK","tz":"America/Sitka","gt_m":3.17}},{"type":"Feature","id":"9450373","geometry":{"type":"Point","coordinates":[-132.095,55.2133]},"properties":{"id":"9450373","name":"Lancaster Cove, Cholmondeley Sound","type":"subordinate","region":"AK","tz":"America/Sitka","ref":"9450460"}},{"type":"Feature","id":"8729084","geometry":{"type":"Point","coordinates":[-85.6117,30.1267]},"properties":{"id":"8729084","name":"Parker","type":"subordinate","region":"FL","tz":"America/Chicago","ref":"8729840"}},{"type":"Feature","id":"9448558","geometry":{"type":"Point","coordinates":[-122.497,48.3917]},"properties":{"id":"9448558","name":"La Conner, Swinomish Channel","type":"subordinate","region":"WA","tz":"America/Los_Angeles","ref":"9447130"}},{"type":"Feature","id":"8574683","geometry":{"type":"Point","coordinates":[-76.585,39.2617]},"properties":{"id":"8574683","name":"Fort McHenry Marsh","type":"reference","region":"MD","tz":"America/New_York","gt_m":0.505}},{"type":"Feature","id":"8546252","geometry":{"type":"Point","coordinates":[-75.079317,39.979683]},"properties":{"id":"8546252","name":"Bridesburg, Philadelphia, Pa.","type":"reference","region":"PA","tz":"America/New_York","gt_m":2.124}},{"type":"Feature","id":"TWC0383","geometry":{"type":"Point","coordinates":[-111.016998,18.733]},"properties":{"id":"TWC0383","name":"Isla Socorro","type":"subordinate","region":null,"tz":"America/Mazatlan","ref":"9410170"}},{"type":"Feature","id":"8637686","geometry":{"type":"Point","coordinates":[-76.4367,37.23]},"properties":{"id":"8637686","name":"Yorktown, Goodwin Neck","type":"subordinate","region":"VA","tz":"America/New_York","ref":"8638610"}},{"type":"Feature","id":"9415105","geometry":{"type":"Point","coordinates":[-121.497002,38.049999]},"properties":{"id":"9415105","name":"Wards Island, Little Connection Slough","type":"reference","region":"CA","tz":"America/Los_Angeles","gt_m":1.029}},{"type":"Feature","id":"9441098","geometry":{"type":"Point","coordinates":[-123.998,46.9067]},"properties":{"id":"9441098","name":"Markham","type":"subordinate","region":"WA","tz":"America/Los_Angeles","ref":"9440910"}},{"type":"Feature","id":"9457773","geometry":{"type":"Point","coordinates":[-154.148,57.0017]},"properties":{"id":"9457773","name":"Moser Bay (Trap Point)","type":"subordinate","region":"AK","tz":"America/Anchorage","ref":"9457804"}},{"type":"Feature","id":"8724239","geometry":{"type":"Point","coordinates":[-81.4033,24.65]},"properties":{"id":"8724239","name":"Ramrod Key, Newfound Harbor","type":"subordinate","region":"FL","tz":"America/New_York","ref":"8724580"}},{"type":"Feature","id":"9463885","geometry":{"type":"Point","coordinates":[-169.666702,56.5667]},"properties":{"id":"9463885","name":"Zapadni Bay, St. George Island","type":"reference","region":"AK","tz":"America/Nome","gt_m":1.045}},{"type":"Feature","id":"1612401","geometry":{"type":"Point","coordinates":[-157.963898,21.3675]},"properties":{"id":"1612401","name":"Ford Island, Pearl Harbor","type":"reference","region":"HI","tz":"Pacific/Honolulu","gt_m":0.596}},{"type":"Feature","id":"8571351","geometry":{"type":"Point","coordinates":[-75.945,38.1717]},"properties":{"id":"8571351","name":"Chance","type":"subordinate","region":"MD","tz":"America/New_York","ref":"8638863"}},{"type":"Feature","id":"1618021","geometry":{"type":"Point","coordinates":[-155.922,19.4767]},"properties":{"id":"1618021","name":"Napoopoo, Kealakekua Bay","type":"subordinate","region":"HI","tz":"Pacific/Honolulu","ref":"1617760"}},{"type":"Feature","id":"8722528","geometry":{"type":"Point","coordinates":[-80.07,26.8817]},"properties":{"id":"8722528","name":"Donald Ross Bridge, ICWW","type":"subordinate","region":"FL","tz":"America/New_York","ref":"8723178"}},{"type":"Feature","id":"8421897","geometry":{"type":"Point","coordinates":[-70.8333,43.1217]},"properties":{"id":"8421897","name":"Dover Point","type":"subordinate","region":"NH","tz":"America/New_York","ref":"8418150"}},{"type":"Feature","id":"9446369","geometry":{"type":"Point","coordinates":[-122.588,47.34]},"properties":{"id":"9446369","name":"Gig Harbor","type":"subordinate","region":"WA","tz":"America/Los_Angeles","ref":"9447130"}},{"type":"Feature","id":"8538601","geometry":{"type":"Point","coordinates":[-75.1233,39.8733]},"properties":{"id":"8538601","name":"Westville, Rt. 47 bridge, Big Timber Creek, N.J.","type":"subordinate","region":"NJ","tz":"America/New_York","ref":"8545240"}},{"type":"Feature","id":"8463582","geometry":{"type":"Point","coordinates":[-72.5067,41.4817]},"properties":{"id":"8463582","name":"Haddam","type":"subordinate","region":"CT","tz":"America/New_York","ref":"8461490"}},{"type":"Feature","id":"8661299","geometry":{"type":"Point","coordinates":[-79.1517,33.6083]},"properties":{"id":"8661299","name":"Lower Topsaw Landing","type":"subordinate","region":"SC","tz":"America/New_York","ref":"8665530"}},{"type":"Feature","id":"8573125","geometry":{"type":"Point","coordinates":[-76.1417,39.1067]},"properties":{"id":"8573125","name":"Cliffs Point","type":"subordinate","region":"MD","tz":"America/New_York","ref":"8574680"}},{"type":"Feature","id":"9418767","geometry":{"type":"Point","coordinates":[-124.217344,40.766906]},"properties":{"id":"9418767","name":"HUMBOLDT BAY (North Spit)","type":"reference","region":"CA","tz":"America/Los_Angeles","gt_m":2.09}},{"type":"Feature","id":"8551973","geometry":{"type":"Point","coordinates":[-75.6483,39.555]},"properties":{"id":"8551973","name":"St. Georges, Delaware","type":"subordinate","region":"DE","tz":"America/New_York","ref":"8551910"}},{"type":"Feature","id":"TWC0933","geometry":{"type":"Point","coordinates":[-124.005,46.37]},"properties":{"id":"TWC0933","name":"Tarlatt Slough","type":"subordinate","region":"WA","tz":"America/Los_Angeles","ref":"9440910"}},{"type":"Feature","id":"9455146","geometry":{"type":"Point","coordinates":[-149.718,59.885]},"properties":{"id":"9455146","name":"Aialik Sill, Aialik Bay","type":"reference","region":"AK","tz":"America/Anchorage","gt_m":3.246}},{"type":"Feature","id":"TPT2821","geometry":{"type":"Point","coordinates":[-150.233333,-10]},"properties":{"id":"TPT2821","name":"Caroline Island","type":"subordinate","region":null,"tz":"Pacific/Kiritimati","ref":"1770000"}},{"type":"Feature","id":"8723080","geometry":{"type":"Point","coordinates":[-80.12,25.9033]},"properties":{"id":"8723080","name":"Haulover Pier, N. Miami Beach","type":"reference","region":"FL","tz":"America/New_York","gt_m":0.818}},{"type":"Feature","id":"8536848","geometry":{"type":"Point","coordinates":[-75.1583,39.2167]},"properties":{"id":"8536848","name":"Fishing Creek entrance","type":"subordinate","region":"NJ","tz":"America/New_York","ref":"8551910"}},{"type":"Feature","id":"8537961","geometry":{"type":"Point","coordinates":[-75.4983,39.57]},"properties":{"id":"8537961","name":"Sinnickson Landing","type":"subordinate","region":"NJ","tz":"America/New_York","ref":"8551910"}},{"type":"Feature","id":"8733839","geometry":{"type":"Point","coordinates":[-87.936444,30.667167]},"properties":{"id":"8733839","name":"Meaher State Park, Mobile Bay","type":"reference","region":"AL","tz":"America/Chicago","gt_m":0.469}},{"type":"Feature","id":"TWC1879","geometry":{"type":"Point","coordinates":[-145.716667,60.583333]},"properties":{"id":"TWC1879","name":"Orca","type":"subordinate","region":"AK","tz":"America/Anchorage","ref":"9454050"}},{"type":"Feature","id":"9414506","geometry":{"type":"Point","coordinates":[-122.08,37.5133]},"properties":{"id":"9414506","name":"Newark Slough","type":"subordinate","region":"CA","tz":"America/Los_Angeles","ref":"9414290"}},{"type":"Feature","id":"8723044","geometry":{"type":"Point","coordinates":[-80.125,25.9417]},"properties":{"id":"8723044","name":"Dumfoundling Bay","type":"subordinate","region":"FL","tz":"America/New_York","ref":"8723178"}},{"type":"Feature","id":"8635750","geometry":{"type":"Point","coordinates":[-76.464401,37.996101]},"properties":{"id":"8635750","name":"Lewisetta, Va.","type":"reference","region":"VA","tz":"America/New_York","gt_m":0.458}},{"type":"Feature","id":"8672462","geometry":{"type":"Point","coordinates":[-81.2983,31.8217]},"properties":{"id":"8672462","name":"Belfast, Belfast River","type":"subordinate","region":"GA","tz":"America/New_York","ref":"8670870"}},{"type":"Feature","id":"8518635","geometry":{"type":"Point","coordinates":[-73.8983,40.7983]},"properties":{"id":"8518635","name":"North Brother Island","type":"subordinate","region":"NY","tz":"America/New_York","ref":"8516945"}},{"type":"Feature","id":"9446375","geometry":{"type":"Point","coordinates":[-122.507,47.3333]},"properties":{"id":"9446375","name":"Tahlequah, Neil Pt., Dalco Passage, Vashon I.","type":"subordinate","region":"WA","tz":"America/Los_Angeles","ref":"9447130"}},{"type":"Feature","id":"8775296","geometry":{"type":"Point","coordinates":[-97.389198,27.814899]},"properties":{"id":"8775296","name":"Texas State Aquarium, USS Lexington","type":"reference","region":"TX","tz":"America/Chicago","gt_m":0.185}},{"type":"Feature","id":"9414835","geometry":{"type":"Point","coordinates":[-121.488,37.8917]},"properties":{"id":"9414835","name":"Borden Highway Bridge, Middle River","type":"subordinate","region":"CA","tz":"America/Los_Angeles","ref":"9415144"}},{"type":"Feature","id":"8668601","geometry":{"type":"Point","coordinates":[-80.6017,32.325]},"properties":{"id":"8668601","name":"Station Creek, County Landing","type":"subordinate","region":"SC","tz":"America/New_York","ref":"8670870"}},{"type":"Feature","id":"8723868","geometry":{"type":"Point","coordinates":[-80.7483,24.845]},"properties":{"id":"8723868","name":"Channel Two, east, Lower Matecumbe Key, Fla. Bay","type":"subordinate","region":"FL","tz":"America/New_York","ref":"8724580"}},{"type":"Feature","id":"8721604","geometry":{"type":"Point","coordinates":[-80.593102,28.4158]},"properties":{"id":"8721604","name":"Port Canaveral (Trident Pier)","type":"reference","region":"FL","tz":"America/New_York","gt_m":1.196}},{"type":"Feature","id":"8519726","geometry":{"type":"Point","coordinates":[-74.2,40.5117]},"properties":{"id":"8519726","name":"Princes Bay","type":"subordinate","region":"NY","tz":"America/New_York","ref":"8531680"}},{"type":"Feature","id":"8635409","geometry":{"type":"Point","coordinates":[-76.735,38.0983]},"properties":{"id":"8635409","name":"Mount Holly, Nomini Creek, Va.","type":"subordinate","region":"VA","tz":"America/New_York","ref":"8594900"}},{"type":"Feature","id":"8725506","geometry":{"type":"Point","coordinates":[-82.068298,26.631701]},"properties":{"id":"8725506","name":"Matlacha Pass (bascule bridge)","type":"reference","region":"FL","tz":"America/New_York","gt_m":0.556}},{"type":"Feature","id":"8661437","geometry":{"type":"Point","coordinates":[-78.9967,33.575]},"properties":{"id":"8661437","name":"Garden City Pier (ocean)","type":"reference","region":"SC","tz":"America/New_York","gt_m":1.707}},{"type":"Feature","id":"9414305","geometry":{"type":"Point","coordinates":[-122.413,37.81]},"properties":{"id":"9414305","name":"San Francisco, North Point, Pier 41","type":"subordinate","region":"CA","tz":"America/Los_Angeles","ref":"9414290"}},{"type":"Feature","id":"8761557","geometry":{"type":"Point","coordinates":[-89.8533,29.31]},"properties":{"id":"8761557","name":"Quatre Bayous Pass","type":"subordinate","region":"LA","tz":"America/Chicago","ref":"8761724"}},{"type":"Feature","id":"TWC0895","geometry":{"type":"Point","coordinates":[-123.65,46.266667]},"properties":{"id":"TWC0895","name":"Harrington Point, Wash.","type":"subordinate","region":"OR","tz":"America/Los_Angeles","ref":"9439040"}},{"type":"Feature","id":"8658901","geometry":{"type":"Point","coordinates":[-78.0017,33.88]},"properties":{"id":"8658901","name":"Bald Head","type":"subordinate","region":"NC","tz":"America/New_York","ref":"8658120"}},{"type":"Feature","id":"9452321","geometry":{"type":"Point","coordinates":[-134.895,58.255]},"properties":{"id":"9452321","name":"Funter, Funter Bay","type":"subordinate","region":"AK","tz":"America/Juneau","ref":"9452210"}},{"type":"Feature","id":"8518989","geometry":{"type":"Point","coordinates":[-73.7667,42.5333]},"properties":{"id":"8518989","name":"Castleton","type":"subordinate","region":"NY","tz":"America/New_York","ref":"8518995"}},{"type":"Feature","id":"8512451","geometry":{"type":"Point","coordinates":[-72.5033,40.85]},"properties":{"id":"8512451","name":"Ponquoque Point","type":"reference","region":"NY","tz":"America/New_York","gt_m":0.969}},{"type":"Feature","id":"8448733","geometry":{"type":"Point","coordinates":[-70.83,41.3533]},"properties":{"id":"8448733","name":"Gay Head","type":"subordinate","region":"MA","tz":"America/New_York","ref":"8452660"}},{"type":"Feature","id":"8723921","geometry":{"type":"Point","coordinates":[-80.94,24.7717]},"properties":{"id":"8723921","name":"Grassy Key, north side, Florida Bay","type":"subordinate","region":"FL","tz":"America/New_York","ref":"8724580"}},{"type":"Feature","id":"9457201","geometry":{"type":"Point","coordinates":[-152.238,58.3717]},"properties":{"id":"9457201","name":"Seal Bay","type":"subordinate","region":"AK","tz":"America/Anchorage","ref":"9457292"}},{"type":"Feature","id":"9454050","geometry":{"type":"Point","coordinates":[-145.753006,60.5583]},"properties":{"id":"9454050","name":"CORDOVA","type":"reference","region":"AK","tz":"America/Anchorage","gt_m":3.838}},{"type":"Feature","id":"8661741","geometry":{"type":"Point","coordinates":[-79.1783,33.4833]},"properties":{"id":"8661741","name":"Arundel Plantation","type":"subordinate","region":"SC","tz":"America/New_York","ref":"8665530"}},{"type":"Feature","id":"8720137","geometry":{"type":"Point","coordinates":[-81.4567,30.5133]},"properties":{"id":"8720137","name":"Sawpit Creek entrance, bridge","type":"subordinate","region":"FL","tz":"America/New_York","ref":"8720030"}},{"type":"Feature","id":"8452660","geometry":{"type":"Point","coordinates":[-71.326139,41.504333]},"properties":{"id":"8452660","name":"NEWPORT","type":"reference","region":"RI","tz":"America/New_York","gt_m":1.174}},{"type":"Feature","id":"9415112","geometry":{"type":"Point","coordinates":[-121.918,38.0433]},"properties":{"id":"9415112","name":"Mallard Island Ferry Wharf","type":"reference","region":"CA","tz":"America/Los_Angeles","gt_m":1.343}},{"type":"Feature","id":"8779749","geometry":{"type":"Point","coordinates":[-97.1548,26.067499]},"properties":{"id":"8779749","name":"South Padre Island, Brazos Santiago Pass","type":"reference","region":"TX","tz":"America/Chicago","gt_m":0.449}},{"type":"Feature","id":"8534296","geometry":{"type":"Point","coordinates":[-74.3367,39.5167]},"properties":{"id":"8534296","name":"Seven Island, Newmans Thorofare","type":"subordinate","region":"NJ","tz":"America/New_York","ref":"8531680"}},{"type":"Feature","id":"8723439","geometry":{"type":"Point","coordinates":[-80.21,25.415]},"properties":{"id":"8723439","name":"Billys Point, south of, Elliott Key, Biscayne Bay","type":"subordinate","region":"FL","tz":"America/New_York","ref":"8723178"}},{"type":"Feature","id":"8726657","geometry":{"type":"Point","coordinates":[-82.4517,27.9083]},"properties":{"id":"8726657","name":"Davis Island, Hillsborough Bay","type":"subordinate","region":"FL","tz":"America/New_York","ref":"8726520"}},{"type":"Feature","id":"9416409","geometry":{"type":"Point","coordinates":[-123.449389,38.704333]},"properties":{"id":"9416409","name":"Green Cove","type":"reference","region":"CA","tz":"America/Los_Angeles","gt_m":1.594}},{"type":"Feature","id":"8414168","geometry":{"type":"Point","coordinates":[-68.5867,44.2633]},"properties":{"id":"8414168","name":"Center Harbor","type":"subordinate","region":"ME","tz":"America/New_York","ref":"8413320"}},{"type":"Feature","id":"8571752","geometry":{"type":"Point","coordinates":[-76.295,38.4667]},"properties":{"id":"8571752","name":"Taylors Island, Slaughter Creek","type":"subordinate","region":"MD","tz":"America/New_York","ref":"8574680"}},{"type":"Feature","id":"8761305","geometry":{"type":"Point","coordinates":[-89.67325,29.868111]},"properties":{"id":"8761305","name":"Shell Beach, Lake Borgne","type":"reference","region":"LA","tz":"America/Chicago","gt_m":0.447}},{"type":"Feature","id":"1611400","geometry":{"type":"Point","coordinates":[-159.3561,21.9544]},"properties":{"id":"1611400","name":"NAWILIWILI","type":"reference","region":"HI","tz":"Pacific/Honolulu","gt_m":0.558}},{"type":"Feature","id":"8632366","geometry":{"type":"Point","coordinates":[-76.02,37.2633]},"properties":{"id":"8632366","name":"Cape Charles Harbor","type":"subordinate","region":"VA","tz":"America/New_York","ref":"8638863"}},{"type":"Feature","id":"8534080","geometry":{"type":"Point","coordinates":[-74.3417,39.6017]},"properties":{"id":"8534080","name":"Tuckerton, Tuckerton Creek","type":"subordinate","region":"NJ","tz":"America/New_York","ref":"8531680"}},{"type":"Feature","id":"8728486","geometry":{"type":"Point","coordinates":[-84.699997,29.766695]},"properties":{"id":"8728486","name":"St. George Island, Northeast End","type":"reference","region":"FL","tz":"America/New_York","gt_m":0.67}},{"type":"Feature","id":"8725228","geometry":{"type":"Point","coordinates":[-81.8017,26.2817]},"properties":{"id":"8725228","name":"Cocohatchee River, U.S. 41 bridge","type":"subordinate","region":"FL","tz":"America/New_York","ref":"8725110"}},{"type":"Feature","id":"8533909","geometry":{"type":"Point","coordinates":[-74.215,39.6667]},"properties":{"id":"8533909","name":"Manahawkin Creek","type":"subordinate","region":"NJ","tz":"America/New_York","ref":"8531680"}},{"type":"Feature","id":"9445017","geometry":{"type":"Point","coordinates":[-122.68,47.925]},"properties":{"id":"9445017","name":"Port Ludlow","type":"subordinate","region":"WA","tz":"America/Los_Angeles","ref":"9447130"}},{"type":"Feature","id":"TPT2621","geometry":{"type":"Point","coordinates":[145.76666,18.1333]},"properties":{"id":"TPT2621","name":"Pagan Island","type":"subordinate","region":null,"tz":"Pacific/Saipan","ref":"1630000"}},{"type":"Feature","id":"8443187","geometry":{"type":"Point","coordinates":[-70.9433,42.4583]},"properties":{"id":"8443187","name":"Lynn, Lynn Harbor","type":"reference","region":"MA","tz":"America/New_York","gt_m":3.031}},{"type":"Feature","id":"8530696","geometry":{"type":"Point","coordinates":[-74.0967,40.7517]},"properties":{"id":"8530696","name":"Amtrak RR. swing bridge","type":"subordinate","region":"NJ","tz":"America/New_York","ref":"8518750"}},{"type":"Feature","id":"8723869","geometry":{"type":"Point","coordinates":[-80.7533,24.8417]},"properties":{"id":"8723869","name":"Channel Two, west side, Hawk Channel","type":"subordinate","region":"FL","tz":"America/New_York","ref":"8724580"}},{"type":"Feature","id":"8763843","geometry":{"type":"Point","coordinates":[-91.135498,29.341801]},"properties":{"id":"8763843","name":"Fourleague Bay","type":"reference","region":"LA","tz":"America/Chicago","gt_m":0.616}},{"type":"Feature","id":"TWC1785","geometry":{"type":"Point","coordinates":[-135.033333,57.45]},"properties":{"id":"TWC1785","name":"Lindenburg Head","type":"subordinate","region":"AK","tz":"America/Sitka","ref":"9452210"}},{"type":"Feature","id":"9451163","geometry":{"type":"Point","coordinates":[-133.793,56.41]},"properties":{"id":"9451163","name":"Sumner Island","type":"subordinate","region":"AK","tz":"America/Sitka","ref":"9451600"}},{"type":"Feature","id":"8668701","geometry":{"type":"Point","coordinates":[-81.1217,32.3033]},"properties":{"id":"8668701","name":"Purrysburg Landing, S.C.","type":"subordinate","region":"SC","tz":"America/New_York","ref":"8670870"}},{"type":"Feature","id":"9432373","geometry":{"type":"Point","coordinates":[-124.413,43.12]},"properties":{"id":"9432373","name":"Bandon, Coquille River","type":"subordinate","region":"OR","tz":"America/Los_Angeles","ref":"9432780"}},{"type":"Feature","id":"9432436","geometry":{"type":"Point","coordinates":[-124.181801,43.157902]},"properties":{"id":"9432436","name":"Rink Creek Entrance, Coquille River","type":"reference","region":"OR","tz":"America/Los_Angeles","gt_m":1.59}},{"type":"Feature","id":"8639219","geometry":{"type":"Point","coordinates":[-75.9817,36.825]},"properties":{"id":"8639219","name":"Lake Rudee, south end","type":"subordinate","region":"VA","tz":"America/New_York","ref":"8651370"}},{"type":"Feature","id":"8530884","geometry":{"type":"Point","coordinates":[-74.1333,40.69]},"properties":{"id":"8530884","name":"Port Newark Terminal","type":"subordinate","region":"NJ","tz":"America/New_York","ref":"8518750"}},{"type":"Feature","id":"8534048","geometry":{"type":"Point","coordinates":[-74.21,39.6133]},"properties":{"id":"8534048","name":"Beach Haven Crest","type":"subordinate","region":"NJ","tz":"America/New_York","ref":"8531680"}},{"type":"Feature","id":"9435308","geometry":{"type":"Point","coordinates":[-124.008,44.5933]},"properties":{"id":"9435308","name":"Weiser Point, Yaquina River","type":"reference","region":"OR","tz":"America/Los_Angeles","gt_m":2.582}},{"type":"Feature","id":"8675365","geometry":{"type":"Point","coordinates":[-81.3067,31.4317]},"properties":{"id":"8675365","name":"Old Tea Kettle Creek (Daymark 173)","type":"subordinate","region":"GA","tz":"America/New_York","ref":"8670870"}},{"type":"Feature","id":"9457401","geometry":{"type":"Point","coordinates":[-152.9,57.82]},"properties":{"id":"9457401","name":"Kizhuyak Bay","type":"subordinate","region":"AK","tz":"America/Anchorage","ref":"9457292"}},{"type":"Feature","id":"8743735","geometry":{"type":"Point","coordinates":[-88.8567,30.39]},"properties":{"id":"8743735","name":"Biloxi (Cadet Point), Biloxi Bay","type":"subordinate","region":"MS","tz":"America/Chicago","ref":"8760551"}},{"type":"Feature","id":"9449184","geometry":{"type":"Point","coordinates":[-122.67,48.73]},"properties":{"id":"9449184","name":"Gooseberry Point","type":"subordinate","region":"WA","tz":"America/Los_Angeles","ref":"9444900"}},{"type":"Feature","id":"9452611","geometry":{"type":"Point","coordinates":[-136.226778,57.957778]},"properties":{"id":"9452611","name":"Pelican Harbor, Lisianski Inlet, AK","type":"reference","region":"AK","tz":"America/Juneau","gt_m":3.234}},{"type":"Feature","id":"9410777","geometry":{"type":"Point","coordinates":[-118.433,33.9083]},"properties":{"id":"9410777","name":"El Segundo, Santa Monica Bay","type":"subordinate","region":"CA","tz":"America/Los_Angeles","ref":"9410660"}},{"type":"Feature","id":"8728957","geometry":{"type":"Point","coordinates":[-85.370003,29.9967]},"properties":{"id":"8728957","name":"Overstreet","type":"reference","region":"FL","tz":"America/New_York","gt_m":0.481}},{"type":"Feature","id":"9415344","geometry":{"type":"Point","coordinates":[-122.55,38.1617]},"properties":{"id":"9415344","name":"Hog Island, San Antonio Creek","type":"subordinate","region":"CA","tz":"America/Los_Angeles","ref":"9414290"}},{"type":"Feature","id":"9441038","geometry":{"type":"Point","coordinates":[-124.06,46.8617]},"properties":{"id":"9441038","name":"Bay City, South Bay","type":"subordinate","region":"WA","tz":"America/Los_Angeles","ref":"9440910"}},{"type":"Feature","id":"8767403","geometry":{"type":"Point","coordinates":[-93.008301,29.775]},"properties":{"id":"8767403","name":"Mermentau River, Grand Chenier","type":"reference","region":"LA","tz":"America/Chicago","gt_m":0.559}},{"type":"Feature","id":"9451725","geometry":{"type":"Point","coordinates":[-135.537,57.2283]},"properties":{"id":"9451725","name":"Olga Point, Olga Strait","type":"subordinate","region":"AK","tz":"America/Sitka","ref":"9451600"}},{"type":"Feature","id":"9446807","geometry":{"type":"Point","coordinates":[-122.895,47.0983]},"properties":{"id":"9446807","name":"Budd Inlet, Olympia Shoal","type":"reference","region":"WA","tz":"America/Los_Angeles","gt_m":4.419}},{"type":"Feature","id":"9414609","geometry":{"type":"Point","coordinates":[-122.162,37.5517]},"properties":{"id":"9414609","name":"South Bay Wreck","type":"subordinate","region":"CA","tz":"America/Los_Angeles","ref":"9414290"}},{"type":"Feature","id":"8510884","geometry":{"type":"Point","coordinates":[-72.1017,41.2067]},"properties":{"id":"8510884","name":"Little Gull Island","type":"subordinate","region":"CT","tz":"America/New_York","ref":"8461490"}},{"type":"Feature","id":"8531991","geometry":{"type":"Point","coordinates":[-73.9767,40.3033]},"properties":{"id":"8531991","name":"Long Branch (fishing pier)","type":"subordinate","region":"NJ","tz":"America/New_York","ref":"8531680"}},{"type":"Feature","id":"8775870","geometry":{"type":"Point","coordinates":[-97.216698,27.58]},"properties":{"id":"8775870","name":"Corpus Christi, Bob Hall Pier","type":"reference","region":"TX","tz":"America/Chicago","gt_m":0.499}},{"type":"Feature","id":"8722946","geometry":{"type":"Point","coordinates":[-80.1083,26.1]},"properties":{"id":"8722946","name":"Mayan Lake","type":"subordinate","region":"FL","tz":"America/New_York","ref":"8723178"}},{"type":"Feature","id":"TPT2689","geometry":{"type":"Point","coordinates":[165.333333,11.5]},"properties":{"id":"TPT2689","name":"Eniirikku Island, Bikini Atoll","type":"subordinate","region":null,"tz":"Pacific/Majuro","ref":"1820000"}},{"type":"Feature","id":"8450768","geometry":{"type":"Point","coordinates":[-71.1933,41.465]},"properties":{"id":"8450768","name":"Sakonnet","type":"reference","region":"RI","tz":"America/New_York","gt_m":1.082}},{"type":"Feature","id":"8668301","geometry":{"type":"Point","coordinates":[-80.8367,32.3733]},"properties":{"id":"8668301","name":"Chechessee Bluff, Chechessee River","type":"subordinate","region":"SC","tz":"America/New_York","ref":"8670870"}},{"type":"Feature","id":"8724373","geometry":{"type":"Point","coordinates":[-81.5617,24.7167]},"properties":{"id":"8724373","name":"Pumpkin Key, Bow Channel","type":"subordinate","region":"FL","tz":"America/New_York","ref":"8724580"}},{"type":"Feature","id":"8668944","geometry":{"type":"Point","coordinates":[-80.7667,32.26]},"properties":{"id":"8668944","name":"Pinckney Island, Mackay Creek, Chechessee River","type":"subordinate","region":"SC","tz":"America/New_York","ref":"8670870"}},{"type":"Feature","id":"8537614","geometry":{"type":"Point","coordinates":[-75.5317,39.46]},"properties":{"id":"8537614","name":"Artificial Island, Salem Nuclear Plant, N.J.","type":"subordinate","region":"NJ","tz":"America/New_York","ref":"8551910"}},{"type":"Feature","id":"8656590","geometry":{"type":"Point","coordinates":[-76.7117,34.6933]},"properties":{"id":"8656590","name":"Atlantic Beach","type":"reference","region":"NC","tz":"America/New_York","gt_m":1.263}},{"type":"Feature","id":"9445913","geometry":{"type":"Point","coordinates":[-122.51,47.5967]},"properties":{"id":"9445913","name":"Port Blakely","type":"subordinate","region":"WA","tz":"America/Los_Angeles","ref":"9447130"}},{"type":"Feature","id":"8720225","geometry":{"type":"Point","coordinates":[-81.6367,30.3833]},"properties":{"id":"8720225","name":"Phoenix Park","type":"reference","region":"FL","tz":"America/New_York","gt_m":0.828}},{"type":"Feature","id":"8571559","geometry":{"type":"Point","coordinates":[-76.004997,38.299999]},"properties":{"id":"8571559","name":"McCready's Creek, Fishing Bay","type":"reference","region":"MD","tz":"America/New_York","gt_m":0.729}},{"type":"Feature","id":"8728626","geometry":{"type":"Point","coordinates":[-84.8967,29.6533]},"properties":{"id":"8728626","name":"St. George Island, 12th St. W (Bayside)","type":"subordinate","region":"FL","tz":"America/New_York","ref":"8728690"}},{"type":"Feature","id":"TWC1669","geometry":{"type":"Point","coordinates":[-134.283333,57.166667]},"properties":{"id":"TWC1669","name":"Eliza Harbor, Liesnoi Island","type":"subordinate","region":"AK","tz":"America/Juneau","ref":"9452210"}},{"type":"Feature","id":"8577123","geometry":{"type":"Point","coordinates":[-76.545,38.415]},"properties":{"id":"8577123","name":"Broomes Island","type":"subordinate","region":"MD","tz":"America/New_York","ref":"8574680"}},{"type":"Feature","id":"8674975","geometry":{"type":"Point","coordinates":[-81.32,31.4867]},"properties":{"id":"8674975","name":"Daymark #156, Head of Mud River","type":"reference","region":"GA","tz":"America/New_York","gt_m":2.472}},{"type":"Feature","id":"8416501","geometry":{"type":"Point","coordinates":[-69.4917,43.875]},"properties":{"id":"8416501","name":"New Harbor, Muscongus Bay","type":"subordinate","region":"ME","tz":"America/New_York","ref":"8418150"}},{"type":"Feature","id":"TEC4165","geometry":{"type":"Point","coordinates":[-81.083333,25.116667]},"properties":{"id":"TEC4165","name":"Cape Sable, East Cape","type":"subordinate","region":"FL","tz":"America/New_York","ref":"8725110"}},{"type":"Feature","id":"8651605","geometry":{"type":"Point","coordinates":[-75.71,36.1017]},"properties":{"id":"8651605","name":"Kitty Hawk (ocean)","type":"subordinate","region":"NC","tz":"America/New_York","ref":"8651370"}},{"type":"Feature","id":"8413320","geometry":{"type":"Point","coordinates":[-68.204278,44.392194]},"properties":{"id":"8413320","name":"BAR HARBOR","type":"reference","region":"ME","tz":"America/New_York","gt_m":3.465}},{"type":"Feature","id":"8724697","geometry":{"type":"Point","coordinates":[-82.8717,24.6267]},"properties":{"id":"8724697","name":"Garden Key, Dry Tortugas","type":"subordinate","region":"FL","tz":"America/New_York","ref":"8724580"}},{"type":"Feature","id":"8537147","geometry":{"type":"Point","coordinates":[-74.985,39.3133]},"properties":{"id":"8537147","name":"Port Elizabeth, Manumuskin River","type":"subordinate","region":"NJ","tz":"America/New_York","ref":"8557380"}},{"type":"Feature","id":"8765251","geometry":{"type":"Point","coordinates":[-91.88,29.713361]},"properties":{"id":"8765251","name":"Cypremort Point","type":"reference","region":"LA","tz":"America/Chicago","gt_m":0.518}},{"type":"Feature","id":"8723667","geometry":{"type":"Point","coordinates":[-80.416667,25.113333]},"properties":{"id":"8723667","name":"Key Largo, South Sound, Key Largo","type":"subordinate","region":"FL","tz":"America/New_York","ref":"8723178"}},{"type":"Feature","id":"8669338","geometry":{"type":"Point","coordinates":[-80.7533,32.185]},"properties":{"id":"8669338","name":"Broad Creek, Hilton Head Island","type":"subordinate","region":"SC","tz":"America/New_York","ref":"8670870"}},{"type":"Feature","id":"8724209","geometry":{"type":"Point","coordinates":[-81.3683,24.7733]},"properties":{"id":"8724209","name":"Little Spanish Key, Spanish Banks","type":"subordinate","region":"FL","tz":"America/New_York","ref":"8724580"}},{"type":"Feature","id":"8531545","geometry":{"type":"Point","coordinates":[-74.1983,40.44]},"properties":{"id":"8531545","name":"Keyport","type":"subordinate","region":"NJ","tz":"America/New_York","ref":"8531680"}},{"type":"Feature","id":"8536849","geometry":{"type":"Point","coordinates":[-75.1033,39.2167]},"properties":{"id":"8536849","name":"Dividing Creek entrance","type":"subordinate","region":"NJ","tz":"America/New_York","ref":"8557380"}},{"type":"Feature","id":"8723651","geometry":{"type":"Point","coordinates":[-80.395,25.14]},"properties":{"id":"8723651","name":"Largo Sound, Key Largo","type":"subordinate","region":"FL","tz":"America/New_York","ref":"8723178"}},{"type":"Feature","id":"TEC2789","geometry":{"type":"Point","coordinates":[-75.516667,35.233333]},"properties":{"id":"TEC2789","name":"Cape Hatteras","type":"subordinate","region":"NC","tz":"America/New_York","ref":"8654400"}},{"type":"Feature","id":"9450364","geometry":{"type":"Point","coordinates":[-132.822998,55.201698]},"properties":{"id":"9450364","name":"HYDABURG, SUKKWAN STRAIT","type":"reference","region":"AK","tz":"America/Sitka","gt_m":3.974}},{"type":"Feature","id":"8667864","geometry":{"type":"Point","coordinates":[-80.6917,32.465]},"properties":{"id":"8667864","name":"Marine Corps Air Station, Brickyard Creek","type":"subordinate","region":"SC","tz":"America/New_York","ref":"8670870"}},{"type":"Feature","id":"8720059","geometry":{"type":"Point","coordinates":[-81.5767,30.63]},"properties":{"id":"8720059","name":"Vaughns Landing","type":"reference","region":"FL","tz":"America/New_York","gt_m":0.915}},{"type":"Feature","id":"9458819","geometry":{"type":"Point","coordinates":[-157.983,56.6133]},"properties":{"id":"9458819","name":"Kujulik Bay (North Shore)","type":"subordinate","region":"AK","tz":"America/Anchorage","ref":"9457292"}},{"type":"Feature","id":"8727001","geometry":{"type":"Point","coordinates":[-82.7233,28.2483]},"properties":{"id":"8727001","name":"New Port Richey, Pithlachascotee River","type":"subordinate","region":"FL","tz":"America/New_York","ref":"8727520"}},{"type":"Feature","id":"8638406","geometry":{"type":"Point","coordinates":[-76.5083,36.8833]},"properties":{"id":"8638406","name":"Town Point","type":"subordinate","region":"VA","tz":"America/New_York","ref":"8638610"}},{"type":"Feature","id":"8551702","geometry":{"type":"Point","coordinates":[-75.5733,39.5833]},"properties":{"id":"8551702","name":"Pea Patch Island, Bulkhead Shoal Channel, Del.","type":"subordinate","region":"DE","tz":"America/New_York","ref":"8551910"}},{"type":"Feature","id":"TWC2021","geometry":{"type":"Point","coordinates":[-151.866667,58.233333]},"properties":{"id":"TWC2021","name":"Marmot Island, Marmot Strait","type":"subordinate","region":"AK","tz":"America/Anchorage","ref":"9457292"}},{"type":"Feature","id":"8731952","geometry":{"type":"Point","coordinates":[-87.735,30.3033]},"properties":{"id":"8731952","name":"Bon Secour, Bon Secour River","type":"subordinate","region":"AL","tz":"America/Chicago","ref":"8737048"}},{"type":"Feature","id":"8724246","geometry":{"type":"Point","coordinates":[-81.4117,24.7883]},"properties":{"id":"8724246","name":"Big Spanish Key","type":"subordinate","region":"FL","tz":"America/New_York","ref":"8724580"}},{"type":"Feature","id":"8419399","geometry":{"type":"Point","coordinates":[-70.5933,43.1667]},"properties":{"id":"8419399","name":"Cape Neddick","type":"subordinate","region":"ME","tz":"America/New_York","ref":"8418150"}},{"type":"Feature","id":"8638654","geometry":{"type":"Point","coordinates":[-76.2983,36.8517]},"properties":{"id":"8638654","name":"Norfolk","type":"subordinate","region":"VA","tz":"America/New_York","ref":"8638610"}},{"type":"Feature","id":"8418009","geometry":{"type":"Point","coordinates":[-70.19,43.69]},"properties":{"id":"8418009","name":"Cow Island","type":"subordinate","region":"ME","tz":"America/New_York","ref":"8418150"}},{"type":"Feature","id":"8664545","geometry":{"type":"Point","coordinates":[-79.83,32.9267]},"properties":{"id":"8664545","name":"Cainhoy","type":"reference","region":"SC","tz":"America/New_York","gt_m":1.998}},{"type":"Feature","id":"8659414","geometry":{"type":"Point","coordinates":[-78.218903,33.933102]},"properties":{"id":"8659414","name":"Varnamtown, Lockwoods Folly River","type":"reference","region":"NC","tz":"America/New_York","gt_m":1.301}},{"type":"Feature","id":"8722492","geometry":{"type":"Point","coordinates":[-80.09,26.9467]},"properties":{"id":"8722492","name":"A1A highway bridge","type":"subordinate","region":"FL","tz":"America/New_York","ref":"8723178"}},{"type":"Feature","id":"9450938","geometry":{"type":"Point","coordinates":[-132.968,56.0583]},"properties":{"id":"9450938","name":"Thorne Island, Whale Passage","type":"subordinate","region":"AK","tz":"America/Sitka","ref":"9450460"}},{"type":"Feature","id":"9445326","geometry":{"type":"Point","coordinates":[-122.982,47.6033]},"properties":{"id":"9445326","name":"Triton Head","type":"subordinate","region":"WA","tz":"America/Los_Angeles","ref":"9447130"}},{"type":"Feature","id":"TEC1603","geometry":{"type":"Point","coordinates":[-73.7,42.716667]},"properties":{"id":"TEC1603","name":"Troy","type":"subordinate","region":"NY","tz":"America/New_York","ref":"8518995"}},{"type":"Feature","id":"9458519","geometry":{"type":"Point","coordinates":[-156.698,56.0517]},"properties":{"id":"9458519","name":"Chowiet Island, Semidi Island","type":"reference","region":"AK","tz":"America/Anchorage","gt_m":2.729}},{"type":"Feature","id":"9494935","geometry":{"type":"Point","coordinates":[-156.729861,71.360111]},"properties":{"id":"9494935","name":"Barrow Offshore","type":"reference","region":"AK","tz":"America/Anchorage","gt_m":0.202}},{"type":"Feature","id":"8663618","geometry":{"type":"Point","coordinates":[-79.46,33.0783]},"properties":{"id":"8663618","name":"McClellanville, Jeremy Creek","type":"subordinate","region":"SC","tz":"America/New_York","ref":"8665530"}},{"type":"Feature","id":"9446489","geometry":{"type":"Point","coordinates":[-122.923,47.2817]},"properties":{"id":"9446489","name":"Walkers Landing, Pickering Passage","type":"subordinate","region":"WA","tz":"America/Los_Angeles","ref":"9447130"}},{"type":"Feature","id":"9499176","geometry":{"type":"Point","coordinates":[-143.611028,70.128556]},"properties":{"id":"9499176","name":"Barter Island","type":"reference","region":"AK","tz":"America/Anchorage","gt_m":0.183}},{"type":"Feature","id":"8724178","geometry":{"type":"Point","coordinates":[-81.33,24.6483]},"properties":{"id":"8724178","name":"Big Pine Key, Spanish Harbor","type":"subordinate","region":"FL","tz":"America/New_York","ref":"8724580"}},{"type":"Feature","id":"8554399","geometry":{"type":"Point","coordinates":[-75.4,39.185]},"properties":{"id":"8554399","name":"Mahon River entrance","type":"reference","region":"DE","tz":"America/New_York","gt_m":1.81}},{"type":"Feature","id":"8729678","geometry":{"type":"Point","coordinates":[-86.865,30.3767]},"properties":{"id":"8729678","name":"Navarre Beach","type":"reference","region":"FL","tz":"America/Chicago","gt_m":0.421}},{"type":"Feature","id":"8531833","geometry":{"type":"Point","coordinates":[-74.065,40.355]},"properties":{"id":"8531833","name":"Red Bank, Navesink River","type":"reference","region":"NJ","tz":"America/New_York","gt_m":1.196}},{"type":"Feature","id":"8771722","geometry":{"type":"Point","coordinates":[-94.988297,29.198601]},"properties":{"id":"8771722","name":"Jamaica Beach, West Bay","type":"reference","region":"TX","tz":"America/Chicago","gt_m":0.292}},{"type":"Feature","id":"TEC3417","geometry":{"type":"Point","coordinates":[-81.15,31.933333]},"properties":{"id":"TEC3417","name":"Coffee Bluff, Forest River","type":"subordinate","region":"GA","tz":"America/New_York","ref":"8670870"}},{"type":"Feature","id":"8534778","geometry":{"type":"Point","coordinates":[-74.596703,39.334999]},"properties":{"id":"8534778","name":"Steelmanville, Patcong Ck., 2.5 nm above ent.","type":"reference","region":"NJ","tz":"America/New_York","gt_m":1.284}},{"type":"Feature","id":"8411696","geometry":{"type":"Point","coordinates":[-67.4967,44.615]},"properties":{"id":"8411696","name":"Shoppee Point, Englishman Bay","type":"subordinate","region":"ME","tz":"America/New_York","ref":"8410140"}},{"type":"Feature","id":"8764256","geometry":{"type":"Point","coordinates":[-91.3533,29.3333]},"properties":{"id":"8764256","name":"Point Au Fer","type":"subordinate","region":"LA","tz":"America/Chicago","ref":"8771450"}},{"type":"Feature","id":"8517381","geometry":{"type":"Point","coordinates":[-73.885,40.63]},"properties":{"id":"8517381","name":"Canarsie","type":"subordinate","region":"NY","tz":"America/New_York","ref":"8531680"}},{"type":"Feature","id":"8728130","geometry":{"type":"Point","coordinates":[-84.1783,30.0783]},"properties":{"id":"8728130","name":"ST. MARKS RIVER ENTRANCE","type":"reference","region":"FL","tz":"America/New_York","gt_m":1.063}},{"type":"Feature","id":"9450625","geometry":{"type":"Point","coordinates":[-132.512,55.6017]},"properties":{"id":"9450625","name":"Lindeman Cove","type":"reference","region":"AK","tz":"America/Sitka","gt_m":4.802}},{"type":"Feature","id":"8767911","geometry":{"type":"Point","coordinates":[-93.2705,29.9939]},"properties":{"id":"8767911","name":"East Calcasieu Lake","type":"reference","region":"LA","tz":"America/Chicago","gt_m":0.367}},{"type":"Feature","id":"8667927","geometry":{"type":"Point","coordinates":[-80.5033,32.445]},"properties":{"id":"8667927","name":"Village Creek Entrance","type":"subordinate","region":"SC","tz":"America/New_York","ref":"8670870"}},{"type":"Feature","id":"8726689","geometry":{"type":"Point","coordinates":[-82.72,27.9417]},"properties":{"id":"8726689","name":"Bay Aristocrat Village, Old Tampa Bay","type":"subordinate","region":"FL","tz":"America/New_York","ref":"8726520"}},{"type":"Feature","id":"9469854","geometry":{"type":"Point","coordinates":[-166.02,66.2633]},"properties":{"id":"9469854","name":"Shishmaref Inlet","type":"reference","region":"AK","tz":"America/Nome","gt_m":0.315}},{"type":"Feature","id":"8729102","geometry":{"type":"Point","coordinates":[-85.6483,30.255]},"properties":{"id":"8729102","name":"Lynn Haven, North Bay","type":"subordinate","region":"FL","tz":"America/Chicago","ref":"8729840"}},{"type":"Feature","id":"TWC2047","geometry":{"type":"Point","coordinates":[-153.516667,57.116667]},"properties":{"id":"TWC2047","name":"Three Saints Bay","type":"subordinate","region":"AK","tz":"America/Anchorage","ref":"9457292"}},{"type":"Feature","id":"8638339","geometry":{"type":"Point","coordinates":[-76.399111,36.823222]},"properties":{"id":"8638339","name":"Western Branch","type":"reference","region":"VA","tz":"America/New_York","gt_m":0.951}},{"type":"Feature","id":"8723808","geometry":{"type":"Point","coordinates":[-80.6317,24.925]},"properties":{"id":"8723808","name":"Islamorada, Upper Matecumbe Key, Florida Bay","type":"subordinate","region":"FL","tz":"America/New_York","ref":"8724580"}},{"type":"Feature","id":"9414358","geometry":{"type":"Point","coordinates":[-122.357,37.73]},"properties":{"id":"9414358","name":"Hunters Point","type":"reference","region":"CA","tz":"America/Los_Angeles","gt_m":2.072}},{"type":"Feature","id":"9418686","geometry":{"type":"Point","coordinates":[-124.222,40.6867]},"properties":{"id":"9418686","name":"Hookton Slough","type":"subordinate","region":"CA","tz":"America/Los_Angeles","ref":"9418767"}},{"type":"Feature","id":"8672667","geometry":{"type":"Point","coordinates":[-81.1817,31.7933]},"properties":{"id":"8672667","name":"Bear River, (Range 'A' Light)","type":"reference","region":"GA","tz":"America/New_York","gt_m":2.421}},{"type":"Feature","id":"8771416","geometry":{"type":"Point","coordinates":[-94.693298,29.3267]},"properties":{"id":"8771416","name":"Galveston Bay Entrance, South Jetty","type":"reference","region":"TX","tz":"America/Chicago","gt_m":0.653}},{"type":"Feature","id":"8667624","geometry":{"type":"Point","coordinates":[-80.685,32.4933]},"properties":{"id":"8667624","name":"Brickyard Point, Brickyard Creek","type":"subordinate","region":"SC","tz":"America/New_York","ref":"8670870"}},{"type":"Feature","id":"TWC0865","geometry":{"type":"Point","coordinates":[-123.9,45.516667]},"properties":{"id":"TWC0865","name":"Bay City","type":"subordinate","region":"OR","tz":"America/Los_Angeles","ref":"9419750"}},{"type":"Feature","id":"9415165","geometry":{"type":"Point","coordinates":[-122.273,38.1117]},"properties":{"id":"9415165","name":"Vallejo, Mare Island Strait","type":"subordinate","region":"CA","tz":"America/Los_Angeles","ref":"9414290"}},{"type":"Feature","id":"8665426","geometry":{"type":"Point","coordinates":[-79.8817,32.7933]},"properties":{"id":"8665426","name":"Shem Creek","type":"subordinate","region":"SC","tz":"America/New_York","ref":"8665530"}},{"type":"Feature","id":"8770931","geometry":{"type":"Point","coordinates":[-94.7817,29.535]},"properties":{"id":"8770931","name":"Smith Point","type":"reference","region":"TX","tz":"America/Chicago","gt_m":0.387}},{"type":"Feature","id":"8417067","geometry":{"type":"Point","coordinates":[-69.7333,43.8533]},"properties":{"id":"8417067","name":"Robinhood, Sasanoa River","type":"subordinate","region":"ME","tz":"America/New_York","ref":"8418150"}},{"type":"Feature","id":"8725439","geometry":{"type":"Point","coordinates":[-82.08,26.5483]},"properties":{"id":"8725439","name":"Tropical Homesites Landing, Pine Island","type":"subordinate","region":"FL","tz":"America/New_York","ref":"8726520"}},{"type":"Feature","id":"9455742","geometry":{"type":"Point","coordinates":[-151.218,60.545]},"properties":{"id":"9455742","name":"Kenai City Pier","type":"subordinate","region":"AK","tz":"America/Anchorage","ref":"9455500"}},{"type":"Feature","id":"9414819","geometry":{"type":"Point","coordinates":[-122.493,37.865]},"properties":{"id":"9414819","name":"Sausalito, Corps of Engineers Dock","type":"subordinate","region":"CA","tz":"America/Los_Angeles","ref":"9414290"}},{"type":"Feature","id":"8720194","geometry":{"type":"Point","coordinates":[-81.405,30.43]},"properties":{"id":"8720194","name":"Little Talbot Island, ocean","type":"subordinate","region":"FL","tz":"America/New_York","ref":"8720030"}},{"type":"Feature","id":"9414539","geometry":{"type":"Point","coordinates":[-122.067,37.4667]},"properties":{"id":"9414539","name":"Calaveras Point, west of","type":"subordinate","region":"CA","tz":"America/Los_Angeles","ref":"9414290"}},{"type":"Feature","id":"8571979","geometry":{"type":"Point","coordinates":[-76.3283,38.765]},"properties":{"id":"8571979","name":"Tilghman Island, Ferry Cove, Eastern Bay","type":"subordinate","region":"MD","tz":"America/New_York","ref":"8574680"}},{"type":"Feature","id":"8553501","geometry":{"type":"Point","coordinates":[-75.4667,39.3333]},"properties":{"id":"8553501","name":"Woodland Beach, Del.","type":"subordinate","region":"DE","tz":"America/New_York","ref":"8551910"}},{"type":"Feature","id":"8723949","geometry":{"type":"Point","coordinates":[-81.0167,24.7333]},"properties":{"id":"8723949","name":"Fat Deer Key, Florida Bay","type":"subordinate","region":"FL","tz":"America/New_York","ref":"8724580"}},{"type":"Feature","id":"9465374","geometry":{"type":"Point","coordinates":[-158.447,59.04]},"properties":{"id":"9465374","name":"Snag Point","type":"reference","region":"AK","tz":"America/Anchorage","gt_m":6.29}},{"type":"Feature","id":"8667982","geometry":{"type":"Point","coordinates":[-80.5533,32.44]},"properties":{"id":"8667982","name":"Jenkins Creek, 1 mi. above entrance","type":"subordinate","region":"SC","tz":"America/New_York","ref":"8670870"}},{"type":"Feature","id":"9454616","geometry":{"type":"Point","coordinates":[-147.592,60.025]},"properties":{"id":"9454616","name":"5 miles NE of Point Brazil, Montague Island","type":"reference","region":"AK","tz":"America/Anchorage","gt_m":3.508}},{"type":"Feature","id":"8637072","geometry":{"type":"Point","coordinates":[-76.4383,37.4117]},"properties":{"id":"8637072","name":"Belleville","type":"subordinate","region":"VA","tz":"America/New_York","ref":"8638610"}},{"type":"Feature","id":"8725745","geometry":{"type":"Point","coordinates":[-82.1367,26.93]},"properties":{"id":"8725745","name":"Locust Point, Hog Island","type":"reference","region":"FL","tz":"America/New_York","gt_m":0.595}},{"type":"Feature","id":"9450226","geometry":{"type":"Point","coordinates":[-132.592,55]},"properties":{"id":"9450226","name":"Mabel Island","type":"subordinate","region":"AK","tz":"America/Sitka","ref":"9451600"}},{"type":"Feature","id":"8656613","geometry":{"type":"Point","coordinates":[-77.118103,34.6866]},"properties":{"id":"8656613","name":"Swansboro, East Corbett Ave. Bridge","type":"reference","region":"NC","tz":"America/New_York","gt_m":0.554}},{"type":"Feature","id":"9440572","geometry":{"type":"Point","coordinates":[-124.037,46.2683]},"properties":{"id":"9440572","name":"Fort Canby, Jetty 'A', Wash.","type":"subordinate","region":"WA","tz":"America/Los_Angeles","ref":"9439040"}},{"type":"Feature","id":"TEC2847","geometry":{"type":"Point","coordinates":[-77.966667,33.85]},"properties":{"id":"TEC2847","name":"Cape Fear","type":"subordinate","region":"NC","tz":"America/New_York","ref":"8654400"}},{"type":"Feature","id":"9451895","geometry":{"type":"Point","coordinates":[-134.565,57.47]},"properties":{"id":"9451895","name":"Killisnoo","type":"subordinate","region":"AK","tz":"America/Juneau","ref":"9452210"}},{"type":"Feature","id":"8538853","geometry":{"type":"Point","coordinates":[-75.0283,39.9933]},"properties":{"id":"8538853","name":"Palmyra, Pennsauken Creek, Route 73 bridge, N.J.","type":"subordinate","region":"NJ","tz":"America/New_York","ref":"8545240"}},{"type":"Feature","id":"8571881","geometry":{"type":"Point","coordinates":[-76.2083,38.5617]},"properties":{"id":"8571881","name":"Cherry Island, Beckwiths Creek","type":"subordinate","region":"MD","tz":"America/New_York","ref":"8574680"}},{"type":"Feature","id":"8665475","geometry":{"type":"Point","coordinates":[-80.105,32.7867]},"properties":{"id":"8665475","name":"Limehouse Bridge","type":"subordinate","region":"SC","tz":"America/New_York","ref":"8665530"}},{"type":"Feature","id":"8729717","geometry":{"type":"Point","coordinates":[-86.951401,30.4431]},"properties":{"id":"8729717","name":"Navarre, North Side, East Bay","type":"reference","region":"FL","tz":"America/Chicago","gt_m":0.451}},{"type":"Feature","id":"TWC1593","geometry":{"type":"Point","coordinates":[-134.116667,56.066667]},"properties":{"id":"TWC1593","name":"Port McArthur, Kuiu Island","type":"subordinate","region":"AK","tz":"America/Sitka","ref":"9451600"}},{"type":"Feature","id":"9414575","geometry":{"type":"Point","coordinates":[-122.023,37.465]},"properties":{"id":"9414575","name":"Coyote Creek, Alviso Slough","type":"reference","region":"CA","tz":"America/Los_Angeles","gt_m":2.699}},{"type":"Feature","id":"TEC3401","geometry":{"type":"Point","coordinates":[-80.933333,31.95]},"properties":{"id":"TEC3401","name":"Beach Hammock","type":"subordinate","region":"GA","tz":"America/New_York","ref":"8670870"}},{"type":"Feature","id":"8664801","geometry":{"type":"Point","coordinates":[-79.6583,32.8817]},"properties":{"id":"8664801","name":"Price Creek, North Capers Island","type":"subordinate","region":"SC","tz":"America/New_York","ref":"8665530"}},{"type":"Feature","id":"8723814","geometry":{"type":"Point","coordinates":[-80.6317,24.915]},"properties":{"id":"8723814","name":"Upper Matecumbe Key, Hawk Channel","type":"subordinate","region":"FL","tz":"America/New_York","ref":"8723178"}},{"type":"Feature","id":"9461337","geometry":{"type":"Point","coordinates":[-176.825,51.6417]},"properties":{"id":"9461337","name":"Bay of Waterfalls","type":"subordinate","region":"AK","tz":"America/Adak","ref":"9461380"}},{"type":"Feature","id":"9464512","geometry":{"type":"Point","coordinates":[-157.600693,57.614799]},"properties":{"id":"9464512","name":"Dago Creek Mouth, Ugashik Bay","type":"reference","region":"AK","tz":"America/Anchorage","gt_m":4.131}},{"type":"Feature","id":"8656306","geometry":{"type":"Point","coordinates":[-76.6717,34.7683]},"properties":{"id":"8656306","name":"Newport River (Yacht Club)","type":"subordinate","region":"NC","tz":"America/New_York","ref":"8654400"}},{"type":"Feature","id":"8736897","geometry":{"type":"Point","coordinates":[-88.058111,30.6495]},"properties":{"id":"8736897","name":"Coast Guard Sector Mobile","type":"reference","region":"AL","tz":"America/Chicago","gt_m":0.518}},{"type":"Feature","id":"9444900","geometry":{"type":"Point","coordinates":[-122.759678,48.111222]},"properties":{"id":"9444900","name":"PORT TOWNSEND","type":"reference","region":"WA","tz":"America/Los_Angeles","gt_m":2.597}},{"type":"Feature","id":"9468333","geometry":{"type":"Point","coordinates":[-160.787994,63.875]},"properties":{"id":"9468333","name":"Unalakleet","type":"reference","region":"AK","tz":"America/Anchorage","gt_m":1.051}},{"type":"Feature","id":"8724267","geometry":{"type":"Point","coordinates":[-81.4367,24.66]},"properties":{"id":"8724267","name":"Summerland Key, Niles Channel Bridge","type":"subordinate","region":"FL","tz":"America/New_York","ref":"8724580"}},{"type":"Feature","id":"8537353","geometry":{"type":"Point","coordinates":[-75.235,39.3783]},"properties":{"id":"8537353","name":"Tindalls Wharf, Cohansey River","type":"subordinate","region":"NJ","tz":"America/New_York","ref":"8551910"}},{"type":"Feature","id":"8727151","geometry":{"type":"Point","coordinates":[-82.65,28.5333]},"properties":{"id":"8727151","name":"Bayport","type":"reference","region":"FL","tz":"America/New_York","gt_m":0.963}},{"type":"Feature","id":"8729026","geometry":{"type":"Point","coordinates":[-85.488602,30.061199]},"properties":{"id":"8729026","name":"Goose Point, East Bay","type":"reference","region":"FL","tz":"America/Chicago","gt_m":0.463}},{"type":"Feature","id":"9455556","geometry":{"type":"Point","coordinates":[-151.22,59.5967]},"properties":{"id":"9455556","name":"Halibut Cove, Kachemak Bay","type":"subordinate","region":"AK","tz":"America/Anchorage","ref":"9455500"}},{"type":"Feature","id":"8633596","geometry":{"type":"Point","coordinates":[-75.7,37.85]},"properties":{"id":"8633596","name":"Guard Shore","type":"subordinate","region":"VA","tz":"America/New_York","ref":"8638863"}},{"type":"Feature","id":"8664699","geometry":{"type":"Point","coordinates":[-80.1175,32.900299]},"properties":{"id":"8664699","name":"North Charleston, Ashley river","type":"reference","region":"SC","tz":"America/New_York","gt_m":1.955}},{"type":"Feature","id":"8665641","geometry":{"type":"Point","coordinates":[-80.0017,32.7633]},"properties":{"id":"8665641","name":"Elliott Cut entrance","type":"subordinate","region":"SC","tz":"America/New_York","ref":"8665530"}},{"type":"Feature","id":"8666918","geometry":{"type":"Point","coordinates":[-80.1667,32.625]},"properties":{"id":"8666918","name":"Ho-Non-Wah Boy Scout Camp, Bohicket Creek","type":"subordinate","region":"SC","tz":"America/New_York","ref":"8665530"}},{"type":"Feature","id":"9455711","geometry":{"type":"Point","coordinates":[-151.38,60.3367]},"properties":{"id":"9455711","name":"Cape Kasilof","type":"reference","region":"AK","tz":"America/Anchorage","gt_m":6.123}},{"type":"Feature","id":"8661582","geometry":{"type":"Point","coordinates":[-79.0283,33.5417]},"properties":{"id":"8661582","name":"Divine's Dock","type":"subordinate","region":"SC","tz":"America/New_York","ref":"8661070"}},{"type":"Feature","id":"9445133","geometry":{"type":"Point","coordinates":[-122.727,47.7483]},"properties":{"id":"9445133","name":"Bangor Wharf","type":"reference","region":"WA","tz":"America/Los_Angeles","gt_m":3.374}},{"type":"Feature","id":"8533987","geometry":{"type":"Point","coordinates":[-74.2967,39.6317]},"properties":{"id":"8533987","name":"West Creek, Westecunk Creek","type":"subordinate","region":"NJ","tz":"America/New_York","ref":"8531680"}},{"type":"Feature","id":"9447951","geometry":{"type":"Point","coordinates":[-122.728,48.2833]},"properties":{"id":"9447951","name":"Sunset Beach, Whidbey Island","type":"subordinate","region":"WA","tz":"America/Los_Angeles","ref":"9444900"}},{"type":"Feature","id":"9451467","geometry":{"type":"Point","coordinates":[-134.723,56.8567]},"properties":{"id":"9451467","name":"Red Bluff Bay","type":"reference","region":"AK","tz":"America/Sitka","gt_m":3.904}},{"type":"Feature","id":"8579542","geometry":{"type":"Point","coordinates":[-76.683333,38.655]},"properties":{"id":"8579542","name":"Lower Marlboro","type":"reference","region":"MD","tz":"America/New_York","gt_m":0.651}},{"type":"Feature","id":"9462987","geometry":{"type":"Point","coordinates":[-163.115,55.4133]},"properties":{"id":"9462987","name":"Amak Island","type":"subordinate","region":"AK","tz":"America/Nome","ref":"9462620"}},{"type":"Feature","id":"9449904","geometry":{"type":"Point","coordinates":[-122.928,48.585]},"properties":{"id":"9449904","name":"Shaw Island, Ferry Terminal, Harney Channel","type":"subordinate","region":"WA","tz":"America/Los_Angeles","ref":"9444900"}},{"type":"Feature","id":"9450768","geometry":{"type":"Point","coordinates":[-133.605,55.8117]},"properties":{"id":"9450768","name":"Port Alice, Heceta Island","type":"subordinate","region":"AK","tz":"America/Sitka","ref":"9451600"}},{"type":"Feature","id":"8575579","geometry":{"type":"Point","coordinates":[-76.55,38.95]},"properties":{"id":"8575579","name":"Edgewater, South River","type":"subordinate","region":"MD","tz":"America/New_York","ref":"8574680"}},{"type":"Feature","id":"8765785","geometry":{"type":"Point","coordinates":[-92.155602,29.783001]},"properties":{"id":"8765785","name":"Intracoastal City","type":"reference","region":"LA","tz":"America/Chicago","gt_m":0.487}},{"type":"Feature","id":"8720494","geometry":{"type":"Point","coordinates":[-81.329498,29.9944]},"properties":{"id":"8720494","name":"Tolomato River (ICWW)","type":"reference","region":"FL","tz":"America/New_York","gt_m":1.452}},{"type":"Feature","id":"8662746","geometry":{"type":"Point","coordinates":[-79.2033,33.235]},"properties":{"id":"8662746","name":"South Island Plantation (C.G. Station)","type":"subordinate","region":"SC","tz":"America/New_York","ref":"8665530"}},{"type":"Feature","id":"8448558","geometry":{"type":"Point","coordinates":[-70.5117,41.3883]},"properties":{"id":"8448558","name":"Edgartown","type":"reference","region":"MA","tz":"America/New_York","gt_m":0.816}},{"type":"Feature","id":"9432845","geometry":{"type":"Point","coordinates":[-124.215,43.38]},"properties":{"id":"9432845","name":"Coos Bay","type":"subordinate","region":"OR","tz":"America/Los_Angeles","ref":"9432780"}},{"type":"Feature","id":"9449211","geometry":{"type":"Point","coordinates":[-122.495,48.745]},"properties":{"id":"9449211","name":"Bellingham","type":"subordinate","region":"WA","tz":"America/Los_Angeles","ref":"9444900"}},{"type":"Feature","id":"8638489","geometry":{"type":"Point","coordinates":[-77.3717,37.2667]},"properties":{"id":"8638489","name":"Puddledock, Appomattox River","type":"reference","region":"VA","tz":"America/New_York","gt_m":0.966}},{"type":"Feature","id":"9461341","geometry":{"type":"Point","coordinates":[-176.807,51.78]},"properties":{"id":"9461341","name":"Unalga Bight","type":"subordinate","region":"AK","tz":"America/Adak","ref":"9461380"}},{"type":"Feature","id":"8446613","geometry":{"type":"Point","coordinates":[-70.0417,41.93]},"properties":{"id":"8446613","name":"Wellfleet","type":"subordinate","region":"MA","tz":"America/New_York","ref":"8443970"}},{"type":"Feature","id":"9445938","geometry":{"type":"Point","coordinates":[-122.543,47.5733]},"properties":{"id":"9445938","name":"Clam Bay, Rich Passage","type":"subordinate","region":"WA","tz":"America/Los_Angeles","ref":"9447130"}},{"type":"Feature","id":"9443826","geometry":{"type":"Point","coordinates":[-123.725,48.1617]},"properties":{"id":"9443826","name":"Crescent Bay","type":"subordinate","region":"WA","tz":"America/Los_Angeles","ref":"9444900"}},{"type":"Feature","id":"9441627","geometry":{"type":"Point","coordinates":[-124.27,47.3033]},"properties":{"id":"9441627","name":"Point Grenville","type":"subordinate","region":"WA","tz":"America/Los_Angeles","ref":"9440910"}},{"type":"Feature","id":"8537489","geometry":{"type":"Point","coordinates":[-75.3817,39.4217]},"properties":{"id":"8537489","name":"Raccoon Ditch, Newport Meadows, Stow Creek, N.J.","type":"subordinate","region":"NJ","tz":"America/New_York","ref":"8551910"}},{"type":"Feature","id":"1612480","geometry":{"type":"Point","coordinates":[-157.79,21.433056]},"properties":{"id":"1612480","name":"MOKU O LOE","type":"reference","region":"HI","tz":"Pacific/Honolulu","gt_m":0.646}},{"type":"Feature","id":"8571421","geometry":{"type":"Point","coordinates":[-76.0383,38.22]},"properties":{"id":"8571421","name":"Bishops Head, Hooper Strait","type":"reference","region":"MD","tz":"America/New_York","gt_m":0.629}},{"type":"Feature","id":"9462711","geometry":{"type":"Point","coordinates":[-165.615,54.150833]},"properties":{"id":"9462711","name":"Surf Bay, Akutan Bay","type":"reference","region":"AK","tz":"America/Nome","gt_m":1.147}},{"type":"Feature","id":"8775421","geometry":{"type":"Point","coordinates":[-97.279999,27.705]},"properties":{"id":"8775421","name":"Corpus Christi Naval Air Station","type":"reference","region":"TX","tz":"America/Chicago"}},{"type":"Feature","id":"8728360","geometry":{"type":"Point","coordinates":[-84.5117,29.915]},"properties":{"id":"8728360","name":"Turkey Point, St. James Island","type":"reference","region":"FL","tz":"America/New_York","gt_m":0.834}},{"type":"Feature","id":"9440650","geometry":{"type":"Point","coordinates":[-123.950302,46.3722]},"properties":{"id":"9440650","name":"Greenhead Slough","type":"reference","region":"WA","tz":"America/Los_Angeles","gt_m":3.26}},{"type":"Feature","id":"9454296","geometry":{"type":"Point","coordinates":[-146.535,60.8533]},"properties":{"id":"9454296","name":"Landlocked Bay, Port Fidalgo","type":"subordinate","region":"AK","tz":"America/Anchorage","ref":"9454050"}},{"type":"Feature","id":"8510719","geometry":{"type":"Point","coordinates":[-72.03,41.2567]},"properties":{"id":"8510719","name":"Silver Eel Pond, Fishers Island, N.Y.","type":"reference","region":"CT","tz":"America/New_York","gt_m":0.86}},{"type":"Feature","id":"8534139","geometry":{"type":"Point","coordinates":[-74.3317,39.5767]},"properties":{"id":"8534139","name":"Tuckerton Creek entrance","type":"subordinate","region":"NJ","tz":"America/New_York","ref":"8531680"}},{"type":"Feature","id":"8538512","geometry":{"type":"Point","coordinates":[-75.2383,39.835]},"properties":{"id":"8538512","name":"Paulsboro, Mantua Creek, N.J.","type":"reference","region":"NJ","tz":"America/New_York","gt_m":1.885}},{"type":"Feature","id":"8633362","geometry":{"type":"Point","coordinates":[-75.7733,37.7633]},"properties":{"id":"8633362","name":"Chesconessex Creek, Schooner Bay","type":"subordinate","region":"VA","tz":"America/New_York","ref":"8638863"}},{"type":"Feature","id":"9468841","geometry":{"type":"Point","coordinates":[-163.149002,64.620796]},"properties":{"id":"9468841","name":"Upper Golovnin Lagoon","type":"reference","region":"AK","tz":"America/Nome","gt_m":0.926}},{"type":"Feature","id":"8734635","geometry":{"type":"Point","coordinates":[-88.02,30.2333]},"properties":{"id":"8734635","name":"Mobile Point (Fort Morgan)","type":"subordinate","region":"AL","tz":"America/Chicago","ref":"8737048"}},{"type":"Feature","id":"8448875","geometry":{"type":"Point","coordinates":[-70.590333,41.326222]},"properties":{"id":"8448875","name":"Martha's Vineyard GPS Buoy","type":"reference","region":"MA","tz":"America/New_York","gt_m":0.951}},{"type":"Feature","id":"8660475","geometry":{"type":"Point","coordinates":[-79.055,33.8]},"properties":{"id":"8660475","name":"Pitch Landing","type":"subordinate","region":"SC","tz":"America/New_York","ref":"8665530"}},{"type":"Feature","id":"8720259","geometry":{"type":"Point","coordinates":[-81.395,30.335]},"properties":{"id":"8720259","name":"Atlantic Beach","type":"subordinate","region":"FL","tz":"America/New_York","ref":"8720030"}},{"type":"Feature","id":"9452128","geometry":{"type":"Point","coordinates":[-134.038,57.6783]},"properties":{"id":"9452128","name":"Rasp Ledge, Seymour Canal","type":"subordinate","region":"AK","tz":"America/Juneau","ref":"9452210"}},{"type":"Feature","id":"9439011","geometry":{"type":"Point","coordinates":[-123.945,46.2017]},"properties":{"id":"9439011","name":"Hammond, Oregon","type":"reference","region":"OR","tz":"America/Los_Angeles","gt_m":2.546}},{"type":"Feature","id":"8723918","geometry":{"type":"Point","coordinates":[-80.9233,24.7767]},"properties":{"id":"8723918","name":"Toms Harbor Channel, Hwy. 1 bridge","type":"subordinate","region":"FL","tz":"America/New_York","ref":"8724580"}},{"type":"Feature","id":"8652226","geometry":{"type":"Point","coordinates":[-75.591694,35.91]},"properties":{"id":"8652226","name":"Jennettes Pier, Nags Head (ocean)","type":"subordinate","region":"NC","tz":"America/New_York","ref":"8651370"}},{"type":"Feature","id":"8770475","geometry":{"type":"Point","coordinates":[-93.93,29.866699]},"properties":{"id":"8770475","name":"Port Arthur","type":"reference","region":"TX","tz":"America/Chicago","gt_m":0.317}},{"type":"Feature","id":"8762675","geometry":{"type":"Point","coordinates":[-90.5267,29.0867]},"properties":{"id":"8762675","name":"Timbalier Island, Timbalier Bay","type":"subordinate","region":"LA","tz":"America/Chicago","ref":"8761724"}},{"type":"Feature","id":"8551851","geometry":{"type":"Point","coordinates":[-75.59,39.57]},"properties":{"id":"8551851","name":"Delaware City Branch Channel bridge","type":"subordinate","region":"DE","tz":"America/New_York","ref":"8551910"}},{"type":"Feature","id":"8720496","geometry":{"type":"Point","coordinates":[-81.6633,29.99]},"properties":{"id":"8720496","name":"Green Cove Springs","type":"subordinate","region":"FL","tz":"America/New_York","ref":"8720218"}},{"type":"Feature","id":"9455304","geometry":{"type":"Point","coordinates":[-150.628,59.5267]},"properties":{"id":"9455304","name":"Beauty Bay, Nuka Bay","type":"subordinate","region":"AK","tz":"America/Anchorage","ref":"9455090"}},{"type":"Feature","id":"9417426","geometry":{"type":"Point","coordinates":[-123.805111,39.425778]},"properties":{"id":"9417426","name":"NOYO HARBOR","type":"reference","region":"CA","tz":"America/Los_Angeles","gt_m":1.862}},{"type":"Feature","id":"8531077","geometry":{"type":"Point","coordinates":[-74.2317,40.5983]},"properties":{"id":"8531077","name":"Rahway River, RR. Bridge","type":"subordinate","region":"NJ","tz":"America/New_York","ref":"8531680"}},{"type":"Feature","id":"9455735","geometry":{"type":"Point","coordinates":[-151.283,60.5033]},"properties":{"id":"9455735","name":"Chinulna Point, Cook Inlet","type":"reference","region":"AK","tz":"America/Anchorage","gt_m":6.355}},{"type":"Feature","id":"9440846","geometry":{"type":"Point","coordinates":[-123.945,46.6233]},"properties":{"id":"9440846","name":"Bay Center, Palix River","type":"subordinate","region":"WA","tz":"America/Los_Angeles","ref":"9440910"}},{"type":"Feature","id":"8656499","geometry":{"type":"Point","coordinates":[-76.7367,34.7183]},"properties":{"id":"8656499","name":"Atlantic Beach Bridge","type":"subordinate","region":"NC","tz":"America/New_York","ref":"8654400"}},{"type":"Feature","id":"8578465","geometry":{"type":"Point","coordinates":[-76.7483,38.2233]},"properties":{"id":"8578465","name":"Colton Point, Md.","type":"subordinate","region":"MD","tz":"America/New_York","ref":"8594900"}},{"type":"Feature","id":"TEC2929","geometry":{"type":"Point","coordinates":[-79.15,33.183333]},"properties":{"id":"TEC2929","name":"Winyah Bay Entrance (South Jetty)","type":"subordinate","region":"SC","tz":"America/New_York","ref":"8665530"}},{"type":"Feature","id":"8533051","geometry":{"type":"Point","coordinates":[-74.198303,39.950001]},"properties":{"id":"8533051","name":"Toms River (town), Toms River","type":"reference","region":"NJ","tz":"America/New_York","gt_m":0.315}},{"type":"Feature","id":"8447385","geometry":{"type":"Point","coordinates":[-70.7617,41.705]},"properties":{"id":"8447385","name":"Marion, Sippican Harbor","type":"subordinate","region":"MA","tz":"America/New_York","ref":"8452660"}},{"type":"Feature","id":"8729152","geometry":{"type":"Point","coordinates":[-85.755,30.17]},"properties":{"id":"8729152","name":"Alligator Bayou","type":"subordinate","region":"FL","tz":"America/Chicago","ref":"8729840"}},{"type":"Feature","id":"8773037","geometry":{"type":"Point","coordinates":[-96.712402,28.4069]},"properties":{"id":"8773037","name":"Seadrift","type":"reference","region":"TX","tz":"America/Chicago","gt_m":0.106}},{"type":"Feature","id":"9448657","geometry":{"type":"Point","coordinates":[-122.555,48.445]},"properties":{"id":"9448657","name":"Turner Bay, Similk Bay","type":"reference","region":"WA","tz":"America/Los_Angeles","gt_m":3.151}},{"type":"Feature","id":"8635959","geometry":{"type":"Point","coordinates":[-76.2667,37.8867]},"properties":{"id":"8635959","name":"Sunnybank, Little Wicomico River","type":"subordinate","region":"VA","tz":"America/New_York","ref":"8638863"}},{"type":"Feature","id":"8445425","geometry":{"type":"Point","coordinates":[-70.7333,42.16]},"properties":{"id":"8445425","name":"Damons Point, North River","type":"subordinate","region":"MA","tz":"America/New_York","ref":"8443970"}},{"type":"Feature","id":"8669346","geometry":{"type":"Point","coordinates":[-80.9667,32.1767]},"properties":{"id":"8669346","name":"Good Hope Landing, south of","type":"subordinate","region":"SC","tz":"America/New_York","ref":"8670870"}},{"type":"Feature","id":"8656841","geometry":{"type":"Point","coordinates":[-76.5383,34.6133]},"properties":{"id":"8656841","name":"Cape Lookout Bight","type":"reference","region":"NC","tz":"America/New_York","gt_m":1.391}},{"type":"Feature","id":"TEC2791","geometry":{"type":"Point","coordinates":[-75.733333,35.2]},"properties":{"id":"TEC2791","name":"Hatteras Inlet","type":"subordinate","region":"NC","tz":"America/New_York","ref":"8654400"}},{"type":"Feature","id":"8669625","geometry":{"type":"Point","coordinates":[-80.83,32.1133]},"properties":{"id":"8669625","name":"Braddock Point, Hilton Head Island","type":"subordinate","region":"SC","tz":"America/New_York","ref":"8670870"}},{"type":"Feature","id":"8632314","geometry":{"type":"Point","coordinates":[-76.05,37.2333]},"properties":{"id":"8632314","name":"Old Plantation Light","type":"subordinate","region":"VA","tz":"America/New_York","ref":"8638863"}},{"type":"Feature","id":"TEC5661","geometry":{"type":"Point","coordinates":[-83.932999,17.4]},"properties":{"id":"TEC5661","name":"Harbor Bay, Great Swan Island","type":"subordinate","region":null,"tz":"America/Tegucigalpa","ref":"8724580"}},{"type":"Feature","id":"TWC2193","geometry":{"type":"Point","coordinates":[-166.933333,53.483333]},"properties":{"id":"TWC2193","name":"Eagle Bay","type":"subordinate","region":"AK","tz":"America/Nome","ref":"9462620"}},{"type":"Feature","id":"TWC2095","geometry":{"type":"Point","coordinates":[-154.983333,58]},"properties":{"id":"TWC2095","name":"Katmai Bay, Shelikof Strait","type":"subordinate","region":null,"tz":"America/Anchorage","ref":"9455500"}},{"type":"Feature","id":"9461081","geometry":{"type":"Point","coordinates":[-178.617,51.6033]},"properties":{"id":"9461081","name":"Ogliuga Island (east coast)","type":"subordinate","region":"AK","tz":"America/Adak","ref":"9461380"}},{"type":"Feature","id":"8658163","geometry":{"type":"Point","coordinates":[-77.786694,34.213306]},"properties":{"id":"8658163","name":"Wrightsville Beach","type":"reference","region":"NC","tz":"America/New_York","gt_m":1.367}},{"type":"Feature","id":"8760412","geometry":{"type":"Point","coordinates":[-89.0367,29.205]},"properties":{"id":"8760412","name":"North Pass, Pass a Loutre","type":"subordinate","region":"LA","tz":"America/Chicago","ref":"8760551"}},{"type":"Feature","id":"9454329","geometry":{"type":"Point","coordinates":[-146.647995,60.2383]},"properties":{"id":"9454329","name":"Cape Hinchinbrook","type":"reference","region":"AK","tz":"America/Anchorage","gt_m":3.427}},{"type":"Feature","id":"8414721","geometry":{"type":"Point","coordinates":[-68.8133,44.4717]},"properties":{"id":"8414721","name":"Fort Point, Penobscot River","type":"reference","region":"ME","tz":"America/New_York","gt_m":3.397}},{"type":"Feature","id":"8577188","geometry":{"type":"Point","coordinates":[-76.3983,38.3917]},"properties":{"id":"8577188","name":"Cove Point","type":"reference","region":"MD","tz":"America/New_York","gt_m":0.42}},{"type":"Feature","id":"8667074","geometry":{"type":"Point","coordinates":[-80.5417,32.6017]},"properties":{"id":"8667074","name":"Wiggins, Chehaw River","type":"subordinate","region":"SC","tz":"America/New_York","ref":"8670870"}},{"type":"Feature","id":"9447130","geometry":{"type":"Point","coordinates":[-122.339306,47.602639]},"properties":{"id":"9447130","name":"SEATTLE (Madison St.), Elliott Bay","type":"reference","region":"WA","tz":"America/Los_Angeles","gt_m":3.462}},{"type":"Feature","id":"9414764","geometry":{"type":"Point","coordinates":[-122.281998,37.794998]},"properties":{"id":"9414764","name":"Oakland Inner Harbor","type":"reference","region":"CA","tz":"America/Los_Angeles","gt_m":1.941}},{"type":"Feature","id":"TPT2707","geometry":{"type":"Point","coordinates":[168.95,14.566667]},"properties":{"id":"TPT2707","name":"Taongi Atoll","type":"subordinate","region":null,"tz":"Pacific/Majuro","ref":"1820000"}},{"type":"Feature","id":"8674875","geometry":{"type":"Point","coordinates":[-81.325,31.4983]},"properties":{"id":"8674875","name":"Creighton Narrows Entrance, Crescent River","type":"subordinate","region":"GA","tz":"America/New_York","ref":"8670870"}},{"type":"Feature","id":"8660265","geometry":{"type":"Point","coordinates":[-78.6333,33.835]},"properties":{"id":"8660265","name":"Cherry Grove (inside)","type":"subordinate","region":"SC","tz":"America/New_York","ref":"8661070"}},{"type":"Feature","id":"9446291","geometry":{"type":"Point","coordinates":[-122.634003,47.3783]},"properties":{"id":"9446291","name":"Wauna, Carr Inlet","type":"reference","region":"WA","tz":"America/Los_Angeles","gt_m":4.116}},{"type":"Feature","id":"9431011","geometry":{"type":"Point","coordinates":[-124.418722,42.421639]},"properties":{"id":"9431011","name":"Gold Beach, Rogue River","type":"reference","region":"OR","tz":"America/Los_Angeles","gt_m":2.182}},{"type":"Feature","id":"8458694","geometry":{"type":"Point","coordinates":[-71.86,41.305]},"properties":{"id":"8458694","name":"Watch Hill Point","type":"subordinate","region":"CT","tz":"America/New_York","ref":"8452660"}},{"type":"Feature","id":"8652678","geometry":{"type":"Point","coordinates":[-75.5267,35.7683]},"properties":{"id":"8652678","name":"Oregon Inlet (USCG Station)","type":"reference","region":"NC","tz":"America/New_York","gt_m":0.666}},{"type":"Feature","id":"8515421","geometry":{"type":"Point","coordinates":[-73.315,40.685]},"properties":{"id":"8515421","name":"Babylon","type":"subordinate","region":"NY","tz":"America/New_York","ref":"8531680"}},{"type":"Feature","id":"8727097","geometry":{"type":"Point","coordinates":[-82.6683,28.4333]},"properties":{"id":"8727097","name":"Aripeka, Hammock Creek","type":"subordinate","region":"FL","tz":"America/New_York","ref":"8727520"}},{"type":"Feature","id":"8575109","geometry":{"type":"Point","coordinates":[-76.445,39.1]},"properties":{"id":"8575109","name":"Cornfield Creek, Magothy River","type":"subordinate","region":"MD","tz":"America/New_York","ref":"8574680"}},{"type":"Feature","id":"8571579","geometry":{"type":"Point","coordinates":[-76.265,38.3417]},"properties":{"id":"8571579","name":"Barren Island","type":"reference","region":"MD","tz":"America/New_York","gt_m":0.473}},{"type":"Feature","id":"8444788","geometry":{"type":"Point","coordinates":[-70.9667,42.2483]},"properties":{"id":"8444788","name":"Weymouth Fore River Bridge","type":"reference","region":"MA","tz":"America/New_York","gt_m":3.154}},{"type":"Feature","id":"8666029","geometry":{"type":"Point","coordinates":[-80.0917,32.715]},"properties":{"id":"8666029","name":"Church Creek bridge","type":"subordinate","region":"SC","tz":"America/New_York","ref":"8665530"}},{"type":"Feature","id":"8658654","geometry":{"type":"Point","coordinates":[-77.9567,33.99]},"properties":{"id":"8658654","name":"Sunny Point Army Base, Wharf no.1","type":"subordinate","region":"NC","tz":"America/New_York","ref":"8658120"}},{"type":"Feature","id":"8463827","geometry":{"type":"Point","coordinates":[-72.5517,41.5417]},"properties":{"id":"8463827","name":"Maromas","type":"subordinate","region":"CT","tz":"America/New_York","ref":"8461490"}},{"type":"Feature","id":"9491873","geometry":{"type":"Point","coordinates":[-166.808,68.3417]},"properties":{"id":"9491873","name":"Point Hope","type":"reference","region":"AK","tz":"America/Nome","gt_m":0.205}},{"type":"Feature","id":"8726724","geometry":{"type":"Point","coordinates":[-82.831667,27.978333]},"properties":{"id":"8726724","name":"Clearwater Beach","type":"reference","region":"FL","tz":"America/New_York","gt_m":0.836}},{"type":"Feature","id":"9462611","geometry":{"type":"Point","coordinates":[-166.537,53.8917]},"properties":{"id":"9462611","name":"Dutch Harbor, Amaknak Island","type":"subordinate","region":"AK","tz":"America/Nome","ref":"9462620"}},{"type":"Feature","id":"8725441","geometry":{"type":"Point","coordinates":[-82.1967,26.55]},"properties":{"id":"8725441","name":"Redfish Pass, Captiva Island (north end)","type":"subordinate","region":"FL","tz":"America/New_York","ref":"8726520"}},{"type":"Feature","id":"9414777","geometry":{"type":"Point","coordinates":[-122.338,37.805]},"properties":{"id":"9414777","name":"Oakland Middle Harbor","type":"subordinate","region":"CA","tz":"America/Los_Angeles","ref":"9414290"}},{"type":"Feature","id":"8724213","geometry":{"type":"Point","coordinates":[-81.3717,24.6683]},"properties":{"id":"8724213","name":"Big Pine Key, Pine Channel Bridge, south side","type":"subordinate","region":"FL","tz":"America/New_York","ref":"8724580"}},{"type":"Feature","id":"8418828","geometry":{"type":"Point","coordinates":[-70.4467,43.4917]},"properties":{"id":"8418828","name":"Biddeford, Saco River","type":"reference","region":"ME","tz":"America/New_York","gt_m":2.999}},{"type":"Feature","id":"8664531","geometry":{"type":"Point","coordinates":[-80.2033,32.9583]},"properties":{"id":"8664531","name":"Bacon Bridge","type":"subordinate","region":"SC","tz":"America/New_York","ref":"8665530"}},{"type":"Feature","id":"8760424","geometry":{"type":"Point","coordinates":[-89.05,29.2283]},"properties":{"id":"8760424","name":"Lonesome Bayou (Thomasin)","type":"subordinate","region":"LA","tz":"America/Chicago","ref":"8760551"}},{"type":"Feature","id":"8669262","geometry":{"type":"Point","coordinates":[-80.815,32.2]},"properties":{"id":"8669262","name":"Bull Island North","type":"subordinate","region":"SC","tz":"America/New_York","ref":"8670870"}},{"type":"Feature","id":"8534043","geometry":{"type":"Point","coordinates":[-74.4967,39.6183]},"properties":{"id":"8534043","name":"Wading River (town), Wading River","type":"subordinate","region":"NJ","tz":"America/New_York","ref":"8531680"}},{"type":"Feature","id":"8723776","geometry":{"type":"Point","coordinates":[-80.5683,24.965]},"properties":{"id":"8723776","name":"Yacht Harbor, Cowpens Anchorage, Plantation Key","type":"subordinate","region":"FL","tz":"America/New_York","ref":"8723178"}},{"type":"Feature","id":"8516761","geometry":{"type":"Point","coordinates":[-73.7033,40.8317]},"properties":{"id":"8516761","name":"Port Washington, Manhasset Bay","type":"reference","region":"NY","tz":"America/New_York","gt_m":2.415}},{"type":"Feature","id":"8729082","geometry":{"type":"Point","coordinates":[-85.607903,30.2696]},"properties":{"id":"8729082","name":"Deer Point Lake, Hwy 2321 bridge, North Bay","type":"reference","region":"FL","tz":"America/Chicago","gt_m":0.486}},{"type":"Feature","id":"8723752","geometry":{"type":"Point","coordinates":[-80.61,24.9967]},"properties":{"id":"8723752","name":"East Key, southern end, Florida Bay","type":"subordinate","region":"FL","tz":"America/New_York","ref":"8723178"}},{"type":"Feature","id":"9468011","geometry":{"type":"Point","coordinates":[-162.602,63.28]},"properties":{"id":"9468011","name":"Pikmiktalik River entrance","type":"subordinate","region":"AK","tz":"America/Nome","ref":"9468333"}},{"type":"Feature","id":"8518490","geometry":{"type":"Point","coordinates":[-73.7817,40.8933]},"properties":{"id":"8518490","name":"New Rochelle","type":"subordinate","region":"NY","tz":"America/New_York","ref":"8516945"}},{"type":"Feature","id":"8723170","geometry":{"type":"Point","coordinates":[-80.1317,25.7683]},"properties":{"id":"8723170","name":"Miami Harbor Entrance","type":"reference","region":"FL","tz":"America/New_York","gt_m":0.823}},{"type":"Feature","id":"9415257","geometry":{"type":"Point","coordinates":[-121.498,38.11]},"properties":{"id":"9415257","name":"Terminous, South Fork","type":"subordinate","region":"CA","tz":"America/Los_Angeles","ref":"9415144"}},{"type":"Feature","id":"9450982","geometry":{"type":"Point","coordinates":[-133.61,56.14]},"properties":{"id":"9450982","name":"Shakan Bay Entrance","type":"subordinate","region":"AK","tz":"America/Sitka","ref":"9451600"}},{"type":"Feature","id":"8720692","geometry":{"type":"Point","coordinates":[-81.227856,29.704531]},"properties":{"id":"8720692","name":"Matanzas Inlet, State Road A1A Bridge","type":"reference","region":"FL","tz":"America/New_York","gt_m":1.256}},{"type":"Feature","id":"TWC1783","geometry":{"type":"Point","coordinates":[-135.283333,57.516667]},"properties":{"id":"TWC1783","name":"Point Elizabeth","type":"subordinate","region":"AK","tz":"America/Sitka","ref":"9452210"}},{"type":"Feature","id":"9456835","geometry":{"type":"Point","coordinates":[-154.117,58.3417]},"properties":{"id":"9456835","name":"Kukak, Kukak Bay","type":"subordinate","region":"AK","tz":"America/Anchorage","ref":"9455500"}},{"type":"Feature","id":"8663219","geometry":{"type":"Point","coordinates":[-79.354401,33.154202]},"properties":{"id":"8663219","name":"South Santee River, ICWW, 4 Mi Canal Creek","type":"reference","region":"SC","tz":"America/New_York","gt_m":1.302}},{"type":"Feature","id":"8724243","geometry":{"type":"Point","coordinates":[-81.4067,24.725]},"properties":{"id":"8724243","name":"Howe Key, south end, Harbor Channel","type":"subordinate","region":"FL","tz":"America/New_York","ref":"8724580"}},{"type":"Feature","id":"8668498","geometry":{"type":"Point","coordinates":[-80.465,32.34]},"properties":{"id":"8668498","name":"Fripps Inlet, Hunting Island Bridge","type":"reference","region":"SC","tz":"America/New_York","gt_m":2.038}},{"type":"Feature","id":"8771341","geometry":{"type":"Point","coordinates":[-94.724725,29.357461]},"properties":{"id":"8771341","name":"Galveston Bay Entrance, North Jetty","type":"reference","region":"TX","tz":"America/Chicago","gt_m":0.509}},{"type":"Feature","id":"8442645","geometry":{"type":"Point","coordinates":[-70.8767,42.5233]},"properties":{"id":"8442645","name":"Salem, Salem Harbor","type":"reference","region":"MA","tz":"America/New_York","gt_m":2.956}},{"type":"Feature","id":"8774513","geometry":{"type":"Point","coordinates":[-97.021698,28.118305]},"properties":{"id":"8774513","name":"Copano Bay","type":"reference","region":"TX","tz":"America/Chicago","gt_m":0.118}},{"type":"Feature","id":"9415338","geometry":{"type":"Point","coordinates":[-122.407,38.1567]},"properties":{"id":"9415338","name":"Sonoma Creek","type":"reference","region":"CA","tz":"America/Los_Angeles","gt_m":1.655}},{"type":"Feature","id":"9466197","geometry":{"type":"Point","coordinates":[-162.686005,60.341499]},"properties":{"id":"9466197","name":"Tuntutuliak","type":"reference","region":"AK","tz":"America/Nome","gt_m":2.328}},{"type":"Feature","id":"8533295","geometry":{"type":"Point","coordinates":[-74.155,39.87]},"properties":{"id":"8533295","name":"Cedar Creek","type":"subordinate","region":"NJ","tz":"America/New_York","ref":"8531680"}},{"type":"Feature","id":"8538752","geometry":{"type":"Point","coordinates":[-75.105,39.9467]},"properties":{"id":"8538752","name":"Pavonia, Cooper River, RR. bridge, N.J.","type":"subordinate","region":"NJ","tz":"America/New_York","ref":"8545240"}},{"type":"Feature","id":"8724996","geometry":{"type":"Point","coordinates":[-81.7017,25.985]},"properties":{"id":"8724996","name":"McIlvaine Bay","type":"reference","region":"FL","tz":"America/New_York","gt_m":0.795}},{"type":"Feature","id":"9451204","geometry":{"type":"Point","coordinates":[-132.387,56.47]},"properties":{"id":"9451204","name":"Wrangell, Wrangell Island","type":"reference","region":"AK","tz":"America/Sitka","gt_m":4.864}},{"type":"Feature","id":"8464687","geometry":{"type":"Point","coordinates":[-72.7083,41.245]},"properties":{"id":"8464687","name":"Sachem Head","type":"subordinate","region":"CT","tz":"America/New_York","ref":"8467150"}},{"type":"Feature","id":"9452318","geometry":{"type":"Point","coordinates":[-134.878,58.3217]},"properties":{"id":"9452318","name":"Barlow Cove, Mansfield Peninsula","type":"subordinate","region":"AK","tz":"America/Juneau","ref":"9452210"}},{"type":"Feature","id":"8516663","geometry":{"type":"Point","coordinates":[-73.655083,40.596333]},"properties":{"id":"8516663","name":"Long Beach, Bridgewater Yacht Club, New York","type":"reference","region":"NY","tz":"America/New_York","gt_m":1.494}},{"type":"Feature","id":"8723872","geometry":{"type":"Point","coordinates":[-80.78,24.84]},"properties":{"id":"8723872","name":"Channel Five, west side, Hawk Channel","type":"subordinate","region":"FL","tz":"America/New_York","ref":"8724580"}},{"type":"Feature","id":"9418723","geometry":{"type":"Point","coordinates":[-124.222,40.7233]},"properties":{"id":"9418723","name":"Fields Landing","type":"reference","region":"CA","tz":"America/Los_Angeles","gt_m":2.101}},{"type":"Feature","id":"9414811","geometry":{"type":"Point","coordinates":[-121.923,38.1833]},"properties":{"id":"9414811","name":"Bradmoor Island, Nurse Slough","type":"reference","region":"CA","tz":"America/Los_Angeles","gt_m":1.672}},{"type":"Feature","id":"8447685","geometry":{"type":"Point","coordinates":[-70.6517,41.605]},"properties":{"id":"8447685","name":"Chappaquoit Point, West Falmouth Harbor","type":"reference","region":"MA","tz":"America/New_York","gt_m":1.295}},{"type":"Feature","id":"8772985","geometry":{"type":"Point","coordinates":[-95.616833,28.771639]},"properties":{"id":"8772985","name":"Sargent, ICWW","type":"reference","region":"TX","tz":"America/Chicago","gt_m":0.209}},{"type":"Feature","id":"8517741","geometry":{"type":"Point","coordinates":[-73.9833,40.57]},"properties":{"id":"8517741","name":"Coney Island","type":"subordinate","region":"NY","tz":"America/New_York","ref":"8531680"}},{"type":"Feature","id":"9432780","geometry":{"type":"Point","coordinates":[-124.321999,43.345001]},"properties":{"id":"9432780","name":"CHARLESTON","type":"reference","region":"OR","tz":"America/Los_Angeles","gt_m":2.323}},{"type":"Feature","id":"8724409","geometry":{"type":"Point","coordinates":[-81.6083,24.6583]},"properties":{"id":"8724409","name":"Snipe Keys, southeast end, Inner Narrows","type":"subordinate","region":"FL","tz":"America/New_York","ref":"8724580"}},{"type":"Feature","id":"8779724","geometry":{"type":"Point","coordinates":[-97.17,26.0783]},"properties":{"id":"8779724","name":"Queen Isabella Causeway (east end)","type":"subordinate","region":"TX","tz":"America/Chicago","ref":"8779750"}},{"type":"Feature","id":"TWC1741","geometry":{"type":"Point","coordinates":[-134.4,57.533333]},"properties":{"id":"TWC1741","name":"Mitchell Bay","type":"subordinate","region":"AK","tz":"America/Juneau","ref":"9452210"}},{"type":"Feature","id":"8638476","geometry":{"type":"Point","coordinates":[-77.2233,37.3133]},"properties":{"id":"8638476","name":"Jordan Point","type":"subordinate","region":"VA","tz":"America/New_York","ref":"8638610"}},{"type":"Feature","id":"9411189","geometry":{"type":"Point","coordinates":[-119.283,34.2667]},"properties":{"id":"9411189","name":"Ventura","type":"subordinate","region":"CA","tz":"America/Los_Angeles","ref":"9410660"}},{"type":"Feature","id":"8660983","geometry":{"type":"Point","coordinates":[-79.005,33.6867]},"properties":{"id":"8660983","name":"Socastee Bridge","type":"subordinate","region":"SC","tz":"America/New_York","ref":"8665530"}},{"type":"Feature","id":"9466079","geometry":{"type":"Point","coordinates":[-162.158,60.1367]},"properties":{"id":"9466079","name":"Apokak Creek entrance","type":"subordinate","region":"AK","tz":"America/Nome","ref":"9465396"}},{"type":"Feature","id":"8575331","geometry":{"type":"Point","coordinates":[-76.5333,39.0267]},"properties":{"id":"8575331","name":"Brewer Point","type":"subordinate","region":"MD","tz":"America/New_York","ref":"8574680"}},{"type":"Feature","id":"9455500","geometry":{"type":"Point","coordinates":[-151.719894,59.440498]},"properties":{"id":"9455500","name":"SELDOVIA, Kachemak Bay","type":"reference","region":"AK","tz":"America/Anchorage","gt_m":5.499}},{"type":"Feature","id":"8729479","geometry":{"type":"Point","coordinates":[-86.446701,30.506701]},"properties":{"id":"8729479","name":"Rocky Bayou, Choctawhatchee Bay","type":"reference","region":"FL","tz":"America/Chicago","gt_m":0.169}},{"type":"Feature","id":"8516501","geometry":{"type":"Point","coordinates":[-73.6167,40.6333]},"properties":{"id":"8516501","name":"Baldwin, Parsonage Cove, Hempstead Bay","type":"reference","region":"NY","tz":"America/New_York","gt_m":1.482}},{"type":"Feature","id":"9462582","geometry":{"type":"Point","coordinates":[-166.79,53.515]},"properties":{"id":"9462582","name":"Usof Bay","type":"subordinate","region":"AK","tz":"America/Nome","ref":"9462620"}},{"type":"Feature","id":"8678124","geometry":{"type":"Point","coordinates":[-81.455972,31.014806]},"properties":{"id":"8678124","name":"Raccoon Key Spit","type":"reference","region":"GA","tz":"America/New_York","gt_m":2.172}},{"type":"Feature","id":"8677576","geometry":{"type":"Point","coordinates":[-81.505,31.095]},"properties":{"id":"8677576","name":"Jointer Island, Jointer Creek","type":"subordinate","region":"GA","tz":"America/New_York","ref":"8720030"}},{"type":"Feature","id":"8417391","geometry":{"type":"Point","coordinates":[-69.895,44.0083]},"properties":{"id":"8417391","name":"Bowdoinham, Cathance River","type":"subordinate","region":"ME","tz":"America/New_York","ref":"8418150"}},{"type":"Feature","id":"8417553","geometry":{"type":"Point","coordinates":[-69.9767,43.825]},"properties":{"id":"8417553","name":"Wilson Cove, Middle Bay","type":"subordinate","region":"ME","tz":"America/New_York","ref":"8418150"}},{"type":"Feature","id":"8653244","geometry":{"type":"Point","coordinates":[-76.485603,35.585201]},"properties":{"id":"8653244","name":"Pungo River, Route 45, NC","type":"reference","region":"NC","tz":"America/New_York","gt_m":0.247}},{"type":"Feature","id":"9448614","geometry":{"type":"Point","coordinates":[-122.652,48.415001]},"properties":{"id":"9448614","name":"Deception Pass St. Park, Bowman Bay, Fidalgo I.","type":"reference","region":"WA","tz":"America/Los_Angeles","gt_m":2.352}},{"type":"Feature","id":"8760416","geometry":{"type":"Point","coordinates":[-89.045,29.1167]},"properties":{"id":"8760416","name":"Southeast Pass","type":"subordinate","region":"LA","tz":"America/Chicago","ref":"8760551"}},{"type":"Feature","id":"8664515","geometry":{"type":"Point","coordinates":[-79.9317,32.9483]},"properties":{"id":"8664515","name":"Snow Point, 0.4 mi. North of","type":"subordinate","region":"SC","tz":"America/New_York","ref":"8665530"}},{"type":"Feature","id":"8720582","geometry":{"type":"Point","coordinates":[-81.3067,29.8667]},"properties":{"id":"8720582","name":"State Road 312, Matanzas River","type":"reference","region":"FL","tz":"America/New_York","gt_m":1.464}},{"type":"Feature","id":"8725377","geometry":{"type":"Point","coordinates":[-81.8767,26.47]},"properties":{"id":"8725377","name":"Hendry Creek, Estero Bay","type":"reference","region":"FL","tz":"America/New_York","gt_m":0.628}},{"type":"Feature","id":"9462408","geometry":{"type":"Point","coordinates":[-168.352,53.2967]},"properties":{"id":"9462408","name":"Inanudak Bay","type":"subordinate","region":"AK","tz":"America/Nome","ref":"9462620"}},{"type":"Feature","id":"8516607","geometry":{"type":"Point","coordinates":[-73.652417,40.834611]},"properties":{"id":"8516607","name":"Harry Tappen Marina, Hempstead Harbor","type":"reference","region":"NY","tz":"America/New_York","gt_m":2.4}},{"type":"Feature","id":"8423635","geometry":{"type":"Point","coordinates":[-70.7633,43.09]},"properties":{"id":"8423635","name":"Atlantic Heights","type":"subordinate","region":"NH","tz":"America/New_York","ref":"8418150"}},{"type":"Feature","id":"8668109","geometry":{"type":"Point","coordinates":[-80.885,32.41]},"properties":{"id":"8668109","name":"Broughton Point, Hazzard Creek","type":"subordinate","region":"SC","tz":"America/New_York","ref":"8670870"}},{"type":"Feature","id":"8723927","geometry":{"type":"Point","coordinates":[-80.9133,24.765]},"properties":{"id":"8723927","name":"Duck Key, Hawk Channel","type":"subordinate","region":"FL","tz":"America/New_York","ref":"8724580"}},{"type":"Feature","id":"8723691","geometry":{"type":"Point","coordinates":[-80.45,25.0817]},"properties":{"id":"8723691","name":"Point Charles, Key Largo","type":"subordinate","region":"FL","tz":"America/New_York","ref":"8723178"}},{"type":"Feature","id":"8667146","geometry":{"type":"Point","coordinates":[-80.91,32.5617]},"properties":{"id":"8667146","name":"North Dawson Landing, Coosawhatchie River","type":"subordinate","region":"SC","tz":"America/New_York","ref":"8670870"}},{"type":"Feature","id":"8726364","geometry":{"type":"Point","coordinates":[-82.7267,27.615]},"properties":{"id":"8726364","name":"Mullet Key Channel (Skyway)","type":"reference","region":"FL","tz":"America/New_York","gt_m":0.635}},{"type":"Feature","id":"9452437","geometry":{"type":"Point","coordinates":[-135.447,58.4167]},"properties":{"id":"9452437","name":"Excursion Inlet Entrance","type":"subordinate","region":"AK","tz":"America/Juneau","ref":"9452634"}},{"type":"Feature","id":"8726486","geometry":{"type":"Point","coordinates":[-82.7067,27.7367]},"properties":{"id":"8726486","name":"Gulfport","type":"subordinate","region":"FL","tz":"America/New_York","ref":"8726520"}},{"type":"Feature","id":"8444525","geometry":{"type":"Point","coordinates":[-70.9533,42.28]},"properties":{"id":"8444525","name":"Nut Island, Quincy Bay","type":"reference","region":"MA","tz":"America/New_York","gt_m":3.113}},{"type":"Feature","id":"9468039","geometry":{"type":"Point","coordinates":[-168.967,63.3167]},"properties":{"id":"9468039","name":"Northeast Cape","type":"reference","region":"AK","tz":"America/Nome","gt_m":0.75}},{"type":"Feature","id":"8537889","geometry":{"type":"Point","coordinates":[-75.415,39.5483]},"properties":{"id":"8537889","name":"Quinton","type":"subordinate","region":"NJ","tz":"America/New_York","ref":"8551910"}},{"type":"Feature","id":"8514322","geometry":{"type":"Point","coordinates":[-73,40.75]},"properties":{"id":"8514322","name":"Patchogue","type":"reference","region":"NY","tz":"America/New_York","gt_m":0.418}},{"type":"Feature","id":"9449424","geometry":{"type":"Point","coordinates":[-122.758583,48.862717]},"properties":{"id":"9449424","name":"CHERRY POINT","type":"reference","region":"WA","tz":"America/Los_Angeles","gt_m":2.788}},{"type":"Feature","id":"TWC2067","geometry":{"type":"Point","coordinates":[-153.55,57.783333]},"properties":{"id":"TWC2067","name":"Village Islands","type":"subordinate","region":"AK","tz":"America/Anchorage","ref":"9455500"}},{"type":"Feature","id":"8767961","geometry":{"type":"Point","coordinates":[-93.300697,30.1903]},"properties":{"id":"8767961","name":"Calcasieu Ship Channel, Bulk Terminal","type":"reference","region":"LA","tz":"America/Chicago","gt_m":0.409}},{"type":"Feature","id":"9447856","geometry":{"type":"Point","coordinates":[-122.377,48.035]},"properties":{"id":"9447856","name":"Sandy Point, Whidbey Island","type":"subordinate","region":"WA","tz":"America/Los_Angeles","ref":"9447130"}},{"type":"Feature","id":"8636522","geometry":{"type":"Point","coordinates":[-76.575,37.65]},"properties":{"id":"8636522","name":"Urbanna","type":"subordinate","region":"VA","tz":"America/New_York","ref":"8638610"}},{"type":"Feature","id":"8723467","geometry":{"type":"Point","coordinates":[-80.2567,25.3783]},"properties":{"id":"8723467","name":"Totten Key, west side, Biscayne Bay","type":"subordinate","region":"FL","tz":"America/New_York","ref":"8723178"}},{"type":"Feature","id":"8729511","geometry":{"type":"Point","coordinates":[-86.5133,30.395]},"properties":{"id":"8729511","name":"East Pass (Destin)","type":"subordinate","region":"FL","tz":"America/Chicago","ref":"8729840"}},{"type":"Feature","id":"9462971","geometry":{"type":"Point","coordinates":[-163.267,54.71]},"properties":{"id":"9462971","name":"Dora Harbor","type":"subordinate","region":"AK","tz":"America/Nome","ref":"9459450"}},{"type":"Feature","id":"8673875","geometry":{"type":"Point","coordinates":[-81.305,31.65]},"properties":{"id":"8673875","name":"Eagle Neck, South Newport River","type":"subordinate","region":"GA","tz":"America/New_York","ref":"8670870"}},{"type":"Feature","id":"8414888","geometry":{"type":"Point","coordinates":[-68.8867,44.1567]},"properties":{"id":"8414888","name":"Pulpit Harbor, North Haven Island","type":"reference","region":"ME","tz":"America/New_York","gt_m":3.245}},{"type":"Feature","id":"8666652","geometry":{"type":"Point","coordinates":[-79.945,32.6617]},"properties":{"id":"8666652","name":"Folly River Bridge, Folly Island","type":"subordinate","region":"SC","tz":"America/New_York","ref":"8665530"}},{"type":"Feature","id":"8637624","geometry":{"type":"Point","coordinates":[-76.5,37.2467]},"properties":{"id":"8637624","name":"Gloucester Point","type":"reference","region":"VA","tz":"America/New_York","gt_m":0.82}},{"type":"Feature","id":"TWC0547","geometry":{"type":"Point","coordinates":[-122.2,37.666667]},"properties":{"id":"TWC0547","name":"Roberts Landing, 1.3 miles west of","type":"subordinate","region":"CA","tz":"America/Los_Angeles","ref":"9414290"}},{"type":"Feature","id":"8416141","geometry":{"type":"Point","coordinates":[-69.3417,43.97]},"properties":{"id":"8416141","name":"Friendship Harbor","type":"subordinate","region":"ME","tz":"America/New_York","ref":"8418150"}},{"type":"Feature","id":"TEC3399","geometry":{"type":"Point","coordinates":[-80.85,31.983333]},"properties":{"id":"TEC3399","name":"Tybee Creek entrance","type":"subordinate","region":"GA","tz":"America/New_York","ref":"8670870"}},{"type":"Feature","id":"8667017","geometry":{"type":"Point","coordinates":[-80.4817,32.6133]},"properties":{"id":"8667017","name":"Brickyard Ferry, swing bridge","type":"subordinate","region":"SC","tz":"America/New_York","ref":"8670870"}},{"type":"Feature","id":"8723178","geometry":{"type":"Point","coordinates":[-80.13,25.7633]},"properties":{"id":"8723178","name":"GOVERNMENT CUT, MIAMI HARBOR ENTRANCE","type":"reference","region":"FL","tz":"America/New_York","gt_m":0.762}},{"type":"Feature","id":"9445088","geometry":{"type":"Point","coordinates":[-122.657,47.815]},"properties":{"id":"9445088","name":"Lofall","type":"subordinate","region":"WA","tz":"America/Los_Angeles","ref":"9447130"}},{"type":"Feature","id":"8662926","geometry":{"type":"Point","coordinates":[-79.279999,33.361698]},"properties":{"id":"8662926","name":"Georgetown, Sampit River Ent.","type":"reference","region":"SC","tz":"America/New_York","gt_m":1.29}},{"type":"Feature","id":"8724698","geometry":{"type":"Point","coordinates":[-82.92,24.6317]},"properties":{"id":"8724698","name":"Loggerhead Key, Dry Tortugas","type":"reference","region":"FL","tz":"America/New_York","gt_m":0.509}},{"type":"Feature","id":"9457724","geometry":{"type":"Point","coordinates":[-153.99,57.5333]},"properties":{"id":"9457724","name":"Larsen Bay","type":"reference","region":"AK","tz":"America/Anchorage","gt_m":4.189}},{"type":"Feature","id":"9454157","geometry":{"type":"Point","coordinates":[-146.085,60.71]},"properties":{"id":"9454157","name":"Comfort Cove, Port Gravina","type":"subordinate","region":"AK","tz":"America/Anchorage","ref":"9454050"}},{"type":"Feature","id":"9454814","geometry":{"type":"Point","coordinates":[-148.227,59.9383]},"properties":{"id":"9454814","name":"Point Elrington, Elrington Island","type":"reference","region":"AK","tz":"America/Anchorage","gt_m":3.301}},{"type":"Feature","id":"8728690","geometry":{"type":"Point","coordinates":[-84.980556,29.724444]},"properties":{"id":"8728690","name":"APALACHICOLA","type":"reference","region":"FL","tz":"America/New_York","gt_m":0.492}},{"type":"Feature","id":"8676787","geometry":{"type":"Point","coordinates":[-81.5833,31.215]},"properties":{"id":"8676787","name":"Buffalo River entrance","type":"subordinate","region":"GA","tz":"America/New_York","ref":"8670870"}},{"type":"Feature","id":"8661559","geometry":{"type":"Point","coordinates":[-79.045,33.545]},"properties":{"id":"8661559","name":"Smith's Dock","type":"subordinate","region":"SC","tz":"America/New_York","ref":"8661070"}},{"type":"Feature","id":"9454805","geometry":{"type":"Point","coordinates":[-148.195,60.0767]},"properties":{"id":"9454805","name":"Hogg Bay, Port Bainbridge","type":"subordinate","region":"AK","tz":"America/Anchorage","ref":"9454050"}},{"type":"Feature","id":"TWC2077","geometry":{"type":"Point","coordinates":[-153.033333,57.95]},"properties":{"id":"TWC2077","name":"Dry Spruce Island","type":"subordinate","region":"AK","tz":"America/Anchorage","ref":"9455500"}},{"type":"Feature","id":"9469338","geometry":{"type":"Point","coordinates":[-167.145,65.39]},"properties":{"id":"9469338","name":"Lost River, Seward Peninsula","type":"reference","region":"AK","tz":"America/Nome","gt_m":0.333}},{"type":"Feature","id":"9451798","geometry":{"type":"Point","coordinates":[-133.182999,57.325001]},"properties":{"id":"9451798","name":"Port Houghton (Inside)","type":"reference","region":"AK","tz":"America/Juneau","gt_m":4.631}},{"type":"Feature","id":"8540433","geometry":{"type":"Point","coordinates":[-75.4095,39.811806]},"properties":{"id":"8540433","name":"Marcus Hook, Pa.","type":"reference","region":"PA","tz":"America/New_York","gt_m":1.88}},{"type":"Feature","id":"8516055","geometry":{"type":"Point","coordinates":[-73.4683,40.6667]},"properties":{"id":"8516055","name":"Biltmore Shores, South Oyster Bay","type":"subordinate","region":"NY","tz":"America/New_York","ref":"8531680"}},{"type":"Feature","id":"8537374","geometry":{"type":"Point","coordinates":[-75.35,39.3833]},"properties":{"id":"8537374","name":"Greenwich Pier, Cohansey River","type":"subordinate","region":"NJ","tz":"America/New_York","ref":"8551910"}},{"type":"Feature","id":"9415320","geometry":{"type":"Point","coordinates":[-122.883,38.1467]},"properties":{"id":"9415320","name":"Reynolds, Tomales Bay","type":"subordinate","region":"CA","tz":"America/Los_Angeles","ref":"9414290"}},{"type":"Feature","id":"8678466","geometry":{"type":"Point","coordinates":[-81.655,30.9633]},"properties":{"id":"8678466","name":"Ceylon","type":"subordinate","region":"GA","tz":"America/New_York","ref":"8720030"}},{"type":"Feature","id":"8667089","geometry":{"type":"Point","coordinates":[-80.195,32.5983]},"properties":{"id":"8667089","name":"Rockville, Bohicket Creek","type":"subordinate","region":"SC","tz":"America/New_York","ref":"8665530"}},{"type":"Feature","id":"8416028","geometry":{"type":"Point","coordinates":[-69.295,43.8717]},"properties":{"id":"8416028","name":"Burnt Island, Georges Islands","type":"subordinate","region":"ME","tz":"America/New_York","ref":"8418150"}},{"type":"Feature","id":"9459758","geometry":{"type":"Point","coordinates":[-161.792007,55.1217]},"properties":{"id":"9459758","name":"Dolgoi Harbor, Dolgoi Island","type":"reference","region":"AK","tz":"America/Anchorage","gt_m":2.067}},{"type":"Feature","id":"8723156","geometry":{"type":"Point","coordinates":[-80.1633,25.7933]},"properties":{"id":"8723156","name":"San Marino Island","type":"subordinate","region":"FL","tz":"America/New_York","ref":"8723178"}},{"type":"Feature","id":"9451148","geometry":{"type":"Point","coordinates":[-133.883,56.3883]},"properties":{"id":"9451148","name":"Reid Bay","type":"subordinate","region":"AK","tz":"America/Sitka","ref":"9451600"}},{"type":"Feature","id":"9449834","geometry":{"type":"Point","coordinates":[-123.155,48.61]},"properties":{"id":"9449834","name":"Roche Harbor, San Juan Island","type":"subordinate","region":"WA","tz":"America/Los_Angeles","ref":"9444900"}},{"type":"Feature","id":"9410230","geometry":{"type":"Point","coordinates":[-117.257139,32.866889]},"properties":{"id":"9410230","name":"La Jolla (Scripps Institution Wharf)","type":"reference","region":"CA","tz":"America/Los_Angeles","gt_m":1.624}},{"type":"Feature","id":"8652659","geometry":{"type":"Point","coordinates":[-75.5383,35.7733]},"properties":{"id":"8652659","name":"Oregon Inlet Bridge","type":"subordinate","region":"NC","tz":"America/New_York","ref":"8652587"}},{"type":"Feature","id":"8743081","geometry":{"type":"Point","coordinates":[-88.7733,30.3867]},"properties":{"id":"8743081","name":"Hollingsworth Point, Davis Bayou","type":"subordinate","region":"MS","tz":"America/Chicago","ref":"8760551"}},{"type":"Feature","id":"8722654","geometry":{"type":"Point","coordinates":[-80.045,26.645]},"properties":{"id":"8722654","name":"West Palm Beach Canal","type":"subordinate","region":"FL","tz":"America/New_York","ref":"8723178"}},{"type":"Feature","id":"8461392","geometry":{"type":"Point","coordinates":[-72.0783,41.5233]},"properties":{"id":"8461392","name":"Norwich","type":"subordinate","region":"CT","tz":"America/New_York","ref":"8461490"}},{"type":"Feature","id":"8723797","geometry":{"type":"Point","coordinates":[-80.61,24.9383]},"properties":{"id":"8723797","name":"Whale Harbor Channel, Hwy. 1 bridge, Windley Key","type":"subordinate","region":"FL","tz":"America/New_York","ref":"8723178"}},{"type":"Feature","id":"8468191","geometry":{"type":"Point","coordinates":[-73.368301,41.119999]},"properties":{"id":"8468191","name":"SAUGATUCK, SAUGATUCK RIVER","type":"reference","region":"CT","tz":"America/New_York","gt_m":2.309}},{"type":"Feature","id":"8764634","geometry":{"type":"Point","coordinates":[-91.555,29.5183]},"properties":{"id":"8764634","name":"Point Chevreuil","type":"subordinate","region":"LA","tz":"America/Chicago","ref":"8771450"}},{"type":"Feature","id":"8663781","geometry":{"type":"Point","coordinates":[-79.88,33.055]},"properties":{"id":"8663781","name":"Blessing Plantation, East Branch","type":"subordinate","region":"SC","tz":"America/New_York","ref":"8665530"}},{"type":"Feature","id":"9450142","geometry":{"type":"Point","coordinates":[-131.3,54.8767]},"properties":{"id":"9450142","name":"Kelp Island Passage, Duke Island","type":"subordinate","region":"AK","tz":"America/Sitka","ref":"9450460"}},{"type":"Feature","id":"8518962","geometry":{"type":"Point","coordinates":[-73.939201,42.013901]},"properties":{"id":"8518962","name":"TURKEY POINT, HUDSON RIVER","type":"reference","region":"NY","tz":"America/New_York","gt_m":1.32}},{"type":"Feature","id":"8664945","geometry":{"type":"Point","coordinates":[-79.9383,32.86]},"properties":{"id":"8664945","name":"Clouter Creek, south entrance","type":"subordinate","region":"SC","tz":"America/New_York","ref":"8665530"}},{"type":"Feature","id":"9463058","geometry":{"type":"Point","coordinates":[-162.9,55.27]},"properties":{"id":"9463058","name":"Grant Point, Izembek Lagoon","type":"subordinate","region":"AK","tz":"America/Nome","ref":"9462620"}},{"type":"Feature","id":"9410166","geometry":{"type":"Point","coordinates":[-117.235,32.7033]},"properties":{"id":"9410166","name":"San Diego, Quarantine Station","type":"subordinate","region":"CA","tz":"America/Los_Angeles","ref":"9410170"}},{"type":"Feature","id":"9452579","geometry":{"type":"Point","coordinates":[-136.087,57.6133]},"properties":{"id":"9452579","name":"Elbow Passage, Klag Bay","type":"subordinate","region":"AK","tz":"America/Sitka","ref":"9452634"}},{"type":"Feature","id":"9414501","geometry":{"type":"Point","coordinates":[-122.193,37.5333]},"properties":{"id":"9414501","name":"Redwood Creek Marker 8","type":"subordinate","region":"CA","tz":"America/Los_Angeles","ref":"9414290"}},{"type":"Feature","id":"9465831","geometry":{"type":"Point","coordinates":[-161.915436,59.750553]},"properties":{"id":"9465831","name":"Quinhagak (Kwinak), Kanektok River","type":"reference","region":"AK","tz":"America/Anchorage","gt_m":3.637}},{"type":"Feature","id":"8555388","geometry":{"type":"Point","coordinates":[-75.3967,39.0583]},"properties":{"id":"8555388","name":"Murderkill River entrance","type":"subordinate","region":"DE","tz":"America/New_York","ref":"8557380"}},{"type":"Feature","id":"8660831","geometry":{"type":"Point","coordinates":[-79.065,33.745]},"properties":{"id":"8660831","name":"Keysfield","type":"subordinate","region":"SC","tz":"America/New_York","ref":"8665530"}},{"type":"Feature","id":"9456901","geometry":{"type":"Point","coordinates":[-154.27,58.29]},"properties":{"id":"9456901","name":"Aguchik Island, Kukak Bay","type":"reference","region":"AK","tz":"America/Anchorage","gt_m":4.193}},{"type":"Feature","id":"8534540","geometry":{"type":"Point","coordinates":[-74.5,39.4233]},"properties":{"id":"8534540","name":"Absecon, Absecon Creek, U.S. Hwy. 30 bridge","type":"subordinate","region":"NJ","tz":"America/New_York","ref":"8534720"}},{"type":"Feature","id":"8577940","geometry":{"type":"Point","coordinates":[-76.3617,38.06]},"properties":{"id":"8577940","name":"Cornfield Harbor, Md.","type":"subordinate","region":"MD","tz":"America/New_York","ref":"8594900"}},{"type":"Feature","id":"8723532","geometry":{"type":"Point","coordinates":[-80.34,25.29]},"properties":{"id":"8723532","name":"Cormorant Point, Key Largo, Card Sound","type":"subordinate","region":"FL","tz":"America/New_York","ref":"8723178"}},{"type":"Feature","id":"9444471","geometry":{"type":"Point","coordinates":[-123.117,48.1667]},"properties":{"id":"9444471","name":"Dungeness","type":"subordinate","region":"WA","tz":"America/Los_Angeles","ref":"9444900"}},{"type":"Feature","id":"9462637","geometry":{"type":"Point","coordinates":[-166.295,53.7367]},"properties":{"id":"9462637","name":"Udagak Strait","type":"subordinate","region":"AK","tz":"America/Nome","ref":"9462620"}},{"type":"Feature","id":"8656539","geometry":{"type":"Point","coordinates":[-76.62,34.7083]},"properties":{"id":"8656539","name":"Lenoxville Point","type":"subordinate","region":"NC","tz":"America/New_York","ref":"8654400"}},{"type":"Feature","id":"8664688","geometry":{"type":"Point","coordinates":[-79.935,32.9067]},"properties":{"id":"8664688","name":"Clouter Creek, north entrance","type":"subordinate","region":"SC","tz":"America/New_York","ref":"8665530"}},{"type":"Feature","id":"8417821","geometry":{"type":"Point","coordinates":[-70.11,43.695]},"properties":{"id":"8417821","name":"Cliff Island, Luckse Sound","type":"subordinate","region":"ME","tz":"America/New_York","ref":"8418150"}},{"type":"Feature","id":"8441551","geometry":{"type":"Point","coordinates":[-70.615,42.6583]},"properties":{"id":"8441551","name":"Rockport","type":"reference","region":"MA","tz":"America/New_York","gt_m":2.884}},{"type":"Feature","id":"8722957","geometry":{"type":"Point","coordinates":[-80.1117,26.08]},"properties":{"id":"8722957","name":"Whiskey Creek, north end","type":"subordinate","region":"FL","tz":"America/New_York","ref":"8723178"}},{"type":"Feature","id":"8762850","geometry":{"type":"Point","coordinates":[-90.5867,29.0783]},"properties":{"id":"8762850","name":"Wine Island, Terrebonne Bay","type":"subordinate","region":"LA","tz":"America/Chicago","ref":"8761724"}},{"type":"Feature","id":"8469549","geometry":{"type":"Point","coordinates":[-73.5967,41.0167]},"properties":{"id":"8469549","name":"Cos Cob Harbor","type":"subordinate","region":"CT","tz":"America/New_York","ref":"8467150"}},{"type":"Feature","id":"8665567","geometry":{"type":"Point","coordinates":[-79.8417,32.7733]},"properties":{"id":"8665567","name":"Ben Sawyer Bridge, ICWW","type":"subordinate","region":"SC","tz":"America/New_York","ref":"8665530"}},{"type":"Feature","id":"9415625","geometry":{"type":"Point","coordinates":[-123.055,38.3083]},"properties":{"id":"9415625","name":"Bodega Harbor entrance","type":"subordinate","region":"CA","tz":"America/Los_Angeles","ref":"9414290"}},{"type":"Feature","id":"8722429","geometry":{"type":"Point","coordinates":[-80.1233,27.065]},"properties":{"id":"8722429","name":"Hobe Sound bridge","type":"subordinate","region":"FL","tz":"America/New_York","ref":"8723178"}},{"type":"Feature","id":"9451349","geometry":{"type":"Point","coordinates":[-133.736908,56.682422]},"properties":{"id":"9451349","name":"The Summit","type":"reference","region":"AK","tz":"America/Sitka","gt_m":4.629}},{"type":"Feature","id":"9418851","geometry":{"type":"Point","coordinates":[-124.117,40.85]},"properties":{"id":"9418851","name":"Arcata Wharf","type":"subordinate","region":"CA","tz":"America/Los_Angeles","ref":"9418767"}},{"type":"Feature","id":"8538875","geometry":{"type":"Point","coordinates":[-75.0083,40.0133]},"properties":{"id":"8538875","name":"Pompeston Creek, N.J.","type":"subordinate","region":"NJ","tz":"America/New_York","ref":"8545240"}},{"type":"Feature","id":"8720213","geometry":{"type":"Point","coordinates":[-81.7283,30.42]},"properties":{"id":"8720213","name":"Sherwood Forest","type":"reference","region":"FL","tz":"America/New_York","gt_m":0.869}},{"type":"Feature","id":"8571485","geometry":{"type":"Point","coordinates":[-75.7883,38.2683]},"properties":{"id":"8571485","name":"Whitehaven","type":"subordinate","region":"MD","tz":"America/New_York","ref":"8638863"}},{"type":"Feature","id":"8667633","geometry":{"type":"Point","coordinates":[-80.7841,32.5025]},"properties":{"id":"8667633","name":"Corning Landing, Whale Branch","type":"reference","region":"SC","tz":"America/New_York","gt_m":2.621}},{"type":"Feature","id":"8771074","geometry":{"type":"Point","coordinates":[-93.635002,29.347]},"properties":{"id":"8771074","name":"Fieldwood WC-289 Platform","type":"reference","region":"LA","tz":"Etc/GMT+6","gt_m":0.676}},{"type":"Feature","id":"8771013","geometry":{"type":"Point","coordinates":[-94.917253,29.481306]},"properties":{"id":"8771013","name":"Eagle Point","type":"reference","region":"TX","tz":"America/Chicago","gt_m":0.341}},{"type":"Feature","id":"8671315","geometry":{"type":"Point","coordinates":[-81.011703,31.963301]},"properties":{"id":"8671315","name":"Priest Landing, Wilmington River","type":"reference","region":"GA","tz":"America/New_York","gt_m":2.41}},{"type":"Feature","id":"8550658","geometry":{"type":"Point","coordinates":[-75.56,39.725]},"properties":{"id":"8550658","name":"Millside, RR. bridge","type":"subordinate","region":"DE","tz":"America/New_York","ref":"8551910"}},{"type":"Feature","id":"8661067","geometry":{"type":"Point","coordinates":[-79.0633,33.6667]},"properties":{"id":"8661067","name":"Enterprise Landing","type":"subordinate","region":"SC","tz":"America/New_York","ref":"8665530"}},{"type":"Feature","id":"8729753","geometry":{"type":"Point","coordinates":[-87.028297,30.6367]},"properties":{"id":"8729753","name":"Hawkins Rec. Park, Blackwater River","type":"reference","region":"FL","tz":"America/Chicago","gt_m":0.505}},{"type":"Feature","id":"9415176","geometry":{"type":"Point","coordinates":[-121.848,38.0733]},"properties":{"id":"9415176","name":"Collinsville","type":"subordinate","region":"CA","tz":"America/Los_Angeles","ref":"9415144"}},{"type":"Feature","id":"9449292","geometry":{"type":"Point","coordinates":[-122.708,48.79]},"properties":{"id":"9449292","name":"Sandy Point, Lummi Bay","type":"subordinate","region":"WA","tz":"America/Los_Angeles","ref":"9444900"}},{"type":"Feature","id":"8571773","geometry":{"type":"Point","coordinates":[-75.818333,38.48333]},"properties":{"id":"8571773","name":"Vienna","type":"reference","region":"MD","tz":"America/New_York","gt_m":0.751}},{"type":"Feature","id":"8727336","geometry":{"type":"Point","coordinates":[-82.635,28.8817]},"properties":{"id":"8727336","name":"Dixie Bay, Salt River, Crystal Bay","type":"reference","region":"FL","tz":"America/New_York","gt_m":0.662}},{"type":"Feature","id":"8659086","geometry":{"type":"Point","coordinates":[-78.0167,33.8967]},"properties":{"id":"8659086","name":"Fort Caswell","type":"subordinate","region":"NC","tz":"America/New_York","ref":"8658120"}},{"type":"Feature","id":"9465056","geometry":{"type":"Point","coordinates":[-158.712,58.5]},"properties":{"id":"9465056","name":"Protection Point","type":"reference","region":"AK","tz":"America/Anchorage","gt_m":5.404}},{"type":"Feature","id":"8667972","geometry":{"type":"Point","coordinates":[-80.5333,32.4467]},"properties":{"id":"8667972","name":"Edding Point, Edding Creek","type":"subordinate","region":"SC","tz":"America/New_York","ref":"8670870"}},{"type":"Feature","id":"TEC4525","geometry":{"type":"Point","coordinates":[-94.483333,29.516667]},"properties":{"id":"TEC4525","name":"Gilchrist, East Bay","type":"subordinate","region":"TX","tz":"America/Chicago","ref":"8771450"}},{"type":"Feature","id":"8723087","geometry":{"type":"Point","coordinates":[-80.13,25.9283]},"properties":{"id":"8723087","name":"Sunny Isles, Biscayne Creek","type":"subordinate","region":"FL","tz":"America/New_York","ref":"8723178"}},{"type":"Feature","id":"8634892","geometry":{"type":"Point","coordinates":[-77.0533,38.3983]},"properties":{"id":"8634892","name":"Mathias Point, Va.","type":"subordinate","region":"VA","tz":"America/New_York","ref":"8594900"}},{"type":"Feature","id":"TWC2307","geometry":{"type":"Point","coordinates":[177.550003,51.983299]},"properties":{"id":"TWC2307","name":"Kiska Harbor, Kiska Island","type":"subordinate","region":null,"tz":"America/Adak","ref":"9461380"}},{"type":"Feature","id":"9454153","geometry":{"type":"Point","coordinates":[-146.084595,60.766701]},"properties":{"id":"9454153","name":"Gravina River","type":"reference","region":"AK","tz":"America/Anchorage","gt_m":3.669}},{"type":"Feature","id":"8724257","geometry":{"type":"Point","coordinates":[-81.4283,24.7583]},"properties":{"id":"8724257","name":"Howe Key, northwest end","type":"subordinate","region":"FL","tz":"America/New_York","ref":"8724580"}},{"type":"Feature","id":"8727277","geometry":{"type":"Point","coordinates":[-82.695,28.7717]},"properties":{"id":"8727277","name":"Tuckers Island, Homosassa River","type":"reference","region":"FL","tz":"America/New_York","gt_m":0.583}},{"type":"Feature","id":"8724991","geometry":{"type":"Point","coordinates":[-81.7283,25.9717]},"properties":{"id":"8724991","name":"Marco, Big Marco River","type":"reference","region":"FL","tz":"America/New_York","gt_m":0.846}},{"type":"Feature","id":"8728886","geometry":{"type":"Point","coordinates":[-85.270599,29.8668]},"properties":{"id":"8728886","name":"White City, Gulf County Canal","type":"reference","region":"FL","tz":"America/New_York","gt_m":0.344}},{"type":"Feature","id":"8738043","geometry":{"type":"Point","coordinates":[-88.1586,30.3766]},"properties":{"id":"8738043","name":"West Fowl River, Hwy 188 bridge","type":"reference","region":"AL","tz":"America/Chicago","gt_m":0.513}},{"type":"Feature","id":"9447985","geometry":{"type":"Point","coordinates":[-122.837,48.3167]},"properties":{"id":"9447985","name":"Smith Island","type":"subordinate","region":"WA","tz":"America/Los_Angeles","ref":"9444900"}},{"type":"Feature","id":"8571944","geometry":{"type":"Point","coordinates":[-75.9983,38.7567]},"properties":{"id":"8571944","name":"Dover Bridge","type":"subordinate","region":"MD","tz":"America/New_York","ref":"8574680"}},{"type":"Feature","id":"8638450","geometry":{"type":"Point","coordinates":[-76.9433,37.24]},"properties":{"id":"8638450","name":"Tettington, James River","type":"reference","region":"VA","tz":"America/New_York","gt_m":0.672}},{"type":"Feature","id":"9419945","geometry":{"type":"Point","coordinates":[-124.200917,41.94525]},"properties":{"id":"9419945","name":"Pyramid Point, Smith River","type":"reference","region":"CA","tz":"America/Los_Angeles","gt_m":1.954}},{"type":"Feature","id":"8724947","geometry":{"type":"Point","coordinates":[-81.675,25.8533]},"properties":{"id":"8724947","name":"Cape Romano","type":"subordinate","region":"FL","tz":"America/New_York","ref":"8725110"}},{"type":"Feature","id":"TWC0419","geometry":{"type":"Point","coordinates":[-117.616667,33.416667]},"properties":{"id":"TWC0419","name":"San Clemente","type":"subordinate","region":"CA","tz":"America/Los_Angeles","ref":"9410170"}},{"type":"Feature","id":"8519050","geometry":{"type":"Point","coordinates":[-74.059861,40.612]},"properties":{"id":"8519050","name":"USCG Station NY","type":"reference","region":"NY","tz":"America/New_York","gt_m":1.519}},{"type":"Feature","id":"8518621","geometry":{"type":"Point","coordinates":[-73.8733,40.8]},"properties":{"id":"8518621","name":"Hunts Point","type":"subordinate","region":"NY","tz":"America/New_York","ref":"8516945"}},{"type":"Feature","id":"1612376","geometry":{"type":"Point","coordinates":[-157.693,21.335]},"properties":{"id":"1612376","name":"Waimanalo","type":"subordinate","region":"HI","tz":"Pacific/Honolulu","ref":"1612480"}},{"type":"Feature","id":"8533982","geometry":{"type":"Point","coordinates":[-74.27,39.6567]},"properties":{"id":"8533982","name":"Dinner Point Creek, upper end","type":"subordinate","region":"NJ","tz":"America/New_York","ref":"8531680"}},{"type":"Feature","id":"8533935","geometry":{"type":"Point","coordinates":[-74.185,39.6533]},"properties":{"id":"8533935","name":"Manahawkin Drawbridge","type":"subordinate","region":"NJ","tz":"America/New_York","ref":"8531680"}},{"type":"Feature","id":"8463701","geometry":{"type":"Point","coordinates":[-72.5317,41.2683]},"properties":{"id":"8463701","name":"Clinton Harbor","type":"reference","region":"CT","tz":"America/New_York","gt_m":1.553}},{"type":"Feature","id":"8464041","geometry":{"type":"Point","coordinates":[-72.59,41.27]},"properties":{"id":"8464041","name":"Madison","type":"subordinate","region":"CT","tz":"America/New_York","ref":"8467150"}},{"type":"Feature","id":"9415143","geometry":{"type":"Point","coordinates":[-122.223,38.0583]},"properties":{"id":"9415143","name":"Crockett","type":"reference","region":"CA","tz":"America/Los_Angeles","gt_m":1.812}},{"type":"Feature","id":"8454000","geometry":{"type":"Point","coordinates":[-71.400667,41.807167]},"properties":{"id":"8454000","name":"Providence, State Pier no.1","type":"reference","region":"RI","tz":"America/New_York","gt_m":1.476}},{"type":"Feature","id":"8447939","geometry":{"type":"Point","coordinates":[-70.665,41.52]},"properties":{"id":"8447939","name":"Little Harbor","type":"subordinate","region":"MA","tz":"America/New_York","ref":"8452660"}},{"type":"Feature","id":"9452067","geometry":{"type":"Point","coordinates":[-133.603,57.76]},"properties":{"id":"9452067","name":"Holkham Bay, Tracy Arm Entrance","type":"subordinate","region":"AK","tz":"America/Juneau","ref":"9452210"}},{"type":"Feature","id":"8659899","geometry":{"type":"Point","coordinates":[-78.51,33.881667]},"properties":{"id":"8659899","name":"Sunset Beach Bridge","type":"subordinate","region":"NC","tz":"America/New_York","ref":"8661070"}},{"type":"Feature","id":"8770613","geometry":{"type":"Point","coordinates":[-94.985,29.681667]},"properties":{"id":"8770613","name":"Morgans Point, Barbours Cut","type":"reference","region":"TX","tz":"America/Chicago","gt_m":0.406}},{"type":"Feature","id":"8659665","geometry":{"type":"Point","coordinates":[-78.373299,33.915001]},"properties":{"id":"8659665","name":"Bowen Point, Shallotte Inlet","type":"reference","region":"NC","tz":"America/New_York","gt_m":1.453}},{"type":"Feature","id":"8722607","geometry":{"type":"Point","coordinates":[-80.0417,26.7333]},"properties":{"id":"8722607","name":"Palm Beach","type":"subordinate","region":"FL","tz":"America/New_York","ref":"8723178"}},{"type":"Feature","id":"8722381","geometry":{"type":"Point","coordinates":[-80.1717,27.155]},"properties":{"id":"8722381","name":"Great Pocket","type":"subordinate","region":"FL","tz":"America/New_York","ref":"8723178"}},{"type":"Feature","id":"9463502","geometry":{"type":"Point","coordinates":[-160.573611,55.985833]},"properties":{"id":"9463502","name":"Port Moller","type":"reference","region":"AK","tz":"America/Anchorage","gt_m":3.196}},{"type":"Feature","id":"9450623","geometry":{"type":"Point","coordinates":[-132.95,55.6]},"properties":{"id":"9450623","name":"Big Salt Lake","type":"reference","region":"AK","tz":"America/Sitka"}},{"type":"Feature","id":"8726083","geometry":{"type":"Point","coordinates":[-82.545,27.3317]},"properties":{"id":"8726083","name":"Sarasota, Sarasota Bay","type":"subordinate","region":"FL","tz":"America/New_York","ref":"8726520"}},{"type":"Feature","id":"8723747","geometry":{"type":"Point","coordinates":[-80.5167,25.005]},"properties":{"id":"8723747","name":"Tavernier Harbor, Hawk Channel","type":"subordinate","region":"FL","tz":"America/New_York","ref":"8723178"}},{"type":"Feature","id":"8453611","geometry":{"type":"Point","coordinates":[-71.38,41.8683]},"properties":{"id":"8453611","name":"Pawtucket, Seekonk River","type":"subordinate","region":"RI","tz":"America/New_York","ref":"8452660"}},{"type":"Feature","id":"8723812","geometry":{"type":"Point","coordinates":[-80.66,24.9133]},"properties":{"id":"8723812","name":"Shell Key Channel, Florida Bay","type":"subordinate","region":"FL","tz":"America/New_York","ref":"8724580"}},{"type":"Feature","id":"8658741","geometry":{"type":"Point","coordinates":[-77.9517,33.95]},"properties":{"id":"8658741","name":"Zekes Island","type":"reference","region":"NC","tz":"America/New_York","gt_m":1.393}},{"type":"Feature","id":"8771165","geometry":{"type":"Point","coordinates":[-94.710403,29.431101]},"properties":{"id":"8771165","name":"Sievers Cove, Goat Island","type":"reference","region":"TX","tz":"America/Chicago","gt_m":0.353}},{"type":"Feature","id":"8517401","geometry":{"type":"Point","coordinates":[-73.9217,40.7867]},"properties":{"id":"8517401","name":"Hell Gate, Wards Island","type":"subordinate","region":"NY","tz":"America/New_York","ref":"8518750"}},{"type":"Feature","id":"9451287","geometry":{"type":"Point","coordinates":[-132.987,56.595]},"properties":{"id":"9451287","name":"Beecher Pass","type":"reference","region":"AK","tz":"America/Sitka","gt_m":4.716}},{"type":"Feature","id":"8518091","geometry":{"type":"Point","coordinates":[-73.6717,40.9617]},"properties":{"id":"8518091","name":"Rye Beach","type":"reference","region":"NY","tz":"America/New_York","gt_m":2.405}},{"type":"Feature","id":"9447855","geometry":{"type":"Point","coordinates":[-122.535,48.0267]},"properties":{"id":"9447855","name":"Holly Farms Harbor, Holmes Harbor, Whidbey I.","type":"subordinate","region":"WA","tz":"America/Los_Angeles","ref":"9447130"}},{"type":"Feature","id":"TWC0509","geometry":{"type":"Point","coordinates":[-122.633333,37.766667]},"properties":{"id":"TWC0509","name":"San Francisco Bar","type":"subordinate","region":"CA","tz":"America/Los_Angeles","ref":"9414290"}},{"type":"Feature","id":"8723769","geometry":{"type":"Point","coordinates":[-80.55,24.9733]},"properties":{"id":"8723769","name":"Plantation Key, Hawk Channel","type":"subordinate","region":"FL","tz":"America/New_York","ref":"8723178"}},{"type":"Feature","id":"8410715","geometry":{"type":"Point","coordinates":[-67.13,44.9233]},"properties":{"id":"8410715","name":"Garnet Point, Pennamquan River","type":"reference","region":"ME","tz":"America/New_York","gt_m":6.142}},{"type":"Feature","id":"8414612","geometry":{"type":"Point","coordinates":[-68.7667,44.785]},"properties":{"id":"8414612","name":"Bangor","type":"reference","region":"ME","tz":"America/New_York","gt_m":4.347}},{"type":"Feature","id":"8465692","geometry":{"type":"Point","coordinates":[-72.905,41.2517]},"properties":{"id":"8465692","name":"Lighthouse Point, New Haven Harbor","type":"subordinate","region":"CT","tz":"America/New_York","ref":"8467150"}},{"type":"Feature","id":"8552125","geometry":{"type":"Point","coordinates":[-75.7333,39.5333]},"properties":{"id":"8552125","name":"Summit Bridge, Delaware","type":"subordinate","region":"MD","tz":"America/New_York","ref":"8551910"}},{"type":"Feature","id":"8673171","geometry":{"type":"Point","coordinates":[-81.1417,31.723028]},"properties":{"id":"8673171","name":"Bear River Entrance","type":"reference","region":"GA","tz":"America/New_York","gt_m":2.288}},{"type":"Feature","id":"TWC2311","geometry":{"type":"Point","coordinates":[173.616699,52.366699]},"properties":{"id":"TWC2311","name":"Otkriti Bay, Agattu Island","type":"subordinate","region":null,"tz":"America/Adak","ref":"9460150"}},{"type":"Feature","id":"8516411","geometry":{"type":"Point","coordinates":[-73.5867,40.6333]},"properties":{"id":"8516411","name":"Freeport, Baldwin Bay","type":"subordinate","region":"NY","tz":"America/New_York","ref":"8531680"}},{"type":"Feature","id":"8638407","geometry":{"type":"Point","coordinates":[-76.525,37.0817]},"properties":{"id":"8638407","name":"Menchville","type":"subordinate","region":"VA","tz":"America/New_York","ref":"8638610"}},{"type":"Feature","id":"9454757","geometry":{"type":"Point","coordinates":[-148.045,60.4617]},"properties":{"id":"9454757","name":"Eshamy Lagoon","type":"subordinate","region":"AK","tz":"America/Anchorage","ref":"9454050"}},{"type":"Feature","id":"8637199","geometry":{"type":"Point","coordinates":[-76.3467,37.3733]},"properties":{"id":"8637199","name":"Mobjack, East River","type":"subordinate","region":"VA","tz":"America/New_York","ref":"8638610"}},{"type":"Feature","id":"8747766","geometry":{"type":"Point","coordinates":[-89.3667,30.2817]},"properties":{"id":"8747766","name":"Waveland","type":"reference","region":"MS","tz":"America/Chicago","gt_m":0.488}},{"type":"Feature","id":"8516211","geometry":{"type":"Point","coordinates":[-73.52,40.6633]},"properties":{"id":"8516211","name":"Bellmore, Bellmore Creek","type":"subordinate","region":"NY","tz":"America/New_York","ref":"8531680"}},{"type":"Feature","id":"8720954","geometry":{"type":"Point","coordinates":[-81.053299,29.285]},"properties":{"id":"8720954","name":"Ormond Beach, Halifax River","type":"subordinate","region":"FL","tz":"America/New_York","ref":"8720030"}},{"type":"Feature","id":"8726539","geometry":{"type":"Point","coordinates":[-82.4067,27.7833]},"properties":{"id":"8726539","name":"NEWMAN BRANCH","type":"reference","region":"FL","tz":"America/New_York","gt_m":0.795}},{"type":"Feature","id":"8720086","geometry":{"type":"Point","coordinates":[-81.4633,30.5867]},"properties":{"id":"8720086","name":"Amelia City, South Amelia River","type":"subordinate","region":"FL","tz":"America/New_York","ref":"8720030"}},{"type":"Feature","id":"8764227","geometry":{"type":"Point","coordinates":[-91.338097,29.4496]},"properties":{"id":"8764227","name":"LAWMA, Amerada Pass","type":"reference","region":"LA","tz":"America/Chicago","gt_m":0.492}},{"type":"Feature","id":"9415205","geometry":{"type":"Point","coordinates":[-121.885,38.0767]},"properties":{"id":"9415205","name":"Montezuma Slough","type":"subordinate","region":"CA","tz":"America/Los_Angeles","ref":"9415144"}},{"type":"Feature","id":"9442396","geometry":{"type":"Point","coordinates":[-124.635739,47.912836]},"properties":{"id":"9442396","name":"La Push, Quillayute River","type":"reference","region":"WA","tz":"America/Los_Angeles","gt_m":2.596}},{"type":"Feature","id":"TEC3405","geometry":{"type":"Point","coordinates":[-81,32]},"properties":{"id":"TEC3405","name":"Savannah Sheraton Resort Hotel","type":"subordinate","region":"GA","tz":"America/New_York","ref":"8670870"}},{"type":"Feature","id":"8720186","geometry":{"type":"Point","coordinates":[-81.4383,30.44]},"properties":{"id":"8720186","name":"Fort George Island, Fort George River","type":"subordinate","region":"FL","tz":"America/New_York","ref":"8720030"}},{"type":"Feature","id":"8722937","geometry":{"type":"Point","coordinates":[-80.144997,26.118299]},"properties":{"id":"8722937","name":"Fort Lauderdale, Andrews Ave. Bridge","type":"reference","region":"FL","tz":"America/New_York","gt_m":0.696}},{"type":"Feature","id":"8728412","geometry":{"type":"Point","coordinates":[-84.595001,29.8783]},"properties":{"id":"8728412","name":"Lanark, St. George Sound","type":"reference","region":"FL","tz":"America/New_York","gt_m":0.798}},{"type":"Feature","id":"9448772","geometry":{"type":"Point","coordinates":[-122.677,48.5067]},"properties":{"id":"9448772","name":"Ship Harbor, Fidalgo Island","type":"subordinate","region":"WA","tz":"America/Los_Angeles","ref":"9444900"}},{"type":"Feature","id":"8727343","geometry":{"type":"Point","coordinates":[-82.5983,28.8983]},"properties":{"id":"8727343","name":"Kings Bay","type":"reference","region":"FL","tz":"America/New_York","gt_m":0.712}},{"type":"Feature","id":"8722146","geometry":{"type":"Point","coordinates":[-80.3567,27.5933]},"properties":{"id":"8722146","name":"Oslo","type":"subordinate","region":"FL","tz":"America/New_York","ref":"8723178"}},{"type":"Feature","id":"8723571","geometry":{"type":"Point","coordinates":[-80.4,25.24]},"properties":{"id":"8723571","name":"Main Key, Barnes Sound","type":"subordinate","region":"FL","tz":"America/New_York","ref":"8723178"}},{"type":"Feature","id":"9454561","geometry":{"type":"Point","coordinates":[-147.395,60.1267]},"properties":{"id":"9454561","name":"Perch Point","type":"reference","region":"AK","tz":"America/Anchorage","gt_m":3.571}},{"type":"Feature","id":"8666433","geometry":{"type":"Point","coordinates":[-80.2933,32.6683]},"properties":{"id":"8666433","name":"Toogoodoo Creek, 2 mi. above entrance","type":"subordinate","region":"SC","tz":"America/New_York","ref":"8665530"}},{"type":"Feature","id":"9459016","geometry":{"type":"Point","coordinates":[-158.82,55.89]},"properties":{"id":"9459016","name":"Mitrofania Island","type":"reference","region":"AK","tz":"America/Anchorage","gt_m":2.356}},{"type":"Feature","id":"9450581","geometry":{"type":"Point","coordinates":[-132.397,55.535]},"properties":{"id":"9450581","name":"Kasaan","type":"subordinate","region":"AK","tz":"America/Sitka","ref":"9450460"}},{"type":"Feature","id":"9465342","geometry":{"type":"Point","coordinates":[-156.947,58.97]},"properties":{"id":"9465342","name":"Kvichak","type":"subordinate","region":"AK","tz":"America/Anchorage","ref":"9463502"}},{"type":"Feature","id":"TWC2405","geometry":{"type":"Point","coordinates":[-163.383333,63.05]},"properties":{"id":"TWC2405","name":"Apoon Mouth, Yukon River","type":"subordinate","region":"AK","tz":"America/Nome","ref":"9468333"}},{"type":"Feature","id":"9415074","geometry":{"type":"Point","coordinates":[-122.292,38.0233]},"properties":{"id":"9415074","name":"Hercules, Refugio Landing","type":"subordinate","region":"CA","tz":"America/Los_Angeles","ref":"9414290"}},{"type":"Feature","id":"TPT2905","geometry":{"type":"Point","coordinates":[-177.93,-29.25]},"properties":{"id":"TPT2905","name":"Raoul or Sunday Island","type":"subordinate","region":null,"tz":"Pacific/Auckland","ref":"1778000"}},{"type":"Feature","id":"8515764","geometry":{"type":"Point","coordinates":[-73.395,40.62]},"properties":{"id":"8515764","name":"Gilgo Heading","type":"subordinate","region":"NY","tz":"America/New_York","ref":"8531680"}},{"type":"Feature","id":"8722669","geometry":{"type":"Point","coordinates":[-80.0467,26.6133]},"properties":{"id":"8722669","name":"Lake Worth ICW","type":"reference","region":"FL","tz":"America/New_York","gt_m":0.908}},{"type":"Feature","id":"8664841","geometry":{"type":"Point","coordinates":[-80.0833,32.8767]},"properties":{"id":"8664841","name":"Magnolia Gardens","type":"subordinate","region":"SC","tz":"America/New_York","ref":"8665530"}},{"type":"Feature","id":"9450387","geometry":{"type":"Point","coordinates":[-133.043,55.2333]},"properties":{"id":"9450387","name":"Natalia Point","type":"subordinate","region":"AK","tz":"America/Sitka","ref":"9451600"}},{"type":"Feature","id":"8664442","geometry":{"type":"Point","coordinates":[-79.655,32.9367]},"properties":{"id":"8664442","name":"Moores Landing, ICWW, Sewee Bay","type":"subordinate","region":"SC","tz":"America/New_York","ref":"8665530"}},{"type":"Feature","id":"9457527","geometry":{"type":"Point","coordinates":[-153.303889,57.202778]},"properties":{"id":"9457527","name":"Old Harbor","type":"reference","region":"AK","tz":"America/Anchorage","gt_m":2.534}},{"type":"Feature","id":"9450055","geometry":{"type":"Point","coordinates":[-132.855,54.7483]},"properties":{"id":"9450055","name":"Security Cove","type":"subordinate","region":"AK","tz":"America/Sitka","ref":"9451600"}},{"type":"Feature","id":"9462620","geometry":{"type":"Point","coordinates":[-166.540306,53.879194]},"properties":{"id":"9462620","name":"Unalaska","type":"reference","region":"AK","tz":"America/Nome","gt_m":1.098}},{"type":"Feature","id":"9461710","geometry":{"type":"Point","coordinates":[-174.1725,52.231944]},"properties":{"id":"9461710","name":"Atka, Nazan Bay","type":"reference","region":"AK","tz":"America/Adak","gt_m":1.042}},{"type":"Feature","id":"8770559","geometry":{"type":"Point","coordinates":[-94.69,29.7133]},"properties":{"id":"8770559","name":"Round Point, Trinity Bay","type":"reference","region":"TX","tz":"America/Chicago"}},{"type":"Feature","id":"9414785","geometry":{"type":"Point","coordinates":[-121.447,37.82]},"properties":{"id":"9414785","name":"Grant Line Canal (drawbridge)","type":"subordinate","region":"CA","tz":"America/Los_Angeles","ref":"9415144"}},{"type":"Feature","id":"8729538","geometry":{"type":"Point","coordinates":[-86.5867,30.435]},"properties":{"id":"8729538","name":"Shalimar, Garnier Bayou","type":"subordinate","region":"FL","tz":"America/Chicago","ref":"8729840"}},{"type":"Feature","id":"8575737","geometry":{"type":"Point","coordinates":[-76.4333,38.9]},"properties":{"id":"8575737","name":"Thomas Point Shoal Light","type":"subordinate","region":"MD","tz":"America/New_York","ref":"8574680"}},{"type":"Feature","id":"9414750","geometry":{"type":"Point","coordinates":[-122.300261,37.771953]},"properties":{"id":"9414750","name":"Alameda","type":"reference","region":"CA","tz":"America/Los_Angeles","gt_m":2.01}},{"type":"Feature","id":"9414507","geometry":{"type":"Point","coordinates":[-122.192,37.505]},"properties":{"id":"9414507","name":"West Point Slough","type":"subordinate","region":"CA","tz":"America/Los_Angeles","ref":"9414290"}},{"type":"Feature","id":"9466229","geometry":{"type":"Point","coordinates":[-172.486206,60.394199]},"properties":{"id":"9466229","name":"Offshore St Matthew Island (GNSS Buoy)","type":"reference","region":"AK","tz":"America/Nome","gt_m":0.974}},{"type":"Feature","id":"8720333","geometry":{"type":"Point","coordinates":[-81.6633,30.2283]},"properties":{"id":"8720333","name":"Piney Point","type":"subordinate","region":"FL","tz":"America/New_York","ref":"8720218"}},{"type":"Feature","id":"9451317","geometry":{"type":"Point","coordinates":[-132.927,56.6383]},"properties":{"id":"9451317","name":"Anchor Point","type":"reference","region":"AK","tz":"America/Sitka","gt_m":4.875}},{"type":"Feature","id":"8448683","geometry":{"type":"Point","coordinates":[-70.45,41.3633]},"properties":{"id":"8448683","name":"Wasque Point, Chappaquiddick Island","type":"subordinate","region":"MA","tz":"America/New_York","ref":"8452660"}},{"type":"Feature","id":"8654467","geometry":{"type":"Point","coordinates":[-75.704194,35.208611]},"properties":{"id":"8654467","name":"Hatteras (ocean)","type":"reference","region":"NC","tz":"America/New_York","gt_m":0.198}},{"type":"Feature","id":"8723491","geometry":{"type":"Point","coordinates":[-80.3317,25.345]},"properties":{"id":"8723491","name":"Card Sound, western side","type":"subordinate","region":"FL","tz":"America/New_York","ref":"8723178"}},{"type":"Feature","id":"9450998","geometry":{"type":"Point","coordinates":[-133.413,56.1633]},"properties":{"id":"9450998","name":"El Capitan Passage, Dry Pass","type":"reference","region":"AK","tz":"America/Sitka","gt_m":3.58}},{"type":"Feature","id":"8573006","geometry":{"type":"Point","coordinates":[-76.075,39.0533]},"properties":{"id":"8573006","name":"Centreville Landing, Corsica River","type":"subordinate","region":"MD","tz":"America/New_York","ref":"8574680"}},{"type":"Feature","id":"8721804","geometry":{"type":"Point","coordinates":[-80.5783,28.1383]},"properties":{"id":"8721804","name":"Canova Beach","type":"subordinate","region":"FL","tz":"America/New_York","ref":"8723178"}},{"type":"Feature","id":"8745799","geometry":{"type":"Point","coordinates":[-89.1167,30.2317]},"properties":{"id":"8745799","name":"Cat Island","type":"subordinate","region":"MS","tz":"America/Chicago","ref":"8760551"}},{"type":"Feature","id":"8411467","geometry":{"type":"Point","coordinates":[-67.3933,44.6983]},"properties":{"id":"8411467","name":"Machiasport, Machias River","type":"subordinate","region":"ME","tz":"America/New_York","ref":"8410140"}},{"type":"Feature","id":"8721138","geometry":{"type":"Point","coordinates":[-80.9367,29.0817]},"properties":{"id":"8721138","name":"Ponce Inlet, Halifax River","type":"subordinate","region":"FL","tz":"America/New_York","ref":"8723178"}},{"type":"Feature","id":"9450943","geometry":{"type":"Point","coordinates":[-133.97,56.0817]},"properties":{"id":"9450943","name":"Point St. Albans","type":"subordinate","region":"AK","tz":"America/Sitka","ref":"9451600"}},{"type":"Feature","id":"8668529","geometry":{"type":"Point","coordinates":[-80.5417,32.335]},"properties":{"id":"8668529","name":"Club Bridge Creek ent., Trenchards Inlet","type":"subordinate","region":"SC","tz":"America/New_York","ref":"8670870"}},{"type":"Feature","id":"9413450","geometry":{"type":"Point","coordinates":[-121.891389,36.608889]},"properties":{"id":"9413450","name":"MONTEREY, MONTEREY BAY","type":"reference","region":"CA","tz":"America/Los_Angeles","gt_m":1.627}},{"type":"Feature","id":"9445303","geometry":{"type":"Point","coordinates":[-122.828,47.6417]},"properties":{"id":"9445303","name":"Seabeck, Seabeck Bay","type":"subordinate","region":"WA","tz":"America/Los_Angeles","ref":"9447130"}},{"type":"Feature","id":"9450244","geometry":{"type":"Point","coordinates":[-132.013,55.0267]},"properties":{"id":"9450244","name":"Menefee Anch., Prince of Wales Island","type":"subordinate","region":"AK","tz":"America/Sitka","ref":"9450460"}},{"type":"Feature","id":"8671314","geometry":{"type":"Point","coordinates":[-80.943298,31.963301]},"properties":{"id":"8671314","name":"Halfmoon Reef, Halfmoon River","type":"reference","region":"GA","tz":"America/New_York","gt_m":2.319}},{"type":"Feature","id":"8575923","geometry":{"type":"Point","coordinates":[-76.54,38.8417]},"properties":{"id":"8575923","name":"Galesville, West River","type":"subordinate","region":"MD","tz":"America/New_York","ref":"8574680"}},{"type":"Feature","id":"8554038","geometry":{"type":"Point","coordinates":[-75.5183,39.245]},"properties":{"id":"8554038","name":"Leipsic, Leipsic River","type":"subordinate","region":"DE","tz":"America/New_York","ref":"8557380"}},{"type":"Feature","id":"9410196","geometry":{"type":"Point","coordinates":[-117.223801,32.793701]},"properties":{"id":"9410196","name":"Mission Bay, Campland","type":"reference","region":"CA","tz":"America/Los_Angeles","gt_m":1.662}},{"type":"Feature","id":"8725362","geometry":{"type":"Point","coordinates":[-82.0817,26.4433]},"properties":{"id":"8725362","name":"Tarpon Bay, Sanibel Island","type":"reference","region":"FL","tz":"America/New_York","gt_m":0.693}},{"type":"Feature","id":"8535661","geometry":{"type":"Point","coordinates":[-74.8017,39.0283]},"properties":{"id":"8535661","name":"Nummy Island, Grassy Sound Channel","type":"subordinate","region":"NJ","tz":"America/New_York","ref":"8534720"}},{"type":"Feature","id":"8413801","geometry":{"type":"Point","coordinates":[-68.4217,44.535]},"properties":{"id":"8413801","name":"Ellsworth, Union River","type":"reference","region":"ME","tz":"America/New_York","gt_m":3.471}},{"type":"Feature","id":"9449982","geometry":{"type":"Point","coordinates":[-122.9,48.4467]},"properties":{"id":"9449982","name":"Richardson, Lopez Island","type":"reference","region":"WA","tz":"America/Los_Angeles","gt_m":2.185}},{"type":"Feature","id":"8720168","geometry":{"type":"Point","coordinates":[-81.4317,30.465]},"properties":{"id":"8720168","name":"Simpson Creek, A1A highway bridge","type":"subordinate","region":"FL","tz":"America/New_York","ref":"8720030"}},{"type":"Feature","id":"9446583","geometry":{"type":"Point","coordinates":[-122.862,47.2467]},"properties":{"id":"9446583","name":"McMicken Island, Case Inlet","type":"subordinate","region":"WA","tz":"America/Los_Angeles","ref":"9447130"}},{"type":"Feature","id":"8725325","geometry":{"type":"Point","coordinates":[-81.885002,26.405001]},"properties":{"id":"8725325","name":"Carlos Point, Estero Bay","type":"reference","region":"FL","tz":"America/New_York","gt_m":0.761}},{"type":"Feature","id":"8537416","geometry":{"type":"Point","coordinates":[-75.405,39.4067]},"properties":{"id":"8537416","name":"Stathems Neck, Stow Creek, N.J.","type":"subordinate","region":"NJ","tz":"America/New_York","ref":"8551910"}},{"type":"Feature","id":"8662793","geometry":{"type":"Point","coordinates":[-79.385,33.21]},"properties":{"id":"8662793","name":"North Santee Bridge","type":"subordinate","region":"SC","tz":"America/New_York","ref":"8665530"}},{"type":"Feature","id":"8571807","geometry":{"type":"Point","coordinates":[-76.1733,38.5067]},"properties":{"id":"8571807","name":"Woolford, Church Creek","type":"subordinate","region":"MD","tz":"America/New_York","ref":"8574680"}},{"type":"Feature","id":"TEC3495","geometry":{"type":"Point","coordinates":[-81.316667,31.216667]},"properties":{"id":"TEC3495","name":"Hampton River entrance","type":"subordinate","region":"GA","tz":"America/New_York","ref":"8670870"}},{"type":"Feature","id":"1617433","geometry":{"type":"Point","coordinates":[-155.8294,20.0366]},"properties":{"id":"1617433","name":"Kawaihae","type":"reference","region":"HI","tz":"Pacific/Honolulu","gt_m":0.642}},{"type":"Feature","id":"8533465","geometry":{"type":"Point","coordinates":[-74.1883,39.8083]},"properties":{"id":"8533465","name":"Oyster Creek","type":"subordinate","region":"NJ","tz":"America/New_York","ref":"8531680"}},{"type":"Feature","id":"8729572","geometry":{"type":"Point","coordinates":[-86.650497,30.4065]},"properties":{"id":"8729572","name":"Mary Esther, Santa Rosa Sound","type":"reference","region":"FL","tz":"America/Chicago","gt_m":0.269}},{"type":"Feature","id":"8635485","geometry":{"type":"Point","coordinates":[-76.6133,38.1417]},"properties":{"id":"8635485","name":"Ragged Point, Coles Neck, Va.","type":"subordinate","region":"MD","tz":"America/New_York","ref":"8594900"}},{"type":"Feature","id":"8516745","geometry":{"type":"Point","coordinates":[-73.6983,40.62]},"properties":{"id":"8516745","name":"Woodmere, Brosewere Bay","type":"subordinate","region":"NY","tz":"America/New_York","ref":"8531680"}},{"type":"Feature","id":"8661866","geometry":{"type":"Point","coordinates":[-79.1883,33.4683]},"properties":{"id":"8661866","name":"South of Sam Worth Game Management Area","type":"subordinate","region":"SC","tz":"America/New_York","ref":"8665530"}},{"type":"Feature","id":"8770625","geometry":{"type":"Point","coordinates":[-94.8683,29.68]},"properties":{"id":"8770625","name":"Umbrella Point, Trinity Bay","type":"reference","region":"TX","tz":"America/Chicago","gt_m":0.388}},{"type":"Feature","id":"1611347","geometry":{"type":"Point","coordinates":[-159.592,21.9033]},"properties":{"id":"1611347","name":"Port Allen, Hanapepe Bay","type":"reference","region":"HI","tz":"Pacific/Honolulu","gt_m":0.561}},{"type":"Feature","id":"8410140","geometry":{"type":"Point","coordinates":[-66.982887,44.90461]},"properties":{"id":"8410140","name":"EASTPORT","type":"reference","region":"ME","tz":"America/New_York","gt_m":5.874}},{"type":"Feature","id":"9439099","geometry":{"type":"Point","coordinates":[-123.404999,46.16]},"properties":{"id":"9439099","name":"Wauna","type":"reference","region":"WA","tz":"America/Los_Angeles","gt_m":2.075}},{"type":"Feature","id":"8723851","geometry":{"type":"Point","coordinates":[-80.7033,24.8683]},"properties":{"id":"8723851","name":"Indian Key Anchorage, Lower Matecumbe Key","type":"subordinate","region":"FL","tz":"America/New_York","ref":"8724580"}},{"type":"Feature","id":"9457271","geometry":{"type":"Point","coordinates":[-152.448,58.3567]},"properties":{"id":"9457271","name":"Perenosa Bay","type":"subordinate","region":"AK","tz":"America/Anchorage","ref":"9457292"}},{"type":"Feature","id":"8764025","geometry":{"type":"Point","coordinates":[-91.23,29.7433]},"properties":{"id":"8764025","name":"Stouts Pass at Six Mile Lake","type":"reference","region":"LA","tz":"America/Chicago","gt_m":0.271}},{"type":"Feature","id":"9490424","geometry":{"type":"Point","coordinates":[-162.582,66.9017]},"properties":{"id":"9490424","name":"Kotzebue","type":"reference","region":"AK","tz":"America/Nome","gt_m":0.217}},{"type":"Feature","id":"8665814","geometry":{"type":"Point","coordinates":[-80.5567,32.7433]},"properties":{"id":"8665814","name":"Ashepoo","type":"subordinate","region":"SC","tz":"America/New_York","ref":"8670870"}},{"type":"Feature","id":"9452391","geometry":{"type":"Point","coordinates":[-135.232,58.7133]},"properties":{"id":"9452391","name":"William Henry Bay","type":"subordinate","region":"AK","tz":"America/Juneau","ref":"9452210"}},{"type":"Feature","id":"8724211","geometry":{"type":"Point","coordinates":[-81.3683,24.67]},"properties":{"id":"8724211","name":"Big Pine Key, Pine Channel Bridge, north side","type":"subordinate","region":"FL","tz":"America/New_York","ref":"8724580"}},{"type":"Feature","id":"9450369","geometry":{"type":"Point","coordinates":[-132.625,55.21]},"properties":{"id":"9450369","name":"Copper Harbor","type":"subordinate","region":"AK","tz":"America/Sitka","ref":"9451600"}},{"type":"Feature","id":"9434938","geometry":{"type":"Point","coordinates":[-123.99,44.4133]},"properties":{"id":"9434938","name":"Drift Creek, Alsea River","type":"subordinate","region":"OR","tz":"America/Los_Angeles","ref":"9432780"}},{"type":"Feature","id":"8574931","geometry":{"type":"Point","coordinates":[-76.5267,39.1633]},"properties":{"id":"8574931","name":"Stony Creek","type":"subordinate","region":"MD","tz":"America/New_York","ref":"8574680"}},{"type":"Feature","id":"8724112","geometry":{"type":"Point","coordinates":[-81.2517,24.67]},"properties":{"id":"8724112","name":"Ohio Key-Bahia Honda Key Channel, west side","type":"subordinate","region":"FL","tz":"America/New_York","ref":"8724580"}},{"type":"Feature","id":"8674251","geometry":{"type":"Point","coordinates":[-81.24,31.5783]},"properties":{"id":"8674251","name":"Barbour Island, Barbour Island River","type":"subordinate","region":"GA","tz":"America/New_York","ref":"8670870"}},{"type":"Feature","id":"9450041","geometry":{"type":"Point","coordinates":[-132.302,54.7267]},"properties":{"id":"9450041","name":"Minnie Bay","type":"subordinate","region":"AK","tz":"America/Sitka","ref":"9451600"}},{"type":"Feature","id":"8518905","geometry":{"type":"Point","coordinates":[-73.9167,40.9033]},"properties":{"id":"8518905","name":"Riverdale, N.Y.","type":"subordinate","region":"NY","tz":"America/New_York","ref":"8518750"}},{"type":"Feature","id":"8722621","geometry":{"type":"Point","coordinates":[-80.045,26.705]},"properties":{"id":"8722621","name":"Palm Beach, Highway 704 bridge","type":"subordinate","region":"FL","tz":"America/New_York","ref":"8723178"}},{"type":"Feature","id":"8669246","geometry":{"type":"Point","coordinates":[-80.846497,32.2141]},"properties":{"id":"8669246","name":"Brighton Beach. May River","type":"reference","region":"SC","tz":"America/New_York","gt_m":2.526}},{"type":"Feature","id":"8760736","geometry":{"type":"Point","coordinates":[-89.2717,29.0583]},"properties":{"id":"8760736","name":"Joseph Bayou","type":"subordinate","region":"LA","tz":"America/Chicago","ref":"8760551"}},{"type":"Feature","id":"8416796","geometry":{"type":"Point","coordinates":[-69.615,43.7583]},"properties":{"id":"8416796","name":"Damariscove Harbor, Damariscove Island","type":"subordinate","region":"ME","tz":"America/New_York","ref":"8418150"}},{"type":"Feature","id":"9457287","geometry":{"type":"Point","coordinates":[-152.498,57.9217]},"properties":{"id":"9457287","name":"Ouzinkie, Spruce Island","type":"reference","region":"AK","tz":"America/Anchorage","gt_m":2.714}},{"type":"Feature","id":"8735181","geometry":{"type":"Point","coordinates":[-88.079486,30.251319]},"properties":{"id":"8735181","name":"Dauphin Island Hydro","type":"reference","region":"AL","tz":"America/Chicago","gt_m":0.377}},{"type":"Feature","id":"8537121","geometry":{"type":"Point","coordinates":[-75.376678,39.305389]},"properties":{"id":"8537121","name":"Ship John Shoal","type":"reference","region":"NJ","tz":"America/New_York","gt_m":1.892}},{"type":"Feature","id":"8722761","geometry":{"type":"Point","coordinates":[-80.065,26.4467]},"properties":{"id":"8722761","name":"South Delray Beach, ICWW","type":"reference","region":"FL","tz":"America/New_York","gt_m":0.808}},{"type":"Feature","id":"8517125","geometry":{"type":"Point","coordinates":[-73.8133,40.7983]},"properties":{"id":"8517125","name":"Whitestone","type":"subordinate","region":"NY","tz":"America/New_York","ref":"8516945"}},{"type":"Feature","id":"8638017","geometry":{"type":"Point","coordinates":[-76.62275,37.138222]},"properties":{"id":"8638017","name":"Fort Eustis (MARAD)","type":"reference","region":"VA","tz":"America/New_York","gt_m":0.769}},{"type":"Feature","id":"8725837","geometry":{"type":"Point","coordinates":[-82.2933,27.045]},"properties":{"id":"8725837","name":"Myakka River, US 41 bridge","type":"reference","region":"FL","tz":"America/New_York","gt_m":0.58}},{"type":"Feature","id":"8669722","geometry":{"type":"Point","coordinates":[-80.8983,32.0983]},"properties":{"id":"8669722","name":"Hargray Pier, Daufuskie Island","type":"subordinate","region":"GA","tz":"America/New_York","ref":"8670870"}},{"type":"Feature","id":"9450271","geometry":{"type":"Point","coordinates":[-132.12,55.0667]},"properties":{"id":"9450271","name":"Niblack Anchorage, Moira Sound","type":"subordinate","region":"AK","tz":"America/Sitka","ref":"9450460"}},{"type":"Feature","id":"9414513","geometry":{"type":"Point","coordinates":[-122.213,37.495]},"properties":{"id":"9414513","name":"Granite Rock, Redwood Creek","type":"subordinate","region":"CA","tz":"America/Los_Angeles","ref":"9414290"}},{"type":"Feature","id":"9457313","geometry":{"type":"Point","coordinates":[-152.583771,58.490223]},"properties":{"id":"9457313","name":"Port William, Shuyak Island","type":"reference","region":"AK","tz":"America/Anchorage","gt_m":4.246}},{"type":"Feature","id":"8675245","geometry":{"type":"Point","coordinates":[-81.3433,31.4467]},"properties":{"id":"8675245","name":"Hudson Creek entrance","type":"subordinate","region":"GA","tz":"America/New_York","ref":"8670870"}},{"type":"Feature","id":"9450282","geometry":{"type":"Point","coordinates":[-132.632,55.0817]},"properties":{"id":"9450282","name":"Mud Bay","type":"subordinate","region":"AK","tz":"America/Sitka","ref":"9451600"}},{"type":"Feature","id":"8656937","geometry":{"type":"Point","coordinates":[-76.5283,34.6083]},"properties":{"id":"8656937","name":"Cape Lookout (ocean)","type":"subordinate","region":"NC","tz":"America/New_York","ref":"8654400"}},{"type":"Feature","id":"8727976","geometry":{"type":"Point","coordinates":[-83.952698,30.061899]},"properties":{"id":"8727976","name":"Snipe Island, Econfina River State Park","type":"reference","region":"FL","tz":"America/New_York","gt_m":1.009}},{"type":"Feature","id":"8779768","geometry":{"type":"Point","coordinates":[-97.1817,26.0517]},"properties":{"id":"8779768","name":"South Bay entrance","type":"subordinate","region":"TX","tz":"America/Chicago","ref":"8779750"}},{"type":"Feature","id":"8760595","geometry":{"type":"Point","coordinates":[-89.1733,29.4933]},"properties":{"id":"8760595","name":"Breton Islands","type":"subordinate","region":"LA","tz":"America/Chicago","ref":"8760551"}},{"type":"Feature","id":"9468756","geometry":{"type":"Point","coordinates":[-165.439639,64.494611]},"properties":{"id":"9468756","name":"NOME","type":"reference","region":"AK","tz":"America/Nome","gt_m":0.465}},{"type":"Feature","id":"8416921","geometry":{"type":"Point","coordinates":[-69.6667,44]},"properties":{"id":"8416921","name":"Wiscasset","type":"subordinate","region":"ME","tz":"America/New_York","ref":"8418150"}},{"type":"Feature","id":"8638409","geometry":{"type":"Point","coordinates":[-76.55,36.8383]},"properties":{"id":"8638409","name":"Hollidays Point (Kings Highway bridge)","type":"subordinate","region":"VA","tz":"America/New_York","ref":"8638610"}},{"type":"Feature","id":"8443725","geometry":{"type":"Point","coordinates":[-71.0233,42.3867]},"properties":{"id":"8443725","name":"Chelsea St. Bridge, Chelsea River","type":"reference","region":"MA","tz":"America/New_York","gt_m":3.155}},{"type":"Feature","id":"8464445","geometry":{"type":"Point","coordinates":[-72.6667,41.2717]},"properties":{"id":"8464445","name":"Guilford Harbor","type":"subordinate","region":"CT","tz":"America/New_York","ref":"8467150"}},{"type":"Feature","id":"8537359","geometry":{"type":"Point","coordinates":[-75.0417,39.3917]},"properties":{"id":"8537359","name":"Millville","type":"subordinate","region":"NJ","tz":"America/New_York","ref":"8557380"}},{"type":"Feature","id":"9413624","geometry":{"type":"Point","coordinates":[-121.758,36.8133]},"properties":{"id":"9413624","name":"Pacific Mariculture Dock","type":"subordinate","region":"CA","tz":"America/Los_Angeles","ref":"9413450"}},{"type":"Feature","id":"8543024","geometry":{"type":"Point","coordinates":[-75.265,39.8867]},"properties":{"id":"8543024","name":"Tinicum National Wildlife Refuge","type":"subordinate","region":"PA","tz":"America/New_York","ref":"8545240"}},{"type":"Feature","id":"8571181","geometry":{"type":"Point","coordinates":[-75.8033,38.0483]},"properties":{"id":"8571181","name":"Colburn Creek, Big Annemessex River","type":"subordinate","region":"MD","tz":"America/New_York","ref":"8638863"}},{"type":"Feature","id":"TEC2991","geometry":{"type":"Point","coordinates":[-79.25,33.133333]},"properties":{"id":"TEC2991","name":"North Santee River Inlet","type":"subordinate","region":"SC","tz":"America/New_York","ref":"8665530"}},{"type":"Feature","id":"8720406","geometry":{"type":"Point","coordinates":[-81.7583,30.12]},"properties":{"id":"8720406","name":"Peoria Point, Doctors Lake","type":"reference","region":"FL","tz":"America/New_York","gt_m":0.278}},{"type":"Feature","id":"9452294","geometry":{"type":"Point","coordinates":[-134.777,58.085]},"properties":{"id":"9452294","name":"Hawk Inlet Entrance","type":"reference","region":"AK","tz":"America/Juneau","gt_m":4.661}},{"type":"Feature","id":"8573903","geometry":{"type":"Point","coordinates":[-75.9167,39.5033]},"properties":{"id":"8573903","name":"Town Point Wharf","type":"reference","region":"MD","tz":"America/New_York","gt_m":0.817}},{"type":"Feature","id":"8729017","geometry":{"type":"Point","coordinates":[-85.470001,30.016701]},"properties":{"id":"8729017","name":"Farmdale, East Bay","type":"subordinate","region":"FL","tz":"America/Chicago","ref":"8729840"}},{"type":"Feature","id":"9461453","geometry":{"type":"Point","coordinates":[-176.085,51.9733]},"properties":{"id":"9461453","name":"Sand Bay, Great Sitkin Island","type":"subordinate","region":"AK","tz":"America/Adak","ref":"9461380"}},{"type":"Feature","id":"8728229","geometry":{"type":"Point","coordinates":[-84.290556,30.058333]},"properties":{"id":"8728229","name":"Shell Point, Walker Creek","type":"reference","region":"FL","tz":"America/New_York","gt_m":1.076}},{"type":"Feature","id":"9469751","geometry":{"type":"Point","coordinates":[-162.740472,66.097167]},"properties":{"id":"9469751","name":"Deering","type":"reference","region":"AK","tz":"America/Nome","gt_m":0.557}},{"type":"Feature","id":"8762184","geometry":{"type":"Point","coordinates":[-90.264999,29.373301]},"properties":{"id":"8762184","name":"Golden Meadow, Plaisance Canal","type":"reference","region":"LA","tz":"America/Chicago","gt_m":0.171}},{"type":"Feature","id":"9418865","geometry":{"type":"Point","coordinates":[-124.148,40.865]},"properties":{"id":"9418865","name":"Mad River Slough, Arcata Bay","type":"subordinate","region":"CA","tz":"America/Los_Angeles","ref":"9418767"}},{"type":"Feature","id":"9462161","geometry":{"type":"Point","coordinates":[-170.563,52.6533]},"properties":{"id":"9462161","name":"East Cove","type":"subordinate","region":"AK","tz":"America/Adak","ref":"9462620"}},{"type":"Feature","id":"9464212","geometry":{"type":"Point","coordinates":[-170.285202,57.125301]},"properties":{"id":"9464212","name":"Village Cove, St. Paul Island","type":"reference","region":"AK","tz":"America/Nome","gt_m":0.986}},{"type":"Feature","id":"8779750","geometry":{"type":"Point","coordinates":[-97.1567,26.0683]},"properties":{"id":"8779750","name":"PADRE ISLAND (south end)","type":"reference","region":"TX","tz":"America/Chicago","gt_m":0.449}},{"type":"Feature","id":"8670424","geometry":{"type":"Point","coordinates":[-81.141694,32.143306]},"properties":{"id":"8670424","name":"Port Wentworth","type":"reference","region":"GA","tz":"America/New_York","gt_m":2.635}},{"type":"Feature","id":"9440482","geometry":{"type":"Point","coordinates":[-123.290001,46.151699]},"properties":{"id":"9440482","name":"Cape Horn","type":"reference","region":"OR","tz":"America/Los_Angeles","gt_m":1.937}},{"type":"Feature","id":"8518951","geometry":{"type":"Point","coordinates":[-73.95,41.7833]},"properties":{"id":"8518951","name":"Hyde Park","type":"reference","region":"NY","tz":"America/New_York","gt_m":1.251}},{"type":"Feature","id":"9459163","geometry":{"type":"Point","coordinates":[-159.418667,55.065556]},"properties":{"id":"9459163","name":"Herendeen Island, Shumagin Islands","type":"reference","region":"AK","tz":"America/Anchorage","gt_m":2.253}},{"type":"Feature","id":"9410135","geometry":{"type":"Point","coordinates":[-117.107803,32.629101]},"properties":{"id":"9410135","name":"South San Diego Bay","type":"reference","region":"CA","tz":"America/Los_Angeles","gt_m":1.807}},{"type":"Feature","id":"8418175","geometry":{"type":"Point","coordinates":[-70.255,43.6767]},"properties":{"id":"8418175","name":"Back Cove","type":"subordinate","region":"ME","tz":"America/New_York","ref":"8418150"}},{"type":"Feature","id":"9462645","geometry":{"type":"Point","coordinates":[-166.21625,53.828917]},"properties":{"id":"9462645","name":"Udamat Bay, Sedanka Island","type":"reference","region":"AK","tz":"America/Nome","gt_m":1.554}},{"type":"Feature","id":"8514961","geometry":{"type":"Point","coordinates":[-73.205,40.6567]},"properties":{"id":"8514961","name":"West Fire Island","type":"subordinate","region":"NY","tz":"America/New_York","ref":"8531680"}},{"type":"Feature","id":"8724032","geometry":{"type":"Point","coordinates":[-81.155,24.7033]},"properties":{"id":"8724032","name":"Pigeon Key, south side, Hawk Channel","type":"subordinate","region":"FL","tz":"America/New_York","ref":"8724580"}},{"type":"Feature","id":"8638481","geometry":{"type":"Point","coordinates":[-77.27,37.3133]},"properties":{"id":"8638481","name":"City Point, Hopewell","type":"reference","region":"VA","tz":"America/New_York","gt_m":0.862}},{"type":"Feature","id":"8630229","geometry":{"type":"Point","coordinates":[-75.3733,37.9383]},"properties":{"id":"8630229","name":"Chincoteague Island, Lewis Creek","type":"subordinate","region":"VA","tz":"America/New_York","ref":"8570280"}},{"type":"Feature","id":"8663535","geometry":{"type":"Point","coordinates":[-79.8083,33.095]},"properties":{"id":"8663535","name":"Quinby Creek bridge, East Branch","type":"subordinate","region":"SC","tz":"America/New_York","ref":"8665530"}},{"type":"Feature","id":"9459145","geometry":{"type":"Point","coordinates":[-159.35,55.79]},"properties":{"id":"9459145","name":"Kupreanof Harbor, Paul Island","type":"subordinate","region":"AK","tz":"America/Anchorage","ref":"9457292"}},{"type":"Feature","id":"8666131","geometry":{"type":"Point","coordinates":[-80.2783,32.7033]},"properties":{"id":"8666131","name":"Lower Toogoodoo Creek, 2 mi. above entrance","type":"subordinate","region":"SC","tz":"America/New_York","ref":"8665530"}},{"type":"Feature","id":"8679511","geometry":{"type":"Point","coordinates":[-81.515,30.7967]},"properties":{"id":"8679511","name":"Kings Bay, Navy Base","type":"reference","region":"GA","tz":"America/New_York","gt_m":2.133}},{"type":"Feature","id":"8534836","geometry":{"type":"Point","coordinates":[-74.5333,39.3083]},"properties":{"id":"8534836","name":"Longport (inside), Great Egg Harbor Inlet","type":"reference","region":"NJ","tz":"America/New_York","gt_m":1.32}},{"type":"Feature","id":"8451351","geometry":{"type":"Point","coordinates":[-71.2383,41.4867]},"properties":{"id":"8451351","name":"Sachuest, Flint Point","type":"subordinate","region":"RI","tz":"America/New_York","ref":"8452660"}},{"type":"Feature","id":"8635027","geometry":{"type":"Point","coordinates":[-77.036597,38.319753]},"properties":{"id":"8635027","name":"Dahlgren, Upper Machodoc Creek, Va.","type":"reference","region":"VA","tz":"America/New_York","gt_m":0.584}},{"type":"Feature","id":"8511171","geometry":{"type":"Point","coordinates":[-72.19,41.035]},"properties":{"id":"8511171","name":"Threemile Harbor entrance, Gardiners Bay","type":"subordinate","region":"NY","tz":"America/New_York","ref":"8461490"}},{"type":"Feature","id":"9447973","geometry":{"type":"Point","coordinates":[-122.685799,48.3428]},"properties":{"id":"9447973","name":"NAS Whidbey Island","type":"reference","region":"WA","tz":"America/Los_Angeles","gt_m":2.267}},{"type":"Feature","id":"8720011","geometry":{"type":"Point","coordinates":[-81.465,30.7083]},"properties":{"id":"8720011","name":"CUT 1N FRONT RANGE, ST MARYS RIVER ENTR","type":"reference","region":"FL","tz":"America/New_York","gt_m":1.982}},{"type":"Feature","id":"8739051","geometry":{"type":"Point","coordinates":[-88.275,30.3717]},"properties":{"id":"8739051","name":"Bayou La Batre, Mississippi Sound","type":"subordinate","region":"AL","tz":"America/Chicago","ref":"8760551"}},{"type":"Feature","id":"8515336","geometry":{"type":"Point","coordinates":[-73.295,40.64]},"properties":{"id":"8515336","name":"Oak Beach","type":"subordinate","region":"NY","tz":"America/New_York","ref":"8531680"}},{"type":"Feature","id":"8444488","geometry":{"type":"Point","coordinates":[-71.04,42.285]},"properties":{"id":"8444488","name":"Neponset, Neponset River","type":"subordinate","region":"MA","tz":"America/New_York","ref":"8443970"}},{"type":"Feature","id":"8512671","geometry":{"type":"Point","coordinates":[-72.5617,40.82]},"properties":{"id":"8512671","name":"Shinnecock Bay entrance","type":"subordinate","region":"NY","tz":"America/New_York","ref":"8531680"}},{"type":"Feature","id":"9439023","geometry":{"type":"Point","coordinates":[-123.86,46.1867]},"properties":{"id":"9439023","name":"Astoria (Port Docks), Oreg.","type":"subordinate","region":"OR","tz":"America/Los_Angeles","ref":"9439040"}},{"type":"Feature","id":"9462554","geometry":{"type":"Point","coordinates":[-167.045,53.61]},"properties":{"id":"9462554","name":"Skan Bay","type":"subordinate","region":"AK","tz":"America/Nome","ref":"9462620"}},{"type":"Feature","id":"9414519","geometry":{"type":"Point","coordinates":[-122.042,37.4933]},"properties":{"id":"9414519","name":"Mowry Slough","type":"subordinate","region":"CA","tz":"America/Los_Angeles","ref":"9414290"}},{"type":"Feature","id":"8638433","geometry":{"type":"Point","coordinates":[-76.7833,37.185]},"properties":{"id":"8638433","name":"Scotland","type":"reference","region":"VA","tz":"America/New_York","gt_m":0.706}},{"type":"Feature","id":"8537052","geometry":{"type":"Point","coordinates":[-75.2383,39.285]},"properties":{"id":"8537052","name":"Money Island, Nantuxent Creek entrance","type":"subordinate","region":"NJ","tz":"America/New_York","ref":"8551910"}},{"type":"Feature","id":"8444662","geometry":{"type":"Point","coordinates":[-70.8933,42.2617]},"properties":{"id":"8444662","name":"Crow Point, Hingham Harbor entrance","type":"subordinate","region":"MA","tz":"America/New_York","ref":"8443970"}},{"type":"Feature","id":"9448918","geometry":{"type":"Point","coordinates":[-122.748,48.5867]},"properties":{"id":"9448918","name":"Tide Point, Cypress Island","type":"subordinate","region":"WA","tz":"America/Los_Angeles","ref":"9444900"}},{"type":"Feature","id":"8667493","geometry":{"type":"Point","coordinates":[-80.5733,32.5267]},"properties":{"id":"8667493","name":"Summerhouse Point, Bull River","type":"subordinate","region":"SC","tz":"America/New_York","ref":"8670870"}},{"type":"Feature","id":"8667281","geometry":{"type":"Point","coordinates":[-80.2383,32.5617]},"properties":{"id":"8667281","name":"Ocella Creek, 2 mi. above entrance","type":"subordinate","region":"SC","tz":"America/New_York","ref":"8665530"}},{"type":"Feature","id":"8571396","geometry":{"type":"Point","coordinates":[-75.9867,38.2017]},"properties":{"id":"8571396","name":"Sharkfin Shoal Light","type":"subordinate","region":"MD","tz":"America/New_York","ref":"8638863"}},{"type":"Feature","id":"8761724","geometry":{"type":"Point","coordinates":[-89.956667,29.263333]},"properties":{"id":"8761724","name":"EAST POINT, GRAND ISLE","type":"reference","region":"LA","tz":"America/Chicago","gt_m":0.323}},{"type":"Feature","id":"1617846","geometry":{"type":"Point","coordinates":[-156,19.6433]},"properties":{"id":"1617846","name":"Kailua Kona","type":"subordinate","region":"HI","tz":"Pacific/Honolulu","ref":"1617760"}},{"type":"Feature","id":"8535835","geometry":{"type":"Point","coordinates":[-74.8233,38.975]},"properties":{"id":"8535835","name":"Wildwood Crest, ocean pier","type":"reference","region":"NJ","tz":"America/New_York","gt_m":1.502}},{"type":"Feature","id":"9452089","geometry":{"type":"Point","coordinates":[-133.807281,58.022335]},"properties":{"id":"9452089","name":"Sharp Point, Speel Arm","type":"reference","region":"AK","tz":"America/Juneau","gt_m":4.83}},{"type":"Feature","id":"8670681","geometry":{"type":"Point","coordinates":[-81.0917,32.0817]},"properties":{"id":"8670681","name":"SAVANNAH","type":"subordinate","region":"GA","tz":"America/New_York","ref":"8670870"}},{"type":"Feature","id":"8767816","geometry":{"type":"Point","coordinates":[-93.221667,30.223611]},"properties":{"id":"8767816","name":"Lake Charles","type":"reference","region":"LA","tz":"America/Chicago","gt_m":0.428}},{"type":"Feature","id":"8516614","geometry":{"type":"Point","coordinates":[-73.655,40.8633]},"properties":{"id":"8516614","name":"Glen Cove, Hempstead Harbor","type":"reference","region":"NY","tz":"America/New_York","gt_m":2.398}},{"type":"Feature","id":"8723214","geometry":{"type":"Point","coordinates":[-80.161797,25.7314]},"properties":{"id":"8723214","name":"Virginia Key, Biscayne Bay","type":"reference","region":"FL","tz":"America/New_York","gt_m":0.682}},{"type":"Feature","id":"8727956","geometry":{"type":"Point","coordinates":[-83.91,30.0533]},"properties":{"id":"8727956","name":"Econfina River","type":"reference","region":"FL","tz":"America/New_York","gt_m":1.075}},{"type":"Feature","id":"8725391","geometry":{"type":"Point","coordinates":[-82.013298,26.4883]},"properties":{"id":"8725391","name":"Punta Rassa, San Carlos Bay","type":"reference","region":"FL","tz":"America/New_York","gt_m":0.763}},{"type":"Feature","id":"8459338","geometry":{"type":"Point","coordinates":[-71.5567,41.1733]},"properties":{"id":"8459338","name":"Block Island (Old Harbor)","type":"reference","region":"RI","tz":"America/New_York","gt_m":0.981}},{"type":"Feature","id":"9465261","geometry":{"type":"Point","coordinates":[-158.552,58.8483]},"properties":{"id":"9465261","name":"Nushagak Bay (Clarks Point)","type":"reference","region":"AK","tz":"America/Anchorage","gt_m":6.3}},{"type":"Feature","id":"8722357","geometry":{"type":"Point","coordinates":[-80.2583,27.2]},"properties":{"id":"8722357","name":"Stuart","type":"subordinate","region":"FL","tz":"America/New_York","ref":"8723178"}},{"type":"Feature","id":"8536736","geometry":{"type":"Point","coordinates":[-74.8517,39.1783]},"properties":{"id":"8536736","name":"Dennis Creek, 2.5 n.mi. above entrance","type":"subordinate","region":"NJ","tz":"America/New_York","ref":"8557380"}},{"type":"Feature","id":"8723350","geometry":{"type":"Point","coordinates":[-80.1717,25.5333]},"properties":{"id":"8723350","name":"Ragged Keys, Biscayne Bay","type":"subordinate","region":"FL","tz":"America/New_York","ref":"8723178"}},{"type":"Feature","id":"8761826","geometry":{"type":"Point","coordinates":[-90.040001,29.209999]},"properties":{"id":"8761826","name":"Caminada Pass (bridge)","type":"reference","region":"LA","tz":"America/Chicago","gt_m":0.303}},{"type":"Feature","id":"9465419","geometry":{"type":"Point","coordinates":[-156.832001,59.1133]},"properties":{"id":"9465419","name":"Levelock","type":"reference","region":"AK","tz":"America/Anchorage","gt_m":3.411}},{"type":"Feature","id":"8535451","geometry":{"type":"Point","coordinates":[-74.755,39.1017]},"properties":{"id":"8535451","name":"Long Reach, Ingram Thorofare","type":"subordinate","region":"NJ","tz":"America/New_York","ref":"8534720"}},{"type":"Feature","id":"9468793","geometry":{"type":"Point","coordinates":[-163.031693,64.546303]},"properties":{"id":"9468793","name":"Golovin, Golovnin Lagoon Entrance","type":"reference","region":"AK","tz":"America/Nome","gt_m":0.962}},{"type":"Feature","id":"9450283","geometry":{"type":"Point","coordinates":[-133.017,55.0833]},"properties":{"id":"9450283","name":"View Cove","type":"subordinate","region":"AK","tz":"America/Sitka","ref":"9451600"}},{"type":"Feature","id":"9415117","geometry":{"type":"Point","coordinates":[-121.42,38.045]},"properties":{"id":"9415117","name":"Bishop Cut, Disappointment Slough","type":"subordinate","region":"CA","tz":"America/Los_Angeles","ref":"9415144"}},{"type":"Feature","id":"9415102","geometry":{"type":"Point","coordinates":[-122.125194,38.034639]},"properties":{"id":"9415102","name":"Martinez-Amorco Pier","type":"reference","region":"CA","tz":"America/Los_Angeles","gt_m":1.634}},{"type":"Feature","id":"TWC0959","geometry":{"type":"Point","coordinates":[-123.6,46.968333]},"properties":{"id":"TWC0959","name":"Montesano, Chehalis River","type":"subordinate","region":"WA","tz":"America/Los_Angeles","ref":"9440910"}},{"type":"Feature","id":"8725383","geometry":{"type":"Point","coordinates":[-82.1833,26.4783]},"properties":{"id":"8725383","name":"Captiva Island (outside)","type":"reference","region":"FL","tz":"America/New_York","gt_m":0.719}},{"type":"Feature","id":"8663665","geometry":{"type":"Point","coordinates":[-79.855,33.0767]},"properties":{"id":"8663665","name":"Richmond Plantation, East Branch","type":"subordinate","region":"SC","tz":"America/New_York","ref":"8665530"}},{"type":"Feature","id":"9434032","geometry":{"type":"Point","coordinates":[-124.102997,43.966702]},"properties":{"id":"9434032","name":"Florence, Siuslaw River","type":"subordinate","region":"OR","tz":"America/Los_Angeles","ref":"9432780"}},{"type":"Feature","id":"TEC3783","geometry":{"type":"Point","coordinates":[-80.085,26.948333]},"properties":{"id":"TEC3783","name":"Jupiter Inlet, U.S. Highway 1 Bridge","type":"subordinate","region":"FL","tz":"America/New_York","ref":"8723178"}},{"type":"Feature","id":"8723873","geometry":{"type":"Point","coordinates":[-80.798306,24.838306]},"properties":{"id":"8723873","name":"Jewfish Hole, Long Key, Florida Bay","type":"subordinate","region":"FL","tz":"America/New_York","ref":"8724580"}},{"type":"Feature","id":"8532371","geometry":{"type":"Point","coordinates":[-74.0467,40.1783]},"properties":{"id":"8532371","name":"New Bedford","type":"subordinate","region":"NJ","tz":"America/New_York","ref":"8531680"}},{"type":"Feature","id":"9432879","geometry":{"type":"Point","coordinates":[-124.297,43.3767]},"properties":{"id":"9432879","name":"Sitka Dock, Coos Bay","type":"subordinate","region":"OR","tz":"America/Los_Angeles","ref":"9432780"}},{"type":"Feature","id":"8635299","geometry":{"type":"Point","coordinates":[-77.19,38.1733]},"properties":{"id":"8635299","name":"Port Royal","type":"subordinate","region":"VA","tz":"America/New_York","ref":"8594900"}},{"type":"Feature","id":"8417127","geometry":{"type":"Point","coordinates":[-69.7633,43.8867]},"properties":{"id":"8417127","name":"Mill Point, Sasanoa River","type":"subordinate","region":"ME","tz":"America/New_York","ref":"8418150"}},{"type":"Feature","id":"8722478","geometry":{"type":"Point","coordinates":[-80.1133,26.975]},"properties":{"id":"8722478","name":"North Fork, 2 miles above entrance","type":"subordinate","region":"FL","tz":"America/New_York","ref":"8723178"}},{"type":"Feature","id":"8517519","geometry":{"type":"Point","coordinates":[-73.9217,40.6083]},"properties":{"id":"8517519","name":"Mill Basin","type":"subordinate","region":"NY","tz":"America/New_York","ref":"8531680"}},{"type":"Feature","id":"8446009","geometry":{"type":"Point","coordinates":[-70.6467,42.0833]},"properties":{"id":"8446009","name":"Brant Rock, Green Harbor River","type":"reference","region":"MA","tz":"America/New_York","gt_m":3.009}},{"type":"Feature","id":"9450859","geometry":{"type":"Point","coordinates":[-133.662,55.95]},"properties":{"id":"9450859","name":"Edna Bay","type":"subordinate","region":"AK","tz":"America/Sitka","ref":"9451600"}},{"type":"Feature","id":"9466931","geometry":{"type":"Point","coordinates":[-166.148,61.5317]},"properties":{"id":"9466931","name":"Dall Point","type":"reference","region":"AK","tz":"America/Nome","gt_m":1.357}},{"type":"Feature","id":"8724441","geometry":{"type":"Point","coordinates":[-81.645,24.6167]},"properties":{"id":"8724441","name":"O'Hara Key, north end, Waltz Key Basin","type":"subordinate","region":"FL","tz":"America/New_York","ref":"8724580"}},{"type":"Feature","id":"8418268","geometry":{"type":"Point","coordinates":[-70.285,43.6417]},"properties":{"id":"8418268","name":"Fore River","type":"subordinate","region":"ME","tz":"America/New_York","ref":"8418150"}},{"type":"Feature","id":"TWC0427","geometry":{"type":"Point","coordinates":[-118.05,33.716667]},"properties":{"id":"TWC0427","name":"Los Patos (highway bridge)","type":"subordinate","region":"CA","tz":"America/Los_Angeles","ref":"9410660"}},{"type":"Feature","id":"8722491","geometry":{"type":"Point","coordinates":[-80.08,26.9517]},"properties":{"id":"8722491","name":"Jupiter Sound, south end","type":"subordinate","region":"FL","tz":"America/New_York","ref":"8723178"}},{"type":"Feature","id":"9414509","geometry":{"type":"Point","coordinates":[-122.115,37.5067]},"properties":{"id":"9414509","name":"Dumbarton Highway Bridge","type":"reference","region":"CA","tz":"America/Los_Angeles","gt_m":2.625}},{"type":"Feature","id":"9468226","geometry":{"type":"Point","coordinates":[-162.517,63.6283]},"properties":{"id":"9468226","name":"North Bay, Stuart Island","type":"subordinate","region":"AK","tz":"America/Nome","ref":"9468333"}},{"type":"Feature","id":"8411060","geometry":{"type":"Point","coordinates":[-67.209999,44.6567]},"properties":{"id":"8411060","name":"Cutler, Little River","type":"reference","region":"ME","tz":"America/New_York","gt_m":4.439}},{"type":"Feature","id":"9463195","geometry":{"type":"Point","coordinates":[-161.466667,55.5]},"properties":{"id":"9463195","name":"Settlement Point, Pavlof Bay","type":"subordinate","region":"AK","tz":"America/Anchorage","ref":"9459450"}},{"type":"Feature","id":"8454578","geometry":{"type":"Point","coordinates":[-71.445,41.665001]},"properties":{"id":"8454578","name":"East Greenwich","type":"reference","region":"RI","tz":"America/New_York","gt_m":1.364}},{"type":"Feature","id":"8538886","geometry":{"type":"Point","coordinates":[-75.042999,40.011902]},"properties":{"id":"8538886","name":"Tacony-Palmyra Bridge","type":"reference","region":"NJ","tz":"America/New_York","gt_m":2.179}},{"type":"Feature","id":"8723409","geometry":{"type":"Point","coordinates":[-80.1967,25.4533]},"properties":{"id":"8723409","name":"Elliott Key Harbor, Elliott Key, Biscayne Bay","type":"reference","region":"FL","tz":"America/New_York","gt_m":0.507}},{"type":"Feature","id":"TEC4383","geometry":{"type":"Point","coordinates":[-87.033333,30.616667]},"properties":{"id":"TEC4383","name":"Milton, Blackwater River","type":"subordinate","region":"FL","tz":"America/Chicago","ref":"8729840"}},{"type":"Feature","id":"8468448","geometry":{"type":"Point","coordinates":[-73.415,41.0967]},"properties":{"id":"8468448","name":"South Norwalk","type":"reference","region":"CT","tz":"America/New_York","gt_m":2.337}},{"type":"Feature","id":"9451561","geometry":{"type":"Point","coordinates":[-132.785004,56.996693]},"properties":{"id":"9451561","name":"Thomas Bay","type":"reference","region":"AK","tz":"America/Sitka","gt_m":4.76}},{"type":"Feature","id":"9457535","geometry":{"type":"Point","coordinates":[-153.340111,58.107167]},"properties":{"id":"9457535","name":"West Raspberry Island","type":"reference","region":"AK","tz":"America/Anchorage","gt_m":4.279}},{"type":"Feature","id":"9448601","geometry":{"type":"Point","coordinates":[-122.615,48.4133]},"properties":{"id":"9448601","name":"Yokeko Point, Deception Pass","type":"subordinate","region":"WA","tz":"America/Los_Angeles","ref":"9447130"}},{"type":"Feature","id":"9462782","geometry":{"type":"Point","coordinates":[-164.977,54.12]},"properties":{"id":"9462782","name":"Tigalda Bay, Tigalda Island","type":"reference","region":"AK","tz":"America/Nome","gt_m":0.954}},{"type":"Feature","id":"8724196","geometry":{"type":"Point","coordinates":[-81.3517,24.7183]},"properties":{"id":"8724196","name":"Porpoise Key, Big Spanish Channel","type":"subordinate","region":"FL","tz":"America/New_York","ref":"8724580"}},{"type":"Feature","id":"8519112","geometry":{"type":"Point","coordinates":[-74.0733,40.6433]},"properties":{"id":"8519112","name":"St. George, Staten Island","type":"subordinate","region":"NY","tz":"America/New_York","ref":"8518750"}},{"type":"Feature","id":"9455595","geometry":{"type":"Point","coordinates":[-151.023,59.725]},"properties":{"id":"9455595","name":"Bear Cove, Kachemak Bay","type":"reference","region":"AK","tz":"America/Anchorage","gt_m":5.684}},{"type":"Feature","id":"8740448","geometry":{"type":"Point","coordinates":[-88.44,30.3867]},"properties":{"id":"8740448","name":"Point of Pines, Bayou Cumbest","type":"subordinate","region":"MS","tz":"America/Chicago","ref":"8760551"}},{"type":"Feature","id":"8720242","geometry":{"type":"Point","coordinates":[-81.620003,30.360001]},"properties":{"id":"8720242","name":"Jacksonville, Long Branch","type":"reference","region":"FL","tz":"America/New_York","gt_m":0.828}},{"type":"Feature","id":"8667425","geometry":{"type":"Point","coordinates":[-80.34,32.54]},"properties":{"id":"8667425","name":"Peters Point, St. Pierre Creek","type":"subordinate","region":"SC","tz":"America/New_York","ref":"8670870"}},{"type":"Feature","id":"9434132","geometry":{"type":"Point","coordinates":[-124.129997,44.016701]},"properties":{"id":"9434132","name":"Siuslaw River Entrance","type":"subordinate","region":"OR","tz":"America/Los_Angeles","ref":"9432780"}},{"type":"Feature","id":"8537026","geometry":{"type":"Point","coordinates":[-75.1417,39.275]},"properties":{"id":"8537026","name":"Hollywood Beach, The Glades","type":"subordinate","region":"NJ","tz":"America/New_York","ref":"8551910"}},{"type":"Feature","id":"9461292","geometry":{"type":"Point","coordinates":[-177.068,51.87]},"properties":{"id":"9461292","name":"Shoal Point","type":"subordinate","region":"AK","tz":"America/Adak","ref":"9461380"}},{"type":"Feature","id":"9465149","geometry":{"type":"Point","coordinates":[-156.656998,58.671696]},"properties":{"id":"9465149","name":"King Salmon Airport","type":"subordinate","region":"AK","tz":"America/Anchorage","ref":"9465203"}},{"type":"Feature","id":"9451434","geometry":{"type":"Point","coordinates":[-132.98,56.8]},"properties":{"id":"9451434","name":"Turn Point","type":"reference","region":"AK","tz":"America/Sitka","gt_m":4.898}},{"type":"Feature","id":"8762928","geometry":{"type":"Point","coordinates":[-90.6617,29.245]},"properties":{"id":"8762928","name":"Cocodrie, Terrebonne Bay","type":"reference","region":"LA","tz":"America/Chicago","gt_m":0.321}},{"type":"Feature","id":"8670678","geometry":{"type":"Point","coordinates":[-81.0367,32.0817]},"properties":{"id":"8670678","name":"Fort Jackson","type":"subordinate","region":"GA","tz":"America/New_York","ref":"8670870"}},{"type":"Feature","id":"1612404","geometry":{"type":"Point","coordinates":[-157.94,21.3683]},"properties":{"id":"1612404","name":"Pearl Harbor, Ford Island Ferry","type":"reference","region":"HI","tz":"Pacific/Honolulu","gt_m":0.592}},{"type":"Feature","id":"8661867","geometry":{"type":"Point","coordinates":[-79.1017,33.4717]},"properties":{"id":"8661867","name":"Litchfield Beach bridge","type":"subordinate","region":"SC","tz":"America/New_York","ref":"8661070"}},{"type":"Feature","id":"8638051","geometry":{"type":"Point","coordinates":[-76.3183,37.1083]},"properties":{"id":"8638051","name":"Messick Point, Back River","type":"subordinate","region":"VA","tz":"America/New_York","ref":"8638610"}},{"type":"Feature","id":"8724438","geometry":{"type":"Point","coordinates":[-81.645,24.6033]},"properties":{"id":"8724438","name":"Shark Key, southeast end, Similar Sound","type":"subordinate","region":"FL","tz":"America/New_York","ref":"8724580"}},{"type":"Feature","id":"9447952","geometry":{"type":"Point","coordinates":[-122.617,48.2867]},"properties":{"id":"9447952","name":"Crescent Harbor, N. Whidbey Island","type":"subordinate","region":"WA","tz":"America/Los_Angeles","ref":"9447130"}},{"type":"Feature","id":"9454798","geometry":{"type":"Point","coordinates":[-148.172,60.7417]},"properties":{"id":"9454798","name":"Culross Bay, Wells Passage","type":"subordinate","region":"AK","tz":"America/Anchorage","ref":"9454050"}},{"type":"Feature","id":"9451095","geometry":{"type":"Point","coordinates":[-133.6,56.3083]},"properties":{"id":"9451095","name":"Port Protection, Prince of Wales Island.","type":"subordinate","region":"AK","tz":"America/Sitka","ref":"9451600"}},{"type":"Feature","id":"8578240","geometry":{"type":"Point","coordinates":[-76.533333,38.133333]},"properties":{"id":"8578240","name":"Piney Point, Md.","type":"subordinate","region":"MD","tz":"America/New_York","ref":"8594900"}},{"type":"Feature","id":"9469239","geometry":{"type":"Point","coordinates":[-166.353,65.2667]},"properties":{"id":"9469239","name":"Teller, Port Clarance","type":"reference","region":"AK","tz":"America/Nome","gt_m":0.36}},{"type":"Feature","id":"8630371","geometry":{"type":"Point","coordinates":[-75.4917,37.8817]},"properties":{"id":"8630371","name":"Wishart Point, Bogues Bay","type":"subordinate","region":"VA","tz":"America/New_York","ref":"8570280"}},{"type":"Feature","id":"8667999","geometry":{"type":"Point","coordinates":[-80.675,32.43]},"properties":{"id":"8667999","name":"Beaufort","type":"reference","region":"SC","tz":"America/New_York","gt_m":2.432}},{"type":"Feature","id":"9454887","geometry":{"type":"Point","coordinates":[-148.46,60.5417]},"properties":{"id":"9454887","name":"Kings Bay, Port Nellie Juan","type":"subordinate","region":"AK","tz":"America/Anchorage","ref":"9454050"}},{"type":"Feature","id":"8724138","geometry":{"type":"Point","coordinates":[-81.2817,24.655]},"properties":{"id":"8724138","name":"Bahia Honda Key, Bahia Honda Channel","type":"subordinate","region":"FL","tz":"America/New_York","ref":"8724580"}},{"type":"Feature","id":"TWC1989","geometry":{"type":"Point","coordinates":[-151.416667,60.716667]},"properties":{"id":"TWC1989","name":"East Foreland","type":"subordinate","region":"AK","tz":"America/Anchorage","ref":"9455500"}},{"type":"Feature","id":"9437581","geometry":{"type":"Point","coordinates":[-123.943,45.5683]},"properties":{"id":"9437581","name":"Barview","type":"subordinate","region":"OR","tz":"America/Los_Angeles","ref":"9419750"}},{"type":"Feature","id":"8572467","geometry":{"type":"Point","coordinates":[-76.3733,38.8367]},"properties":{"id":"8572467","name":"Kent Point Marina","type":"reference","region":"MD","tz":"America/New_York","gt_m":0.473}},{"type":"Feature","id":"8724842","geometry":{"type":"Point","coordinates":[-81.2133,25.5533]},"properties":{"id":"8724842","name":"Lostmans River entrance","type":"subordinate","region":"FL","tz":"America/New_York","ref":"8725110"}},{"type":"Feature","id":"8512769","geometry":{"type":"Point","coordinates":[-72.586611,40.818556]},"properties":{"id":"8512769","name":"Shinnecock Yacht Club, Penniman Creek","type":"reference","region":"NY","tz":"America/New_York","gt_m":0.884}},{"type":"Feature","id":"8532585","geometry":{"type":"Point","coordinates":[-74.055,40.105]},"properties":{"id":"8532585","name":"Brielle, Route 35 bridge","type":"subordinate","region":"NJ","tz":"America/New_York","ref":"8531680"}},{"type":"Feature","id":"8669323","geometry":{"type":"Point","coordinates":[-80.86,32.185]},"properties":{"id":"8669323","name":"Savage I., Savage Creek, Bull Creek","type":"subordinate","region":"SC","tz":"America/New_York","ref":"8670870"}},{"type":"Feature","id":"8720216","geometry":{"type":"Point","coordinates":[-81.6983,30.3983]},"properties":{"id":"8720216","name":"Lake Forest, Ribault River","type":"subordinate","region":"FL","tz":"America/New_York","ref":"8720218"}},{"type":"Feature","id":"TEC3411","geometry":{"type":"Point","coordinates":[-81.05,31.983333]},"properties":{"id":"TEC3411","name":"Isle of Hope, Skidaway River","type":"subordinate","region":"GA","tz":"America/New_York","ref":"8670870"}},{"type":"Feature","id":"8720833","geometry":{"type":"Point","coordinates":[-81.1367,29.4783]},"properties":{"id":"8720833","name":"Smith Creek, Flagler Beach","type":"subordinate","region":"FL","tz":"America/New_York","ref":"8720030"}},{"type":"Feature","id":"9462941","geometry":{"type":"Point","coordinates":[-163.534167,55.064278]},"properties":{"id":"9462941","name":"Cape Chunak, AK","type":"reference","region":"AK","tz":"America/Nome","gt_m":2.273}},{"type":"Feature","id":"8447495","geometry":{"type":"Point","coordinates":[-70.0567,41.6683]},"properties":{"id":"8447495","name":"Saquatucket Harbor","type":"reference","region":"MA","tz":"America/New_York","gt_m":1.326}},{"type":"Feature","id":"8672696","geometry":{"type":"Point","coordinates":[-81.2033,31.7883]},"properties":{"id":"8672696","name":"Kilkenny Club, Kilkenny Creek","type":"subordinate","region":"GA","tz":"America/New_York","ref":"8670870"}},{"type":"Feature","id":"9452081","geometry":{"type":"Point","coordinates":[-133.690002,58.116695]},"properties":{"id":"9452081","name":"Port Snettisham, Speel River Arm","type":"reference","region":"AK","tz":"America/Juneau","gt_m":4.629}},{"type":"Feature","id":"8447636","geometry":{"type":"Point","coordinates":[-70.913696,41.621201]},"properties":{"id":"8447636","name":"New Bedford Harbor, Marine Terminal","type":"reference","region":"MA","tz":"America/New_York","gt_m":1.218}},{"type":"Feature","id":"8638421","geometry":{"type":"Point","coordinates":[-76.6683,37.0567]},"properties":{"id":"8638421","name":"Burwell Bay","type":"subordinate","region":"VA","tz":"America/New_York","ref":"8638610"}},{"type":"Feature","id":"8665728","geometry":{"type":"Point","coordinates":[-79.8767,32.7533]},"properties":{"id":"8665728","name":"Fort Sumter","type":"subordinate","region":"SC","tz":"America/New_York","ref":"8665530"}},{"type":"Feature","id":"9414549","geometry":{"type":"Point","coordinates":[-122.007,37.435]},"properties":{"id":"9414549","name":"Upper Guadalupe Slough","type":"subordinate","region":"CA","tz":"America/Los_Angeles","ref":"9414290"}},{"type":"Feature","id":"8662670","geometry":{"type":"Point","coordinates":[-79.5217,33.245]},"properties":{"id":"8662670","name":"Pleasant Hill Landing, Santee River","type":"subordinate","region":"SC","tz":"America/New_York","ref":"8665530"}},{"type":"Feature","id":"8663461","geometry":{"type":"Point","coordinates":[-79.3933,33.1083]},"properties":{"id":"8663461","name":"Casino Creek, ICWW","type":"subordinate","region":"SC","tz":"America/New_York","ref":"8665530"}},{"type":"Feature","id":"8669414","geometry":{"type":"Point","coordinates":[-80.8567,32.165]},"properties":{"id":"8669414","name":"Bull Creek, Bull Island South, Cooper River","type":"subordinate","region":"SC","tz":"America/New_York","ref":"8670870"}},{"type":"Feature","id":"9452649","geometry":{"type":"Point","coordinates":[-136.422,57.8467]},"properties":{"id":"9452649","name":"Canoe Cove, North Pass","type":"subordinate","region":"AK","tz":"America/Juneau","ref":"9452634"}},{"type":"Feature","id":"9445683","geometry":{"type":"Point","coordinates":[-122.477,47.7467]},"properties":{"id":"9445683","name":"Port Jefferson","type":"subordinate","region":"WA","tz":"America/Los_Angeles","ref":"9447130"}},{"type":"Feature","id":"9452124","geometry":{"type":"Point","coordinates":[-134.006134,58.408669]},"properties":{"id":"9452124","name":"Taku Point, Taku Inlet","type":"subordinate","region":"AK","tz":"America/Juneau","ref":"9452210"}},{"type":"Feature","id":"8635171","geometry":{"type":"Point","coordinates":[-77.2267,38.2433]},"properties":{"id":"8635171","name":"Hopyard Landing","type":"subordinate","region":"VA","tz":"America/New_York","ref":"8594900"}},{"type":"Feature","id":"9446484","geometry":{"type":"Point","coordinates":[-122.4133,47.266701]},"properties":{"id":"9446484","name":"Tacoma, Commencement Bay, Sitcum Waterway","type":"reference","region":"WA","tz":"America/Los_Angeles","gt_m":3.589}},{"type":"Feature","id":"8678688","geometry":{"type":"Point","coordinates":[-81.4467,30.93]},"properties":{"id":"8678688","name":"Cumberland Wharf, Cumberland River","type":"subordinate","region":"GA","tz":"America/New_York","ref":"8720030"}},{"type":"Feature","id":"9452082","geometry":{"type":"Point","coordinates":[-133.742,58.0967]},"properties":{"id":"9452082","name":"Port Snettisham, Crib Point","type":"subordinate","region":"AK","tz":"America/Juneau","ref":"9452210"}},{"type":"Feature","id":"8414684","geometry":{"type":"Point","coordinates":[-68.8017,44.5717]},"properties":{"id":"8414684","name":"Bucksport","type":"subordinate","region":"ME","tz":"America/New_York","ref":"8413320"}},{"type":"Feature","id":"9452064","geometry":{"type":"Point","coordinates":[-133.578,57.7183]},"properties":{"id":"9452064","name":"Holkham Bay, Wood Spit","type":"subordinate","region":"AK","tz":"America/Juneau","ref":"9452210"}},{"type":"Feature","id":"9441156","geometry":{"type":"Point","coordinates":[-124.128,46.95]},"properties":{"id":"9441156","name":"Point Brown","type":"subordinate","region":"WA","tz":"America/Los_Angeles","ref":"9440910"}},{"type":"Feature","id":"8723372","geometry":{"type":"Point","coordinates":[-80.1883,25.5067]},"properties":{"id":"8723372","name":"Sands Key, northwest point, Biscayne Bay","type":"subordinate","region":"FL","tz":"America/New_York","ref":"8723178"}},{"type":"Feature","id":"9461667","geometry":{"type":"Point","coordinates":[-174.48,52.0267]},"properties":{"id":"9461667","name":"Sagchudak Island","type":"subordinate","region":"AK","tz":"America/Adak","ref":"9461380"}},{"type":"Feature","id":"8725319","geometry":{"type":"Point","coordinates":[-81.8433,26.4]},"properties":{"id":"8725319","name":"Coconut Point","type":"reference","region":"FL","tz":"America/New_York","gt_m":0.755}},{"type":"Feature","id":"8571416","geometry":{"type":"Point","coordinates":[-75.8833,38.2167]},"properties":{"id":"8571416","name":"Great Shoals Light, Monie Bay","type":"subordinate","region":"MD","tz":"America/New_York","ref":"8638863"}},{"type":"Feature","id":"8672219","geometry":{"type":"Point","coordinates":[-81.1467,31.8533]},"properties":{"id":"8672219","name":"Florida Passage, Ogeechee River","type":"subordinate","region":"GA","tz":"America/New_York","ref":"8670870"}},{"type":"Feature","id":"TWC0649","geometry":{"type":"Point","coordinates":[-122.566667,38.2]},"properties":{"id":"TWC0649","name":"Lakeville, Petaluma River","type":"subordinate","region":"CA","tz":"America/Los_Angeles","ref":"9414290"}},{"type":"Feature","id":"8417941","geometry":{"type":"Point","coordinates":[-70.17,43.69]},"properties":{"id":"8417941","name":"Long Island","type":"subordinate","region":"ME","tz":"America/New_York","ref":"8418150"}},{"type":"Feature","id":"8416961","geometry":{"type":"Point","coordinates":[-69.6833,43.9583]},"properties":{"id":"8416961","name":"Back River","type":"subordinate","region":"ME","tz":"America/New_York","ref":"8418150"}},{"type":"Feature","id":"8574070","geometry":{"type":"Point","coordinates":[-76.09,39.5367]},"properties":{"id":"8574070","name":"Havre de Grace","type":"reference","region":"MD","tz":"America/New_York","gt_m":0.746}},{"type":"Feature","id":"8632085","geometry":{"type":"Point","coordinates":[-75.9833,37.0967]},"properties":{"id":"8632085","name":"Fishermans Island","type":"subordinate","region":"VA","tz":"America/New_York","ref":"8638863"}},{"type":"Feature","id":"8764311","geometry":{"type":"Point","coordinates":[-91.385,29.3717]},"properties":{"id":"8764311","name":"Eugene Island","type":"reference","region":"LA","tz":"America/Chicago"}},{"type":"Feature","id":"8661991","geometry":{"type":"Point","coordinates":[-79.1817,33.435]},"properties":{"id":"8661991","name":"Hagley Landing","type":"subordinate","region":"SC","tz":"America/New_York","ref":"8665530"}},{"type":"Feature","id":"8728262","geometry":{"type":"Point","coordinates":[-84.395897,29.9802]},"properties":{"id":"8728262","name":"Wakulla Airport, Ochlockonee Bay","type":"reference","region":"FL","tz":"America/New_York","gt_m":0.983}},{"type":"Feature","id":"9450273","geometry":{"type":"Point","coordinates":[-131.542,55.0667]},"properties":{"id":"9450273","name":"Tamgas Harbor, Annette Island","type":"subordinate","region":"AK","tz":"America/Metlakatla","ref":"9450460"}},{"type":"Feature","id":"9441102","geometry":{"type":"Point","coordinates":[-124.105083,46.90431]},"properties":{"id":"9441102","name":"Westport, Point Chehalis","type":"reference","region":"WA","tz":"America/Los_Angeles","gt_m":2.786}},{"type":"Feature","id":"9454721","geometry":{"type":"Point","coordinates":[-147.932,60.6717]},"properties":{"id":"9454721","name":"Perry Island (South Bay)","type":"reference","region":"AK","tz":"America/Anchorage","gt_m":3.644}},{"type":"Feature","id":"8728464","geometry":{"type":"Point","coordinates":[-84.665,29.85]},"properties":{"id":"8728464","name":"Carrabelle, Carrabelle River","type":"subordinate","region":"FL","tz":"America/New_York","ref":"8728690"}},{"type":"Feature","id":"8661913","geometry":{"type":"Point","coordinates":[-79.205,33.455]},"properties":{"id":"8661913","name":"Weymouth Plantation","type":"subordinate","region":"SC","tz":"America/New_York","ref":"8665530"}},{"type":"Feature","id":"8723912","geometry":{"type":"Point","coordinates":[-80.9067,24.7833]},"properties":{"id":"8723912","name":"Toms Harbor Cut","type":"subordinate","region":"FL","tz":"America/New_York","ref":"8724580"}},{"type":"Feature","id":"9455912","geometry":{"type":"Point","coordinates":[-150.213,61.1733]},"properties":{"id":"9455912","name":"Fire Island","type":"reference","region":"AK","tz":"America/Anchorage","gt_m":8.203}},{"type":"Feature","id":"8728488","geometry":{"type":"Point","coordinates":[-84.736702,29.801701]},"properties":{"id":"8728488","name":"South Carrabelle Beach","type":"reference","region":"FL","tz":"America/New_York","gt_m":0.749}},{"type":"Feature","id":"8417221","geometry":{"type":"Point","coordinates":[-69.81,43.8183]},"properties":{"id":"8417221","name":"Phippsburg","type":"subordinate","region":"ME","tz":"America/New_York","ref":"8418150"}},{"type":"Feature","id":"8664099","geometry":{"type":"Point","coordinates":[-79.4967,33]},"properties":{"id":"8664099","name":"Five Fathom Creek entrance","type":"subordinate","region":"SC","tz":"America/New_York","ref":"8665530"}},{"type":"Feature","id":"8664878","geometry":{"type":"Point","coordinates":[-79.6867,32.87]},"properties":{"id":"8664878","name":"Old Capers Landing, Santee Pass, Capers Island","type":"subordinate","region":"SC","tz":"America/New_York","ref":"8665530"}},{"type":"Feature","id":"9448876","geometry":{"type":"Point","coordinates":[-122.722,48.565]},"properties":{"id":"9448876","name":"Strawberry Bay, Cypress Island","type":"subordinate","region":"WA","tz":"America/Los_Angeles","ref":"9444900"}},{"type":"Feature","id":"TEC3447","geometry":{"type":"Point","coordinates":[-81.266667,31.666667]},"properties":{"id":"TEC3447","name":"South Newport Cut, N. Newport River","type":"subordinate","region":"GA","tz":"America/New_York","ref":"8670870"}},{"type":"Feature","id":"8534657","geometry":{"type":"Point","coordinates":[-74.5183,39.3817]},"properties":{"id":"8534657","name":"Pleasantville, Lakes Bay, Great Egg Harbor Inlet","type":"subordinate","region":"NJ","tz":"America/New_York","ref":"8534720"}},{"type":"Feature","id":"8516201","geometry":{"type":"Point","coordinates":[-73.5167,40.8667]},"properties":{"id":"8516201","name":"Oyster Bay Harbor","type":"subordinate","region":"NY","tz":"America/New_York","ref":"8467150"}},{"type":"Feature","id":"9459251","geometry":{"type":"Point","coordinates":[-159.759556,54.835222]},"properties":{"id":"9459251","name":"Bird Island","type":"reference","region":"AK","tz":"America/Anchorage","gt_m":2.148}},{"type":"Feature","id":"9467124","geometry":{"type":"Point","coordinates":[-165.567001,61.841702]},"properties":{"id":"9467124","name":"Kun River, Scammon Bay","type":"reference","region":"AK","tz":"America/Nome","gt_m":1.97}},{"type":"Feature","id":"8514594","geometry":{"type":"Point","coordinates":[-73.0917,40.9717]},"properties":{"id":"8514594","name":"Port Jefferson Harbor entrance","type":"subordinate","region":"NY","tz":"America/New_York","ref":"8467150"}},{"type":"Feature","id":"8726520","geometry":{"type":"Point","coordinates":[-82.6269,27.760599]},"properties":{"id":"8726520","name":"St. Petersburg","type":"reference","region":"FL","tz":"America/New_York","gt_m":0.688}},{"type":"Feature","id":"8725110","geometry":{"type":"Point","coordinates":[-81.8075,26.131667]},"properties":{"id":"8725110","name":"Naples (outer coast)","type":"reference","region":"FL","tz":"America/New_York","gt_m":0.875}},{"type":"Feature","id":"8573704","geometry":{"type":"Point","coordinates":[-76.0633,39.3717]},"properties":{"id":"8573704","name":"Sassafras River, Betterton","type":"reference","region":"MD","tz":"America/New_York","gt_m":0.657}},{"type":"Feature","id":"8570280","geometry":{"type":"Point","coordinates":[-75.0833,38.3267]},"properties":{"id":"8570280","name":"OCEAN CITY (FISHING PIER)","type":"reference","region":"MD","tz":"America/New_York","gt_m":1.187}},{"type":"Feature","id":"9454240","geometry":{"type":"Point","coordinates":[-146.362,61.125]},"properties":{"id":"9454240","name":"VALDEZ, Port Valdez","type":"reference","region":"AK","tz":"America/Anchorage","gt_m":3.702}},{"type":"Feature","id":"8532611","geometry":{"type":"Point","coordinates":[-74.0867,40.0967]},"properties":{"id":"8532611","name":"Riviera Beach","type":"subordinate","region":"NJ","tz":"America/New_York","ref":"8531680"}},{"type":"Feature","id":"8518526","geometry":{"type":"Point","coordinates":[-73.795,40.805]},"properties":{"id":"8518526","name":"Throgs Neck, Fort Schuyler","type":"reference","region":"NY","tz":"America/New_York","gt_m":2.367}},{"type":"Feature","id":"TEC3515","geometry":{"type":"Point","coordinates":[-81.516667,31.183333]},"properties":{"id":"TEC3515","name":"Allied Chemical Corp. docks","type":"subordinate","region":"GA","tz":"America/New_York","ref":"8670870"}},{"type":"Feature","id":"8633777","geometry":{"type":"Point","coordinates":[-75.728302,37.9217]},"properties":{"id":"8633777","name":"Saxis, Starling Creek","type":"reference","region":"MD","tz":"America/New_York","gt_m":0.774}},{"type":"Feature","id":"8539094","geometry":{"type":"Point","coordinates":[-74.869698,40.081699]},"properties":{"id":"8539094","name":"Burlington, N.J.","type":"reference","region":"NJ","tz":"America/New_York","gt_m":2.393}},{"type":"Feature","id":"9466298","geometry":{"type":"Point","coordinates":[-165.133,60.5167]},"properties":{"id":"9466298","name":"Nelson Island, Tooksook Bay","type":"reference","region":"AK","tz":"America/Nome","gt_m":2.96}},{"type":"Feature","id":"8729425","geometry":{"type":"Point","coordinates":[-86.328796,30.3894]},"properties":{"id":"8729425","name":"Driftwood Point, Choctawhatchee Bay","type":"reference","region":"FL","tz":"America/Chicago","gt_m":0.17}},{"type":"Feature","id":"8729210","geometry":{"type":"Point","coordinates":[-85.878583,30.21375]},"properties":{"id":"8729210","name":"Panama City Beach","type":"reference","region":"FL","tz":"America/Chicago","gt_m":0.425}},{"type":"Feature","id":"8571616","geometry":{"type":"Point","coordinates":[-75.606697,38.365002]},"properties":{"id":"8571616","name":"Salisbury, Wicomico River","type":"reference","region":"MD","tz":"America/New_York","gt_m":1.055}},{"type":"Feature","id":"9462465","geometry":{"type":"Point","coordinates":[-167.843,53.3967]},"properties":{"id":"9462465","name":"Otter Point","type":"subordinate","region":"AK","tz":"America/Nome","ref":"9462620"}},{"type":"Feature","id":"9415144","geometry":{"type":"Point","coordinates":[-122.0395,38.056]},"properties":{"id":"9415144","name":"PORT CHICAGO, SUISUN BAY","type":"reference","region":"CA","tz":"America/Los_Angeles","gt_m":1.498}},{"type":"Feature","id":"9451826","geometry":{"type":"Point","coordinates":[-135.618,57.3717]},"properties":{"id":"9451826","name":"Haley Anchorage, Fish Bay","type":"subordinate","region":"AK","tz":"America/Sitka","ref":"9451600"}},{"type":"Feature","id":"9450212","geometry":{"type":"Point","coordinates":[-132.007,54.98]},"properties":{"id":"9450212","name":"Ingraham Bay, Prince of Wales Island","type":"subordinate","region":"AK","tz":"America/Sitka","ref":"9450460"}},{"type":"Feature","id":"8723861","geometry":{"type":"Point","coordinates":[-80.6183,24.85]},"properties":{"id":"8723861","name":"Alligator Reef, Hawk Channel","type":"subordinate","region":"FL","tz":"America/New_York","ref":"8723178"}},{"type":"Feature","id":"8728548","geometry":{"type":"Point","coordinates":[-84.7867,29.6867]},"properties":{"id":"8728548","name":"St. George Island, East End","type":"subordinate","region":"FL","tz":"America/New_York","ref":"8728690"}},{"type":"Feature","id":"8664582","geometry":{"type":"Point","coordinates":[-79.7333,32.92]},"properties":{"id":"8664582","name":"Woodville","type":"subordinate","region":"SC","tz":"America/New_York","ref":"8665530"}},{"type":"Feature","id":"8666017","geometry":{"type":"Point","coordinates":[-80.4367,32.715]},"properties":{"id":"8666017","name":"Penny Creek, south of, Edisto River","type":"subordinate","region":"SC","tz":"America/New_York","ref":"8670870"}},{"type":"Feature","id":"8532786","geometry":{"type":"Point","coordinates":[-74.0533,40.0367]},"properties":{"id":"8532786","name":"Mantoloking","type":"subordinate","region":"NJ","tz":"America/New_York","ref":"8531680"}},{"type":"Feature","id":"8631234","geometry":{"type":"Point","coordinates":[-75.6833,37.4967]},"properties":{"id":"8631234","name":"Revel Creek, Revel Island","type":"subordinate","region":"VA","tz":"America/New_York","ref":"8570280"}},{"type":"Feature","id":"8518964","geometry":{"type":"Point","coordinates":[-73.9167,42.0583]},"properties":{"id":"8518964","name":"Tivoli","type":"subordinate","region":"NY","tz":"America/New_York","ref":"8518750"}},{"type":"Feature","id":"8533005","geometry":{"type":"Point","coordinates":[-74.115,39.9633]},"properties":{"id":"8533005","name":"Goose Creek entrance","type":"subordinate","region":"NJ","tz":"America/New_York","ref":"8531680"}},{"type":"Feature","id":"8417367","geometry":{"type":"Point","coordinates":[-69.8833,43.89]},"properties":{"id":"8417367","name":"Howard Point, New Meadows River","type":"subordinate","region":"ME","tz":"America/New_York","ref":"8418150"}},{"type":"Feature","id":"9440079","geometry":{"type":"Point","coordinates":[-122.020302,45.6203]},"properties":{"id":"9440079","name":"Beacon Rock State Park","type":"reference","region":"WA","tz":"America/Los_Angeles","gt_m":0.53}},{"type":"Feature","id":"8720093","geometry":{"type":"Point","coordinates":[-81.6083,30.5767]},"properties":{"id":"8720093","name":"Halfmoon Island, highway bridge","type":"subordinate","region":"FL","tz":"America/New_York","ref":"8720030"}},{"type":"Feature","id":"8671086","geometry":{"type":"Point","coordinates":[-81.0233,31.99]},"properties":{"id":"8671086","name":"Skidaway Institute, Skidaway River","type":"reference","region":"GA","tz":"America/New_York","gt_m":2.552}},{"type":"Feature","id":"8449062","geometry":{"type":"Point","coordinates":[-70.2083,41.2917]},"properties":{"id":"8449062","name":"Eel Point","type":"subordinate","region":"MA","tz":"America/New_York","ref":"8443970"}},{"type":"Feature","id":"8571214","geometry":{"type":"Point","coordinates":[-76.0967,38.0683]},"properties":{"id":"8571214","name":"Holland Island Bar Light","type":"subordinate","region":"MD","tz":"America/New_York","ref":"8638863"}},{"type":"Feature","id":"8441241","geometry":{"type":"Point","coordinates":[-70.788611,42.710139]},"properties":{"id":"8441241","name":"Plum Island Sound (south end)","type":"reference","region":"MA","tz":"America/New_York","gt_m":2.892}},{"type":"Feature","id":"8723289","geometry":{"type":"Point","coordinates":[-80.305,25.615]},"properties":{"id":"8723289","name":"Cutler, Biscayne Bay","type":"reference","region":"FL","tz":"America/New_York","gt_m":0.649}},{"type":"Feature","id":"TEC4513","geometry":{"type":"Point","coordinates":[-94.883333,29.383333]},"properties":{"id":"TEC4513","name":"Texas City, Turning Basin","type":"subordinate","region":"TX","tz":"America/Chicago","ref":"8771450"}},{"type":"Feature","id":"9461391","geometry":{"type":"Point","coordinates":[-176.53,51.7133]},"properties":{"id":"9461391","name":"Boot Bay","type":"subordinate","region":"AK","tz":"America/Adak","ref":"9461380"}},{"type":"Feature","id":"8761819","geometry":{"type":"Point","coordinates":[-90.0383,29.4017]},"properties":{"id":"8761819","name":"TEXACO DOCK, HACKBERRY BAY","type":"reference","region":"LA","tz":"America/Chicago","gt_m":0.275}},{"type":"Feature","id":"9450997","geometry":{"type":"Point","coordinates":[-133.33,56.1633]},"properties":{"id":"9450997","name":"El Capitan Passage, W. of Aneskett Pt.","type":"reference","region":"AK","tz":"America/Sitka","gt_m":3.402}},{"type":"Feature","id":"8662799","geometry":{"type":"Point","coordinates":[-79.4067,33.185]},"properties":{"id":"8662799","name":"U.S. Highway 17 bridge, South Santee River","type":"subordinate","region":"SC","tz":"America/New_York","ref":"8665530"}},{"type":"Feature","id":"8639348","geometry":{"type":"Point","coordinates":[-76.301861,36.778194]},"properties":{"id":"8639348","name":"Money Point","type":"reference","region":"VA","tz":"America/New_York","gt_m":0.976}},{"type":"Feature","id":"8765746","geometry":{"type":"Point","coordinates":[-92.135201,29.6744]},"properties":{"id":"8765746","name":"Bayou Fearman, Vermillion Bay","type":"reference","region":"LA","tz":"America/Chicago","gt_m":0.522}},{"type":"Feature","id":"8631542","geometry":{"type":"Point","coordinates":[-75.7783,37.3017]},"properties":{"id":"8631542","name":"Sand Shoal Inlet (Coast Guard Station)","type":"subordinate","region":"VA","tz":"America/New_York","ref":"8570280"}},{"type":"Feature","id":"8417997","geometry":{"type":"Point","coordinates":[-70.1983,43.645]},"properties":{"id":"8417997","name":"Cushing Island","type":"subordinate","region":"ME","tz":"America/New_York","ref":"8418150"}},{"type":"Feature","id":"9416024","geometry":{"type":"Point","coordinates":[-123.245,38.5133]},"properties":{"id":"9416024","name":"Fort Ross","type":"subordinate","region":"CA","tz":"America/Los_Angeles","ref":"9414290"}},{"type":"Feature","id":"9462948","geometry":{"type":"Point","coordinates":[-163.44,54.9667]},"properties":{"id":"9462948","name":"Neumans Cove, Unimak Island","type":"reference","region":"AK","tz":"America/Nome","gt_m":1.309}},{"type":"Feature","id":"8665494","geometry":{"type":"Point","coordinates":[-79.785,32.7833]},"properties":{"id":"8665494","name":"Isle of Palms Pier","type":"subordinate","region":"SC","tz":"America/New_York","ref":"8665530"}},{"type":"Feature","id":"TEC4445","geometry":{"type":"Point","coordinates":[-89.933333,30]},"properties":{"id":"TEC4445","name":"Paris Road Bridge (ICWW)","type":"subordinate","region":"LA","tz":"America/Chicago","ref":"8761724"}},{"type":"Feature","id":"8760889","geometry":{"type":"Point","coordinates":[-89.380139,29.386556]},"properties":{"id":"8760889","name":"Grand Bay","type":"reference","region":"LA","tz":"America/Chicago","gt_m":0.391}},{"type":"Feature","id":"8651370","geometry":{"type":"Point","coordinates":[-75.746696,36.1833]},"properties":{"id":"8651370","name":"DUCK PIER","type":"reference","region":"NC","tz":"America/New_York","gt_m":1.124}},{"type":"Feature","id":"9459085","geometry":{"type":"Point","coordinates":[-159.105,55.8433]},"properties":{"id":"9459085","name":"Chiachi Island (east side)","type":"subordinate","region":"AK","tz":"America/Anchorage","ref":"9457292"}},{"type":"Feature","id":"9454672","geometry":{"type":"Point","coordinates":[-147.761398,61.205799]},"properties":{"id":"9454672","name":"College Fiord","type":"reference","region":"AK","tz":"America/Anchorage","gt_m":3.827}},{"type":"Feature","id":"8531463","geometry":{"type":"Point","coordinates":[-74.434998,40.4883]},"properties":{"id":"8531463","name":"New Brunswick","type":"reference","region":"NJ","tz":"America/New_York","gt_m":1.909}},{"type":"Feature","id":"9450296","geometry":{"type":"Point","coordinates":[-131.217,55.1]},"properties":{"id":"9450296","name":"Custom House Cove, Mary Island","type":"reference","region":"AK","tz":"America/Sitka","gt_m":4.646}},{"type":"Feature","id":"8775241","geometry":{"type":"Point","coordinates":[-97.039101,27.836599]},"properties":{"id":"8775241","name":"Aransas, Aransas Pass","type":"reference","region":"TX","tz":"America/Chicago","gt_m":0.418}},{"type":"Feature","id":"8726917","geometry":{"type":"Point","coordinates":[-82.8433,28.165]},"properties":{"id":"8726917","name":"Anclote Key, southern end","type":"reference","region":"FL","tz":"America/New_York","gt_m":1.011}},{"type":"Feature","id":"9414525","geometry":{"type":"Point","coordinates":[-122.105,37.4583]},"properties":{"id":"9414525","name":"Palo Alto Yacht Harbor","type":"subordinate","region":"CA","tz":"America/Los_Angeles","ref":"9414290"}},{"type":"Feature","id":"8723303","geometry":{"type":"Point","coordinates":[-80.1617,25.59]},"properties":{"id":"8723303","name":"Soldier Key","type":"subordinate","region":"FL","tz":"America/New_York","ref":"8723178"}},{"type":"Feature","id":"9457259","geometry":{"type":"Point","coordinates":[-152.415,58.5183]},"properties":{"id":"9457259","name":"Andreon Bay, Shuyak Island","type":"subordinate","region":"AK","tz":"America/Anchorage","ref":"9457292"}},{"type":"Feature","id":"9419059","geometry":{"type":"Point","coordinates":[-124.147,41.0567]},"properties":{"id":"9419059","name":"Trinidad Harbor","type":"subordinate","region":"CA","tz":"America/Los_Angeles","ref":"9419750"}},{"type":"Feature","id":"9457481","geometry":{"type":"Point","coordinates":[-153.155,58.11]},"properties":{"id":"9457481","name":"Dolphin Point, Raspberry Strait","type":"subordinate","region":"AK","tz":"America/Anchorage","ref":"9455500"}},{"type":"Feature","id":"8724368","geometry":{"type":"Point","coordinates":[-81.555,24.6933]},"properties":{"id":"8724368","name":"Sugarloaf Key, north end, Bow Channel","type":"subordinate","region":"FL","tz":"America/New_York","ref":"8724580"}},{"type":"Feature","id":"8666359","geometry":{"type":"Point","coordinates":[-80.7383,32.6833]},"properties":{"id":"8666359","name":"Bluff Plantation","type":"subordinate","region":"SC","tz":"America/New_York","ref":"8670870"}},{"type":"Feature","id":"8518924","geometry":{"type":"Point","coordinates":[-73.9633,41.2183]},"properties":{"id":"8518924","name":"Haverstraw","type":"reference","region":"NY","tz":"America/New_York","gt_m":1.12}},{"type":"Feature","id":"8447930","geometry":{"type":"Point","coordinates":[-70.671112,41.523613]},"properties":{"id":"8447930","name":"OCEANOGRAPHIC INSTITUTION","type":"reference","region":"MA","tz":"America/New_York","gt_m":0.672}},{"type":"Feature","id":"9456992","geometry":{"type":"Point","coordinates":[-154.477,58.0633]},"properties":{"id":"9456992","name":"Takli Island, Shelikof Strait","type":"subordinate","region":"AK","tz":"America/Anchorage","ref":"9455500"}},{"type":"Feature","id":"9410660","geometry":{"type":"Point","coordinates":[-118.272,33.72]},"properties":{"id":"9410660","name":"LOS ANGELES (Outer Harbor)","type":"reference","region":"CA","tz":"America/Los_Angeles","gt_m":1.674}},{"type":"Feature","id":"8720006","geometry":{"type":"Point","coordinates":[-81.7267,30.7317]},"properties":{"id":"8720006","name":"Little St. Marys River","type":"subordinate","region":"GA","tz":"America/New_York","ref":"8720030"}},{"type":"Feature","id":"8551201","geometry":{"type":"Point","coordinates":[-75.5617,39.6567]},"properties":{"id":"8551201","name":"New Castle, Delaware","type":"subordinate","region":"DE","tz":"America/New_York","ref":"8551910"}},{"type":"Feature","id":"8530505","geometry":{"type":"Point","coordinates":[-73.9783,40.8133]},"properties":{"id":"8530505","name":"Edgewater, N.J.","type":"subordinate","region":"NJ","tz":"America/New_York","ref":"8518750"}},{"type":"Feature","id":"9417624","geometry":{"type":"Point","coordinates":[-123.783,39.6333]},"properties":{"id":"9417624","name":"Westport","type":"subordinate","region":"CA","tz":"America/Los_Angeles","ref":"9416841"}},{"type":"Feature","id":"8533665","geometry":{"type":"Point","coordinates":[-74.2017,39.745]},"properties":{"id":"8533665","name":"Double Creek","type":"subordinate","region":"NJ","tz":"America/New_York","ref":"8531680"}},{"type":"Feature","id":"8674512","geometry":{"type":"Point","coordinates":[-81.3717,31.5483]},"properties":{"id":"8674512","name":"Pine Harbor, Sapelo River","type":"subordinate","region":"GA","tz":"America/New_York","ref":"8670870"}},{"type":"Feature","id":"9414873","geometry":{"type":"Point","coordinates":[-122.475,37.945]},"properties":{"id":"9414873","name":"Point San Quentin","type":"subordinate","region":"CA","tz":"America/Los_Angeles","ref":"9414290"}},{"type":"Feature","id":"8515586","geometry":{"type":"Point","coordinates":[-73.3533,40.9]},"properties":{"id":"8515586","name":"Northport, Northport Bay","type":"reference","region":"NY","tz":"America/New_York","gt_m":2.392}},{"type":"Feature","id":"9458849","geometry":{"type":"Point","coordinates":[-158.107,56.1467]},"properties":{"id":"9458849","name":"Chankliut Island","type":"subordinate","region":"AK","tz":"America/Anchorage","ref":"9457292"}},{"type":"Feature","id":"8656502","geometry":{"type":"Point","coordinates":[-76.7108,34.720001]},"properties":{"id":"8656502","name":"Morehead City Harbor","type":"reference","region":"NC","tz":"America/New_York","gt_m":1.066}},{"type":"Feature","id":"8746819","geometry":{"type":"Point","coordinates":[-89.245,30.31]},"properties":{"id":"8746819","name":"Pass Christian Yacht Club, Mississippi Sound","type":"subordinate","region":"MS","tz":"America/Chicago","ref":"8760551"}},{"type":"Feature","id":"8669133","geometry":{"type":"Point","coordinates":[-80.7717,32.2233]},"properties":{"id":"8669133","name":"Skull Creek, south entrance, Hilton Head Island","type":"subordinate","region":"SC","tz":"America/New_York","ref":"8670870"}},{"type":"Feature","id":"8414348","geometry":{"type":"Point","coordinates":[-68.6617,44.1533]},"properties":{"id":"8414348","name":"Stonington, Deer Isle","type":"subordinate","region":"ME","tz":"America/New_York","ref":"8413320"}},{"type":"Feature","id":"8729868","geometry":{"type":"Point","coordinates":[-87.2733,30.345]},"properties":{"id":"8729868","name":"Warrington, 2 miles south of","type":"subordinate","region":"FL","tz":"America/Chicago","ref":"8729840"}},{"type":"Feature","id":"8447742","geometry":{"type":"Point","coordinates":[-70.4633,41.5867]},"properties":{"id":"8447742","name":"Poponesset Island, Poponesset Bay","type":"subordinate","region":"MA","tz":"America/New_York","ref":"8443970"}},{"type":"Feature","id":"9415478","geometry":{"type":"Point","coordinates":[-121.49,38.2267]},"properties":{"id":"9415478","name":"New Hope Bridge","type":"subordinate","region":"CA","tz":"America/Los_Angeles","ref":"9415144"}},{"type":"Feature","id":"8533905","geometry":{"type":"Point","coordinates":[-74.2317,39.665]},"properties":{"id":"8533905","name":"Mill Creek, 1 n.mi. above entrance","type":"subordinate","region":"NJ","tz":"America/New_York","ref":"8531680"}},{"type":"Feature","id":"8661093","geometry":{"type":"Point","coordinates":[-79.155,33.66]},"properties":{"id":"8661093","name":"Yauhannah Bridge","type":"subordinate","region":"SC","tz":"America/New_York","ref":"8665530"}},{"type":"Feature","id":"8451929","geometry":{"type":"Point","coordinates":[-71.28,41.6683]},"properties":{"id":"8451929","name":"Bristol, Bristol Harbor","type":"subordinate","region":"RI","tz":"America/New_York","ref":"8452660"}},{"type":"Feature","id":"TEC3463","geometry":{"type":"Point","coordinates":[-81.2,31.533333]},"properties":{"id":"TEC3463","name":"Blackbeard Island","type":"subordinate","region":"GA","tz":"America/New_York","ref":"8670870"}},{"type":"Feature","id":"8571519","geometry":{"type":"Point","coordinates":[-76.205,38.2967]},"properties":{"id":"8571519","name":"Middle Hooper Island","type":"subordinate","region":"MD","tz":"America/New_York","ref":"8574680"}},{"type":"Feature","id":"8594900","geometry":{"type":"Point","coordinates":[-77.021667,38.873333]},"properties":{"id":"8594900","name":"WASHINGTON, Washington Channel, D.C.","type":"reference","region":"DC","tz":"America/New_York","gt_m":0.965}},{"type":"Feature","id":"8652737","geometry":{"type":"Point","coordinates":[-75.5533,35.7483]},"properties":{"id":"8652737","name":"Davis Slough","type":"subordinate","region":"NC","tz":"America/New_York","ref":"8652587"}},{"type":"Feature","id":"8668223","geometry":{"type":"Point","coordinates":[-80.7767,32.3867]},"properties":{"id":"8668223","name":"Hwy. 170 bridge","type":"subordinate","region":"SC","tz":"America/New_York","ref":"8670870"}},{"type":"Feature","id":"8535838","geometry":{"type":"Point","coordinates":[-74.8367,38.9783]},"properties":{"id":"8535838","name":"Wildwood Crest, Sunset Lake","type":"subordinate","region":"NJ","tz":"America/New_York","ref":"8534720"}},{"type":"Feature","id":"9467645","geometry":{"type":"Point","coordinates":[-164.666901,62.687199]},"properties":{"id":"9467645","name":"Alakanuk, Yukon River","type":"reference","region":"AK","tz":"America/Nome","gt_m":0.72}},{"type":"Feature","id":"8663381","geometry":{"type":"Point","coordinates":[-79.27,33.12]},"properties":{"id":"8663381","name":"Cedar Island Point, South Santee River","type":"subordinate","region":"SC","tz":"America/New_York","ref":"8665530"}},{"type":"Feature","id":"8440273","geometry":{"type":"Point","coordinates":[-70.9083,42.8383]},"properties":{"id":"8440273","name":"Salisbury Point","type":"reference","region":"MA","tz":"America/New_York","gt_m":2.525}},{"type":"Feature","id":"8534208","geometry":{"type":"Point","coordinates":[-74.2567,39.5483]},"properties":{"id":"8534208","name":"Beach Haven Coast Guard Station","type":"subordinate","region":"NJ","tz":"America/New_York","ref":"8531680"}},{"type":"Feature","id":"8760742","geometry":{"type":"Point","coordinates":[-89.27,29.8233]},"properties":{"id":"8760742","name":"Comfort Island","type":"subordinate","region":"MS","tz":"America/Chicago","ref":"8760551"}},{"type":"Feature","id":"8661493","geometry":{"type":"Point","coordinates":[-79.084999,33.560001]},"properties":{"id":"8661493","name":"Wachesaw Landing, Waccamaw River","type":"reference","region":"SC","tz":"America/New_York","gt_m":0.829}},{"type":"Feature","id":"8720221","geometry":{"type":"Point","coordinates":[-81.5067,30.39]},"properties":{"id":"8720221","name":"Fulton","type":"subordinate","region":"FL","tz":"America/New_York","ref":"8720218"}},{"type":"Feature","id":"8724231","geometry":{"type":"Point","coordinates":[-81.395,24.745]},"properties":{"id":"8724231","name":"Big Pine Key, north end","type":"subordinate","region":"FL","tz":"America/New_York","ref":"8724580"}},{"type":"Feature","id":"8536801","geometry":{"type":"Point","coordinates":[-74.97,39.2]},"properties":{"id":"8536801","name":"Riggins Ditch, 0.5 n.mi. above entrance","type":"subordinate","region":"NJ","tz":"America/New_York","ref":"8557380"}},{"type":"Feature","id":"9415316","geometry":{"type":"Point","coordinates":[-121.692,38.145]},"properties":{"id":"9415316","name":"Rio Vista","type":"reference","region":"CA","tz":"America/Los_Angeles","gt_m":1.243}},{"type":"Feature","id":"TWC0405","geometry":{"type":"Point","coordinates":[-117.233333,32.666667]},"properties":{"id":"TWC0405","name":"Point Loma","type":"subordinate","region":"CA","tz":"America/Los_Angeles","ref":"9410170"}},{"type":"Feature","id":"TWC1893","geometry":{"type":"Point","coordinates":[-147.683333,59.95]},"properties":{"id":"TWC1893","name":"Hanning Bay","type":"subordinate","region":"AK","tz":"America/Anchorage","ref":"9454050"}},{"type":"Feature","id":"9439221","geometry":{"type":"Point","coordinates":[-122.673,45.51]},"properties":{"id":"9439221","name":"Portland Morrison Street Bridge","type":"reference","region":"OR","tz":"America/Los_Angeles","gt_m":1.102}},{"type":"Feature","id":"8720098","geometry":{"type":"Point","coordinates":[-81.515,30.5683]},"properties":{"id":"8720098","name":"Nassauville","type":"reference","region":"FL","tz":"America/New_York","gt_m":1.596}},{"type":"Feature","id":"8516661","geometry":{"type":"Point","coordinates":[-73.67,40.63]},"properties":{"id":"8516661","name":"Bay Park, Hewlett Bay","type":"reference","region":"NY","tz":"America/New_York","gt_m":1.571}},{"type":"Feature","id":"9462354","geometry":{"type":"Point","coordinates":[-168.835,53.0167]},"properties":{"id":"9462354","name":"Okee Bay","type":"subordinate","region":"AK","tz":"America/Nome","ref":"9462620"}},{"type":"Feature","id":"9414836","geometry":{"type":"Point","coordinates":[-121.577,37.8833]},"properties":{"id":"9414836","name":"Borden Highway Bridge, Old River","type":"subordinate","region":"CA","tz":"America/Los_Angeles","ref":"9415144"}},{"type":"Feature","id":"8531390","geometry":{"type":"Point","coordinates":[-74.356697,40.478298]},"properties":{"id":"8531390","name":"Sayreville","type":"reference","region":"NJ","tz":"America/New_York","gt_m":1.827}},{"type":"Feature","id":"8723465","geometry":{"type":"Point","coordinates":[-80.29,25.3733]},"properties":{"id":"8723465","name":"East Arsenicker, Card Sound","type":"reference","region":"FL","tz":"America/New_York","gt_m":0.31}},{"type":"Feature","id":"9414843","geometry":{"type":"Point","coordinates":[-122.32,37.8983]},"properties":{"id":"9414843","name":"Point Isabel","type":"subordinate","region":"CA","tz":"America/Los_Angeles","ref":"9414290"}},{"type":"Feature","id":"8534496","geometry":{"type":"Point","coordinates":[-74.3633,39.435]},"properties":{"id":"8534496","name":"Brigantine Channel @ Hoffman Thorofare","type":"subordinate","region":"NJ","tz":"America/New_York","ref":"8534720"}},{"type":"Feature","id":"9416174","geometry":{"type":"Point","coordinates":[-121.507,38.58]},"properties":{"id":"9416174","name":"Sacramento","type":"subordinate","region":"CA","tz":"America/Los_Angeles","ref":"9415144"}},{"type":"Feature","id":"8666282","geometry":{"type":"Point","coordinates":[-80.0967,32.6833]},"properties":{"id":"8666282","name":"Oak Branch, Bohicket Creek","type":"subordinate","region":"SC","tz":"America/New_York","ref":"8665530"}},{"type":"Feature","id":"8720203","geometry":{"type":"Point","coordinates":[-81.545,30.4133]},"properties":{"id":"8720203","name":"Blount Island Bridge","type":"subordinate","region":"FL","tz":"America/New_York","ref":"8720218"}},{"type":"Feature","id":"9411270","geometry":{"type":"Point","coordinates":[-119.443,34.3483]},"properties":{"id":"9411270","name":"Rincon Island, Mussel Shoals","type":"reference","region":"CA","tz":"America/Los_Angeles","gt_m":1.664}},{"type":"Feature","id":"TWC0401","geometry":{"type":"Point","coordinates":[-116.3,28.883333]},"properties":{"id":"TWC0401","name":"Isla Guadalupe","type":"subordinate","region":null,"tz":"Etc/GMT+8","ref":"9410170"}},{"type":"Feature","id":"8666283","geometry":{"type":"Point","coordinates":[-80.0067,32.6767]},"properties":{"id":"8666283","name":"Abbapoola Creek entrance","type":"subordinate","region":"SC","tz":"America/New_York","ref":"8665530"}},{"type":"Feature","id":"8724948","geometry":{"type":"Point","coordinates":[-81.3867,25.8583]},"properties":{"id":"8724948","name":"Everglades City, Barron River","type":"subordinate","region":"FL","tz":"America/New_York","ref":"8725110"}},{"type":"Feature","id":"8466375","geometry":{"type":"Point","coordinates":[-73.0417,41.205]},"properties":{"id":"8466375","name":"Gulf Beach","type":"subordinate","region":"CT","tz":"America/New_York","ref":"8467150"}},{"type":"Feature","id":"8518639","geometry":{"type":"Point","coordinates":[-73.9067,40.8017]},"properties":{"id":"8518639","name":"Port Morris (Stony Point)","type":"reference","region":"NY","tz":"America/New_York","gt_m":2.089}},{"type":"Feature","id":"9451851","geometry":{"type":"Point","coordinates":[-133.42,57.4067]},"properties":{"id":"9451851","name":"Hobart Bay","type":"subordinate","region":"AK","tz":"America/Juneau","ref":"9452210"}},{"type":"Feature","id":"8723999","geometry":{"type":"Point","coordinates":[-81.1117,24.6267]},"properties":{"id":"8723999","name":"Sombrero Key, Hawk Channel","type":"subordinate","region":"FL","tz":"America/New_York","ref":"8724580"}},{"type":"Feature","id":"9436381","geometry":{"type":"Point","coordinates":[-124.007306,45.047944]},"properties":{"id":"9436381","name":"Cascade Head, Salmon River","type":"reference","region":"OR","tz":"America/Los_Angeles","gt_m":2.174}},{"type":"Feature","id":"9449932","geometry":{"type":"Point","coordinates":[-122.797,48.535]},"properties":{"id":"9449932","name":"Armitage Island, Thatcher Pass","type":"reference","region":"WA","tz":"America/Los_Angeles","gt_m":2.391}},{"type":"Feature","id":"8747437","geometry":{"type":"Point","coordinates":[-89.3258,30.326342]},"properties":{"id":"8747437","name":"St. Louis Bay entrance","type":"reference","region":"MS","tz":"America/Chicago","gt_m":0.547}},{"type":"Feature","id":"TEC4169","geometry":{"type":"Point","coordinates":[-81.033333,25.316667]},"properties":{"id":"TEC4169","name":"Whitewater Bay","type":"subordinate","region":"FL","tz":"America/New_York","ref":"8725110"}},{"type":"Feature","id":"9440047","geometry":{"type":"Point","coordinates":[-122.382004,45.5783]},"properties":{"id":"9440047","name":"Washougal","type":"reference","region":"WA","tz":"America/Los_Angeles","gt_m":0.564}},{"type":"Feature","id":"8724093","geometry":{"type":"Point","coordinates":[-81.2283,24.6817]},"properties":{"id":"8724093","name":"Little Duck Key, east end, Hawk Channel","type":"subordinate","region":"FL","tz":"America/New_York","ref":"8724580"}},{"type":"Feature","id":"9451468","geometry":{"type":"Point","coordinates":[-135.52,56.8567]},"properties":{"id":"9451468","name":"Symonds Bay, Biorka Island","type":"subordinate","region":"AK","tz":"America/Sitka","ref":"9451600"}},{"type":"Feature","id":"8722939","geometry":{"type":"Point","coordinates":[-80.1083,26.1133]},"properties":{"id":"8722939","name":"Bahia Mar Yacht Club","type":"subordinate","region":"FL","tz":"America/New_York","ref":"8723178"}},{"type":"Feature","id":"8722816","geometry":{"type":"Point","coordinates":[-80.076698,26.3433]},"properties":{"id":"8722816","name":"Boca Raton, Lake Boca Raton","type":"reference","region":"FL","tz":"America/New_York","gt_m":0.752}},{"type":"Feature","id":"8510448","geometry":{"type":"Point","coordinates":[-71.935,41.0733]},"properties":{"id":"8510448","name":"Lake Montauk","type":"reference","region":"NY","tz":"America/New_York","gt_m":0.75}},{"type":"Feature","id":"8725520","geometry":{"type":"Point","coordinates":[-81.871111,26.647778]},"properties":{"id":"8725520","name":"Fort Myers","type":"reference","region":"FL","tz":"America/New_York","gt_m":0.401}},{"type":"Feature","id":"8729108","geometry":{"type":"Point","coordinates":[-85.664444,30.149722]},"properties":{"id":"8729108","name":"Panama City","type":"reference","region":"FL","tz":"America/Chicago","gt_m":0.409}},{"type":"Feature","id":"8571091","geometry":{"type":"Point","coordinates":[-75.8633,37.9767]},"properties":{"id":"8571091","name":"Crisfield, Little Annemessex River","type":"reference","region":"MD","tz":"America/New_York","gt_m":0.657}},{"type":"Feature","id":"8573349","geometry":{"type":"Point","coordinates":[-75.925,39.245]},"properties":{"id":"8573349","name":"Crumpton","type":"reference","region":"MD","tz":"America/New_York","gt_m":0.841}},{"type":"Feature","id":"8723457","geometry":{"type":"Point","coordinates":[-80.23,25.3917]},"properties":{"id":"8723457","name":"Christmas Point, Elliott Key","type":"subordinate","region":"FL","tz":"America/New_York","ref":"8723178"}},{"type":"Feature","id":"8723026","geometry":{"type":"Point","coordinates":[-80.125,25.9667]},"properties":{"id":"8723026","name":"Golden Beach, ICWW","type":"subordinate","region":"FL","tz":"America/New_York","ref":"8723178"}},{"type":"Feature","id":"9454374","geometry":{"type":"Point","coordinates":[-146.782,60.8983]},"properties":{"id":"9454374","name":"Busby Island","type":"subordinate","region":"AK","tz":"America/Anchorage","ref":"9454240"}},{"type":"Feature","id":"8638999","geometry":{"type":"Point","coordinates":[-76.006668,36.93]},"properties":{"id":"8638999","name":"Cape Henry","type":"subordinate","region":"VA","tz":"America/New_York","ref":"8651370"}},{"type":"Feature","id":"8638401","geometry":{"type":"Point","coordinates":[-76.4583,37.0133]},"properties":{"id":"8638401","name":"Huntington Park","type":"subordinate","region":"VA","tz":"America/New_York","ref":"8638610"}},{"type":"Feature","id":"8574821","geometry":{"type":"Point","coordinates":[-76.5333,39.2083]},"properties":{"id":"8574821","name":"Hawkins Point","type":"subordinate","region":"MD","tz":"America/New_York","ref":"8574680"}},{"type":"Feature","id":"8723391","geometry":{"type":"Point","coordinates":[-80.1883,25.48]},"properties":{"id":"8723391","name":"Coon Point, Elliott Key, Biscayne Bay","type":"subordinate","region":"FL","tz":"America/New_York","ref":"8723178"}},{"type":"Feature","id":"8667783","geometry":{"type":"Point","coordinates":[-80.42,32.4767]},"properties":{"id":"8667783","name":"Otter Island","type":"subordinate","region":"SC","tz":"America/New_York","ref":"8670870"}},{"type":"Feature","id":"8763719","geometry":{"type":"Point","coordinates":[-91.0717,28.915]},"properties":{"id":"8763719","name":"Ship Shoal Light","type":"subordinate","region":"LA","tz":"America/Chicago","ref":"8761724"}},{"type":"Feature","id":"9452438","geometry":{"type":"Point","coordinates":[-135.444194,58.107556]},"properties":{"id":"9452438","name":"Hoonah, Port Fredrick","type":"reference","region":"AK","tz":"America/Juneau","gt_m":4.575}},{"type":"Feature","id":"8771367","geometry":{"type":"Point","coordinates":[-93.720001,29.469]},"properties":{"id":"8771367","name":"Sabine Offshore Light (USCG S-1 Platform)","type":"reference","region":"TX","tz":"America/Chicago","gt_m":0.702}},{"type":"Feature","id":"8723050","geometry":{"type":"Point","coordinates":[-80.12,25.93]},"properties":{"id":"8723050","name":"North Miami Beach, Newport Fishing Pier","type":"subordinate","region":"FL","tz":"America/New_York","ref":"8723178"}},{"type":"Feature","id":"9447029","geometry":{"type":"Point","coordinates":[-122.322,47.535]},"properties":{"id":"9447029","name":"Duwamish Waterway, Eighth Ave. South","type":"subordinate","region":"WA","tz":"America/Los_Angeles","ref":"9447130"}},{"type":"Feature","id":"8536021","geometry":{"type":"Point","coordinates":[-74.9717,38.9467]},"properties":{"id":"8536021","name":"Cape May Point, Sunset Beach","type":"subordinate","region":"NJ","tz":"America/New_York","ref":"8557380"}},{"type":"Feature","id":"TWC2069","geometry":{"type":"Point","coordinates":[-153.333333,57.733333]},"properties":{"id":"TWC2069","name":"Northeast Arm","type":"subordinate","region":"AK","tz":"America/Anchorage","ref":"9455500"}},{"type":"Feature","id":"8727328","geometry":{"type":"Point","coordinates":[-82.6667,28.8633]},"properties":{"id":"8727328","name":"Ozello north, Crystal Bay","type":"reference","region":"FL","tz":"America/New_York","gt_m":0.616}},{"type":"Feature","id":"8727348","geometry":{"type":"Point","coordinates":[-82.6383,28.905]},"properties":{"id":"8727348","name":"Twin Rivers Marina","type":"reference","region":"FL","tz":"America/New_York","gt_m":0.772}},{"type":"Feature","id":"9462398","geometry":{"type":"Point","coordinates":[-168.442,53.045]},"properties":{"id":"9462398","name":"Kigul Island","type":"subordinate","region":"AK","tz":"America/Nome","ref":"9462620"}},{"type":"Feature","id":"8740166","geometry":{"type":"Point","coordinates":[-88.402889,30.413194]},"properties":{"id":"8740166","name":"Grand Bay NERR, Mississippi Sound","type":"reference","region":"AL","tz":"America/Chicago","gt_m":0.485}},{"type":"Feature","id":"9450578","geometry":{"type":"Point","coordinates":[-133.637,55.5333]},"properties":{"id":"9450578","name":"Steamboat Bay, Noyes Island","type":"subordinate","region":"AK","tz":"America/Sitka","ref":"9451600"}},{"type":"Feature","id":"8515921","geometry":{"type":"Point","coordinates":[-73.4317,40.91]},"properties":{"id":"8515921","name":"Lloyd Harbor, Huntington Bay","type":"reference","region":"NY","tz":"America/New_York","gt_m":2.318}},{"type":"Feature","id":"8769858","geometry":{"type":"Point","coordinates":[-93.862099,29.8127]},"properties":{"id":"8769858","name":"East Sabine Lake","type":"reference","region":"TX","tz":"America/Chicago","gt_m":0.268}},{"type":"Feature","id":"8673962","geometry":{"type":"Point","coordinates":[-81.2633,31.6233]},"properties":{"id":"8673962","name":"Harris Neck, Barbour Island River","type":"subordinate","region":"GA","tz":"America/New_York","ref":"8670870"}},{"type":"Feature","id":"8572867","geometry":{"type":"Point","coordinates":[-76.1583,38.9967]},"properties":{"id":"8572867","name":"Queenstown","type":"subordinate","region":"MD","tz":"America/New_York","ref":"8574680"}},{"type":"Feature","id":"8415490","geometry":{"type":"Point","coordinates":[-69.1017,44.105]},"properties":{"id":"8415490","name":"Rockland","type":"reference","region":"ME","tz":"America/New_York","gt_m":3.223}},{"type":"Feature","id":"8724367","geometry":{"type":"Point","coordinates":[-81.5533,24.6533]},"properties":{"id":"8724367","name":"North Harris Channel","type":"subordinate","region":"FL","tz":"America/New_York","ref":"8724580"}},{"type":"Feature","id":"9418802","geometry":{"type":"Point","coordinates":[-124.142,40.8067]},"properties":{"id":"9418802","name":"Eureka Slough Bridge","type":"subordinate","region":"CA","tz":"America/Los_Angeles","ref":"9418767"}},{"type":"Feature","id":"8761927","geometry":{"type":"Point","coordinates":[-90.113333,30.027222]},"properties":{"id":"8761927","name":"New Canal USCG station, Lake Pontchartrain","type":"reference","region":"LA","tz":"America/Chicago","gt_m":0.165}},{"type":"Feature","id":"8724499","geometry":{"type":"Point","coordinates":[-81.7133,24.5633]},"properties":{"id":"8724499","name":"Boca Chica Key, Southwest end","type":"subordinate","region":"FL","tz":"America/New_York","ref":"8724580"}},{"type":"Feature","id":"8570536","geometry":{"type":"Point","coordinates":[-75.1917,38.215]},"properties":{"id":"8570536","name":"South Point, Sinepuxent Neck","type":"reference","region":"MD","tz":"America/New_York","gt_m":0.197}},{"type":"Feature","id":"8447505","geometry":{"type":"Point","coordinates":[-69.9667,41.6667]},"properties":{"id":"8447505","name":"Chatham, Stage Harbor","type":"reference","region":"MA","tz":"America/New_York","gt_m":1.396}},{"type":"Feature","id":"8726761","geometry":{"type":"Point","coordinates":[-82.7933,28.0133]},"properties":{"id":"8726761","name":"Dunedin, St. Joseph Sound","type":"subordinate","region":"FL","tz":"America/New_York","ref":"8727520"}},{"type":"Feature","id":"9455128","geometry":{"type":"Point","coordinates":[-149.615,59.8017]},"properties":{"id":"9455128","name":"Bear Cove, Aialik Peninsula","type":"subordinate","region":"AK","tz":"America/Anchorage","ref":"9455090"}},{"type":"Feature","id":"8775270","geometry":{"type":"Point","coordinates":[-97.050003,27.8267]},"properties":{"id":"8775270","name":"Port Aransas (H. Caldwell Pier)","type":"reference","region":"TX","tz":"America/Chicago","gt_m":0.499}},{"type":"Feature","id":"TWC2105","geometry":{"type":"Point","coordinates":[-159.166667,55.9]},"properties":{"id":"TWC2105","name":"Three Star Point","type":"subordinate","region":null,"tz":"America/Anchorage","ref":"9457292"}},{"type":"Feature","id":"TPT2823","geometry":{"type":"Point","coordinates":[-157.98333,-9]},"properties":{"id":"TPT2823","name":"Penrhyn (Tongareva Island)","type":"subordinate","region":null,"tz":"Pacific/Rarotonga","ref":"1770000"}},{"type":"Feature","id":"9446671","geometry":{"type":"Point","coordinates":[-122.763,47.1667]},"properties":{"id":"9446671","name":"Devils Head, Drayton Passage","type":"subordinate","region":"WA","tz":"America/Los_Angeles","ref":"9447130"}},{"type":"Feature","id":"8760922","geometry":{"type":"Point","coordinates":[-89.4075,28.9322]},"properties":{"id":"8760922","name":"Pilots Station East, SW Pass","type":"reference","region":"LA","tz":"America/Chicago","gt_m":0.356}},{"type":"Feature","id":"9462955","geometry":{"type":"Point","coordinates":[-163.407,54.8583]},"properties":{"id":"9462955","name":"False Pass, Isanotski Strait","type":"reference","region":"AK","tz":"America/Nome","gt_m":1.267}},{"type":"Feature","id":"TWC0413","geometry":{"type":"Point","coordinates":[-117.233333,32.766667]},"properties":{"id":"TWC0413","name":"Quivira Basin, Mission Bay","type":"subordinate","region":"CA","tz":"America/Los_Angeles","ref":"9410170"}},{"type":"Feature","id":"8723689","geometry":{"type":"Point","coordinates":[-80.4467,25.0817]},"properties":{"id":"8723689","name":"Rock Harbor, Key Largo","type":"subordinate","region":"FL","tz":"America/New_York","ref":"8723178"}},{"type":"Feature","id":"1612366","geometry":{"type":"Point","coordinates":[-157.967,21.33]},"properties":{"id":"1612366","name":"Pearl Harbor Entrance, Bishop Point","type":"reference","region":"HI","tz":"Pacific/Honolulu","gt_m":0.58}},{"type":"Feature","id":"8662549","geometry":{"type":"Point","coordinates":[-79.2683,33.2517]},"properties":{"id":"8662549","name":"South Island Ferry, Intracoastal Waterway","type":"subordinate","region":"SC","tz":"America/New_York","ref":"8665530"}},{"type":"Feature","id":"8410834","geometry":{"type":"Point","coordinates":[-67.144667,45.128444]},"properties":{"id":"8410834","name":"Pettegrove Point, Dochet Island","type":"reference","region":"ME","tz":"America/New_York","gt_m":6.252}},{"type":"Feature","id":"8465233","geometry":{"type":"Point","coordinates":[-72.8183,41.2617]},"properties":{"id":"8465233","name":"Branford, Branford River","type":"subordinate","region":"CT","tz":"America/New_York","ref":"8467150"}},{"type":"Feature","id":"TWC1787","geometry":{"type":"Point","coordinates":[-134.883333,57.45]},"properties":{"id":"TWC1787","name":"Fairway Island","type":"subordinate","region":"AK","tz":"America/Sitka","ref":"9452210"}},{"type":"Feature","id":"8728728","geometry":{"type":"Point","coordinates":[-85.042801,29.6036]},"properties":{"id":"8728728","name":"Little St. George Island, Horseshoe Cove","type":"reference","region":"FL","tz":"America/New_York","gt_m":0.462}},{"type":"Feature","id":"8536687","geometry":{"type":"Point","coordinates":[-74.8317,39.1617]},"properties":{"id":"8536687","name":"Sluice Creek, Route 47 bridge, Dennis Creek","type":"subordinate","region":"NJ","tz":"America/New_York","ref":"8557380"}},{"type":"Feature","id":"8548989","geometry":{"type":"Point","coordinates":[-74.751833,40.137333]},"properties":{"id":"8548989","name":"Newbold, Pa.","type":"reference","region":"NJ","tz":"America/New_York","gt_m":2.558}},{"type":"Feature","id":"TPT2875","geometry":{"type":"Point","coordinates":[179.75,-19.166667]},"properties":{"id":"TPT2875","name":"Matuku Island","type":"subordinate","region":null,"tz":"Pacific/Fiji","ref":"1910000"}},{"type":"Feature","id":"9437954","geometry":{"type":"Point","coordinates":[-123.876404,45.733799]},"properties":{"id":"9437954","name":"North Fork, Nehalem River","type":"reference","region":"OR","tz":"America/Los_Angeles","gt_m":2.552}},{"type":"Feature","id":"9447995","geometry":{"type":"Point","coordinates":[-122.623,48.4017]},"properties":{"id":"9447995","name":"Cornet Bay, Deception Pass","type":"subordinate","region":"WA","tz":"America/Los_Angeles","ref":"9447130"}},{"type":"Feature","id":"8530985","geometry":{"type":"Point","coordinates":[-74.085,40.655]},"properties":{"id":"8530985","name":"Constable Hook","type":"subordinate","region":"NY","tz":"America/New_York","ref":"8518750"}},{"type":"Feature","id":"9412802","geometry":{"type":"Point","coordinates":[-121.481944,35.949528]},"properties":{"id":"9412802","name":"Mansfield Cone","type":"reference","region":"CA","tz":"America/Los_Angeles","gt_m":1.597}},{"type":"Feature","id":"8636580","geometry":{"type":"Point","coordinates":[-76.289778,37.6155]},"properties":{"id":"8636580","name":"Windmill Point","type":"reference","region":"VA","tz":"America/New_York","gt_m":0.424}},{"type":"Feature","id":"8516891","geometry":{"type":"Point","coordinates":[-73.7467,40.635]},"properties":{"id":"8516891","name":"Norton Point, Head of Bay","type":"reference","region":"NY","tz":"America/New_York","gt_m":1.888}},{"type":"Feature","id":"9450544","geometry":{"type":"Point","coordinates":[-132.645,55.48]},"properties":{"id":"9450544","name":"Hollis Anchorage","type":"subordinate","region":"AK","tz":"America/Sitka","ref":"9450460"}},{"type":"Feature","id":"8731269","geometry":{"type":"Point","coordinates":[-87.668297,30.248301]},"properties":{"id":"8731269","name":"Gulf State Park Pier","type":"reference","region":"AL","tz":"America/Chicago","gt_m":0.427}},{"type":"Feature","id":"9491094","geometry":{"type":"Point","coordinates":[-164.064389,67.575806]},"properties":{"id":"9491094","name":"Red Dog Dock","type":"reference","region":"AK","tz":"America/Nome","gt_m":0.306}},{"type":"Feature","id":"8517847","geometry":{"type":"Point","coordinates":[-73.995,40.7033]},"properties":{"id":"8517847","name":"Brooklyn Bridge","type":"reference","region":"NY","tz":"America/New_York","gt_m":1.55}},{"type":"Feature","id":"8762329","geometry":{"type":"Point","coordinates":[-90.342222,29.470389]},"properties":{"id":"8762329","name":"Bayou Faleau","type":"reference","region":"LA","tz":"America/Chicago","gt_m":0.219}},{"type":"Feature","id":"8724193","geometry":{"type":"Point","coordinates":[-81.3483,24.6967]},"properties":{"id":"8724193","name":"Big Pine Key, Bogie Channel Bridge","type":"subordinate","region":"FL","tz":"America/New_York","ref":"8724580"}},{"type":"Feature","id":"8537562","geometry":{"type":"Point","coordinates":[-75.4033,39.4617]},"properties":{"id":"8537562","name":"Canton, Stow Creek, N.J.","type":"subordinate","region":"NJ","tz":"America/New_York","ref":"8551910"}},{"type":"Feature","id":"9440563","geometry":{"type":"Point","coordinates":[-123.848,46.2583]},"properties":{"id":"9440563","name":"Hungry Harbor, Wash.","type":"subordinate","region":"OR","tz":"America/Los_Angeles","ref":"9439040"}},{"type":"Feature","id":"9446491","geometry":{"type":"Point","coordinates":[-122.652,47.28]},"properties":{"id":"9446491","name":"Arletta, Hale Passage","type":"subordinate","region":"WA","tz":"America/Los_Angeles","ref":"9447130"}},{"type":"Feature","id":"8725744","geometry":{"type":"Point","coordinates":[-82.065,26.9283]},"properties":{"id":"8725744","name":"Punta Gorda, Charlotte Harbor","type":"subordinate","region":"FL","tz":"America/New_York","ref":"8726520"}},{"type":"Feature","id":"9462331","geometry":{"type":"Point","coordinates":[-169.043,52.8417]},"properties":{"id":"9462331","name":"Cape Sagak","type":"subordinate","region":"AK","tz":"America/Nome","ref":"9462620"}},{"type":"Feature","id":"8675622","geometry":{"type":"Point","coordinates":[-81.2883,31.39]},"properties":{"id":"8675622","name":"Old Tower, Sapelo Island","type":"subordinate","region":"GA","tz":"America/New_York","ref":"8670870"}},{"type":"Feature","id":"8636558","geometry":{"type":"Point","coordinates":[-77.1217,37.625]},"properties":{"id":"8636558","name":"Northbury","type":"subordinate","region":"VA","tz":"America/New_York","ref":"8638610"}},{"type":"Feature","id":"8773146","geometry":{"type":"Point","coordinates":[-95.913902,28.709999]},"properties":{"id":"8773146","name":"East Matagorda","type":"reference","region":"TX","tz":"America/Chicago","gt_m":0.143}},{"type":"Feature","id":"8724223","geometry":{"type":"Point","coordinates":[-81.3867,24.665]},"properties":{"id":"8724223","name":"Little Torch Key, Pine Channel Bridge, south side","type":"subordinate","region":"FL","tz":"America/New_York","ref":"8724580"}},{"type":"Feature","id":"9462808","geometry":{"type":"Point","coordinates":[-164.745722,54.393639]},"properties":{"id":"9462808","name":"Scotch Cap","type":"reference","region":"AK","tz":"America/Nome","gt_m":1.883}},{"type":"Feature","id":"8728408","geometry":{"type":"Point","coordinates":[-84.585,29.81]},"properties":{"id":"8728408","name":"Dog Island, East End","type":"reference","region":"FL","tz":"America/New_York","gt_m":0.746}},{"type":"Feature","id":"8670073","geometry":{"type":"Point","coordinates":[-81.145,32.2317]},"properties":{"id":"8670073","name":"S.C.L. RR. bridge","type":"subordinate","region":"SC","tz":"America/New_York","ref":"8670870"}},{"type":"Feature","id":"9414688","geometry":{"type":"Point","coordinates":[-122.192,37.695]},"properties":{"id":"9414688","name":"San Leandro Marina","type":"reference","region":"CA","tz":"America/Los_Angeles","gt_m":2.264}},{"type":"Feature","id":"9446714","geometry":{"type":"Point","coordinates":[-122.603,47.1733]},"properties":{"id":"9446714","name":"Steilacoom, Cormorant Passage","type":"subordinate","region":"WA","tz":"America/Los_Angeles","ref":"9447130"}},{"type":"Feature","id":"8417208","geometry":{"type":"Point","coordinates":[-69.7983,44.0883]},"properties":{"id":"8417208","name":"Richmond","type":"reference","region":"ME","tz":"America/New_York","gt_m":1.765}},{"type":"Feature","id":"8512053","geometry":{"type":"Point","coordinates":[-72.3983,41.095]},"properties":{"id":"8512053","name":"Hashamomuck Beach","type":"subordinate","region":"NY","tz":"America/New_York","ref":"8467150"}},{"type":"Feature","id":"8667272","geometry":{"type":"Point","coordinates":[-80.5167,32.565]},"properties":{"id":"8667272","name":"Bowles Island, New Chehaw River","type":"subordinate","region":"SC","tz":"America/New_York","ref":"8670870"}},{"type":"Feature","id":"TPT2855","geometry":{"type":"Point","coordinates":[-171.716705,-2.8]},"properties":{"id":"TPT2855","name":"Canton Island","type":"subordinate","region":null,"tz":"Pacific/Kanton","ref":"1770000"}},{"type":"Feature","id":"8770653","geometry":{"type":"Point","coordinates":[-95.088303,29.846701]},"properties":{"id":"8770653","name":"Cypress, San Jacinto River","type":"reference","region":"TX","tz":"America/Chicago","gt_m":0.487}},{"type":"Feature","id":"8447335","geometry":{"type":"Point","coordinates":[-70.285,41.7217]},"properties":{"id":"8447335","name":"Barnstable Harbor, Beach Point","type":"subordinate","region":"MA","tz":"America/New_York","ref":"8443970"}},{"type":"Feature","id":"8559957","geometry":{"type":"Point","coordinates":[-75.058296,38.455002]},"properties":{"id":"8559957","name":"Little Assawoman Bay","type":"reference","region":"DE","tz":"America/New_York","gt_m":0.327}},{"type":"Feature","id":"8720357","geometry":{"type":"Point","coordinates":[-81.688889,30.192417]},"properties":{"id":"8720357","name":"I-295 bridge (west end)","type":"reference","region":"FL","tz":"America/New_York","gt_m":0.309}},{"type":"Feature","id":"9414275","geometry":{"type":"Point","coordinates":[-122.513,37.775]},"properties":{"id":"9414275","name":"Ocean Beach, outer coast","type":"subordinate","region":"CA","tz":"America/Los_Angeles","ref":"9414290"}},{"type":"Feature","id":"9439040","geometry":{"type":"Point","coordinates":[-123.768303,46.207306]},"properties":{"id":"9439040","name":"ASTORIA (Tongue Point), Oreg.","type":"reference","region":"OR","tz":"America/Los_Angeles","gt_m":2.624}},{"type":"Feature","id":"8660754","geometry":{"type":"Point","coordinates":[-78.882698,33.734901]},"properties":{"id":"8660754","name":"Carolina Forest, ICWW","type":"reference","region":"SC","tz":"America/New_York","gt_m":0.561}},{"type":"Feature","id":"8532721","geometry":{"type":"Point","coordinates":[-74.1167,40.0583]},"properties":{"id":"8532721","name":"Tall Pines Camp","type":"subordinate","region":"NJ","tz":"America/New_York","ref":"8531680"}},{"type":"Feature","id":"9414874","geometry":{"type":"Point","coordinates":[-122.513,37.943298]},"properties":{"id":"9414874","name":"Corte Madera Creek","type":"reference","region":"CA","tz":"America/Los_Angeles","gt_m":1.768}},{"type":"Feature","id":"8749704","geometry":{"type":"Point","coordinates":[-89.615,30.24]},"properties":{"id":"8749704","name":"Pearlington, Pearl River","type":"subordinate","region":"MS","tz":"America/Chicago","ref":"8760551"}},{"type":"Feature","id":"8534739","geometry":{"type":"Point","coordinates":[-74.54,39.3517]},"properties":{"id":"8534739","name":"Dock Thorofare, Risley Channel","type":"subordinate","region":"NJ","tz":"America/New_York","ref":"8534720"}},{"type":"Feature","id":"8537779","geometry":{"type":"Point","coordinates":[-75.4467,39.5133]},"properties":{"id":"8537779","name":"Coopers Creek bridge","type":"subordinate","region":"NJ","tz":"America/New_York","ref":"8551910"}},{"type":"Feature","id":"8724008","geometry":{"type":"Point","coordinates":[-81.125,24.7067]},"properties":{"id":"8724008","name":"Knight Key Channel, Knight Key, Florida Bay","type":"subordinate","region":"FL","tz":"America/New_York","ref":"8724580"}},{"type":"Feature","id":"8721147","geometry":{"type":"Point","coordinates":[-80.915833,29.063333]},"properties":{"id":"8721147","name":"Ponce de Leon Inlet","type":"reference","region":"FL","tz":"America/New_York","gt_m":1.039}},{"type":"Feature","id":"9449994","geometry":{"type":"Point","coordinates":[-122.853,48.425]},"properties":{"id":"9449994","name":"Aleck Bay, Lopez Island","type":"subordinate","region":"WA","tz":"America/Los_Angeles","ref":"9444900"}},{"type":"Feature","id":"8679598","geometry":{"type":"Point","coordinates":[-81.491402,30.778099]},"properties":{"id":"8679598","name":"Kings Bay, MSF Pier","type":"reference","region":"GA","tz":"America/New_York","gt_m":2.108}},{"type":"Feature","id":"9450551","geometry":{"type":"Point","coordinates":[-133.142,55.4883]},"properties":{"id":"9450551","name":"Craig, Klawock Inlet","type":"reference","region":"AK","tz":"America/Sitka","gt_m":3.093}},{"type":"Feature","id":"9454662","geometry":{"type":"Point","coordinates":[-147.717,60.25]},"properties":{"id":"9454662","name":"Snug Harbor, Knight Island","type":"reference","region":"AK","tz":"America/Anchorage","gt_m":3.516}},{"type":"Feature","id":"8741041","geometry":{"type":"Point","coordinates":[-88.505833,30.347778]},"properties":{"id":"8741041","name":"Dock E, Port of Pascagoula","type":"reference","region":"MS","tz":"America/Chicago","gt_m":0.47}},{"type":"Feature","id":"9455478","geometry":{"type":"Point","coordinates":[-152.268,58.9467]},"properties":{"id":"9455478","name":"Ushagat Island, Barren Islands","type":"subordinate","region":"AK","tz":"America/Anchorage","ref":"9455500"}},{"type":"Feature","id":"8630194","geometry":{"type":"Point","coordinates":[-75.355,37.9517]},"properties":{"id":"8630194","name":"Chincoteague Island, Blake Cove","type":"subordinate","region":"VA","tz":"America/New_York","ref":"8570280"}},{"type":"Feature","id":"9446804","geometry":{"type":"Point","coordinates":[-122.675102,47.153]},"properties":{"id":"9446804","name":"SANDY POINT ANDERSON ISLAND, PUGET SOUND","type":"reference","region":"WA","tz":"America/Los_Angeles","gt_m":3.522}},{"type":"Feature","id":"8723155","geometry":{"type":"Point","coordinates":[-80.1683,25.77]},"properties":{"id":"8723155","name":"Dodge Island, Fishermans Channel","type":"subordinate","region":"FL","tz":"America/New_York","ref":"8723178"}},{"type":"Feature","id":"8414581","geometry":{"type":"Point","coordinates":[-68.7583,44.5367]},"properties":{"id":"8414581","name":"Gross Point, Eastern Channel","type":"subordinate","region":"ME","tz":"America/New_York","ref":"8413320"}},{"type":"Feature","id":"9451858","geometry":{"type":"Point","coordinates":[-135.89,57.4167]},"properties":{"id":"9451858","name":"Klokachef Island","type":"subordinate","region":"AK","tz":"America/Sitka","ref":"9451600"}},{"type":"Feature","id":"8662931","geometry":{"type":"Point","coordinates":[-79.254997,33.366699]},"properties":{"id":"8662931","name":"Waccamaw River Entrance","type":"reference","region":"SC","tz":"America/New_York","gt_m":1.208}},{"type":"Feature","id":"8728552","geometry":{"type":"Point","coordinates":[-84.7917,29.6917]},"properties":{"id":"8728552","name":"St. George Island, Rattlesnake Cove","type":"subordinate","region":"FL","tz":"America/New_York","ref":"8728690"}},{"type":"Feature","id":"8723748","geometry":{"type":"Point","coordinates":[-80.53,25.0033]},"properties":{"id":"8723748","name":"Tavernier Creek, Hwy. 1 bridge, Hawk Channel","type":"subordinate","region":"FL","tz":"America/New_York","ref":"8723178"}},{"type":"Feature","id":"8550714","geometry":{"type":"Point","coordinates":[-75.52,39.7183]},"properties":{"id":"8550714","name":"Wilmington Marine Terminal","type":"subordinate","region":"DE","tz":"America/New_York","ref":"8551910"}},{"type":"Feature","id":"8418911","geometry":{"type":"Point","coordinates":[-70.4767,43.3583]},"properties":{"id":"8418911","name":"Kennebunkport","type":"reference","region":"ME","tz":"America/New_York","gt_m":2.926}},{"type":"Feature","id":"8723950","geometry":{"type":"Point","coordinates":[-81.03,24.73]},"properties":{"id":"8723950","name":"Vaca Key-Fat Deer Key bridge","type":"subordinate","region":"FL","tz":"America/New_York","ref":"8724580"}},{"type":"Feature","id":"8723906","geometry":{"type":"Point","coordinates":[-80.8833,24.7917]},"properties":{"id":"8723906","name":"Conch Key, eastern end","type":"subordinate","region":"FL","tz":"America/New_York","ref":"8724580"}},{"type":"Feature","id":"8447191","geometry":{"type":"Point","coordinates":[-70.5617,41.77]},"properties":{"id":"8447191","name":"Cape Cod Canal, Bournedale","type":"reference","region":"MA","tz":"America/New_York","gt_m":2.079}},{"type":"Feature","id":"9411399","geometry":{"type":"Point","coordinates":[-120.228306,34.469389]},"properties":{"id":"9411399","name":"Gaviota State Park, Pacific Ocean","type":"reference","region":"CA","tz":"America/Los_Angeles","gt_m":1.611}},{"type":"Feature","id":"8722376","geometry":{"type":"Point","coordinates":[-80.255,27.165]},"properties":{"id":"8722376","name":"South Fork","type":"subordinate","region":"FL","tz":"America/New_York","ref":"8723178"}},{"type":"Feature","id":"8720135","geometry":{"type":"Point","coordinates":[-81.4533,30.518299]},"properties":{"id":"8720135","name":"Nassau River Entrance","type":"subordinate","region":"FL","tz":"America/New_York","ref":"8720030"}},{"type":"Feature","id":"9418024","geometry":{"type":"Point","coordinates":[-124.057999,40.025002]},"properties":{"id":"9418024","name":"Shelter Cove","type":"reference","region":"CA","tz":"America/Los_Angeles","gt_m":1.871}},{"type":"Feature","id":"8725791","geometry":{"type":"Point","coordinates":[-81.9933,26.9883]},"properties":{"id":"8725791","name":"Shell Point, Peace River, Charlotte Harbor","type":"reference","region":"FL","tz":"America/New_York","gt_m":0.614}},{"type":"Feature","id":"8661558","geometry":{"type":"Point","coordinates":[-79.1767,33.5517]},"properties":{"id":"8661558","name":"Holly Grove Plantation","type":"subordinate","region":"SC","tz":"America/New_York","ref":"8665530"}},{"type":"Feature","id":"8665167","geometry":{"type":"Point","coordinates":[-79.7867,32.8267]},"properties":{"id":"8665167","name":"Hamlin Sound","type":"subordinate","region":"SC","tz":"America/New_York","ref":"8665530"}},{"type":"Feature","id":"8661873","geometry":{"type":"Point","coordinates":[-79.1867,33.465]},"properties":{"id":"8661873","name":"Carr Creek, 1 mile above entrance","type":"subordinate","region":"SC","tz":"America/New_York","ref":"8665530"}},{"type":"Feature","id":"9454787","geometry":{"type":"Point","coordinates":[-148.143,60.33]},"properties":{"id":"9454787","name":"Chenega Island, Dangerous Passage","type":"subordinate","region":"AK","tz":"America/Anchorage","ref":"9454050"}},{"type":"Feature","id":"9456525","geometry":{"type":"Point","coordinates":[-153.468094,59.651699]},"properties":{"id":"9456525","name":"Southwest Iniskin Bay","type":"reference","region":"AK","tz":"America/Anchorage","gt_m":4.493}},{"type":"Feature","id":"TEC3497","geometry":{"type":"Point","coordinates":[-81.333333,31.3]},"properties":{"id":"TEC3497","name":"Jones Creek entrance, Hampton River","type":"subordinate","region":"GA","tz":"America/New_York","ref":"8670870"}},{"type":"Feature","id":"TPT2847","geometry":{"type":"Point","coordinates":[-144.283333,-27.6]},"properties":{"id":"TPT2847","name":"Rapa (Oparo) Island","type":"subordinate","region":null,"tz":"Pacific/Tahiti","ref":"1770000"}},{"type":"Feature","id":"9452583","geometry":{"type":"Point","coordinates":[-136.107,57.6867]},"properties":{"id":"9452583","name":"Kimshan Cove, Ogden Passage","type":"subordinate","region":"AK","tz":"America/Sitka","ref":"9452634"}},{"type":"Feature","id":"9415339","geometry":{"type":"Point","coordinates":[-122.893,38.1617]},"properties":{"id":"9415339","name":"Marshall, Tomales Bay","type":"subordinate","region":"CA","tz":"America/Los_Angeles","ref":"9414290"}},{"type":"Feature","id":"9442861","geometry":{"type":"Point","coordinates":[-124.672,48.2967]},"properties":{"id":"9442861","name":"Makah Bay","type":"subordinate","region":"WA","tz":"America/Los_Angeles","ref":"9440910"}},{"type":"Feature","id":"8675779","geometry":{"type":"Point","coordinates":[-81.435,31.3683]},"properties":{"id":"8675779","name":"Darien, Darien River","type":"subordinate","region":"GA","tz":"America/New_York","ref":"8670870"}},{"type":"Feature","id":"8418137","geometry":{"type":"Point","coordinates":[-70.2467,43.6867]},"properties":{"id":"8418137","name":"Presumpscot River Bridge","type":"subordinate","region":"ME","tz":"America/New_York","ref":"8418150"}},{"type":"Feature","id":"TWC1739","geometry":{"type":"Point","coordinates":[-134.55,57.483333]},"properties":{"id":"TWC1739","name":"Favorite Bay","type":"subordinate","region":"AK","tz":"America/Juneau","ref":"9452210"}},{"type":"Feature","id":"9457293","geometry":{"type":"Point","coordinates":[-152.513,58.5867]},"properties":{"id":"9457293","name":"Carry Inlet, Shuyak Island","type":"subordinate","region":"AK","tz":"America/Anchorage","ref":"9455500"}},{"type":"Feature","id":"8720653","geometry":{"type":"Point","coordinates":[-81.5617,29.7633]},"properties":{"id":"8720653","name":"Palmetto Bluff","type":"subordinate","region":"FL","tz":"America/New_York","ref":"8720218"}},{"type":"Feature","id":"9462721","geometry":{"type":"Point","coordinates":[-165.527,54.14]},"properties":{"id":"9462721","name":"Trident Bay, Akun Island","type":"reference","region":"AK","tz":"America/Nome","gt_m":1.259}},{"type":"Feature","id":"8466797","geometry":{"type":"Point","coordinates":[-73.1117,41.2033]},"properties":{"id":"8466797","name":"Stratford, I-95 bridge","type":"subordinate","region":"CT","tz":"America/New_York","ref":"8467150"}},{"type":"Feature","id":"8725649","geometry":{"type":"Point","coordinates":[-82.1833,26.7967]},"properties":{"id":"8725649","name":"Turtle Bay","type":"reference","region":"FL","tz":"America/New_York","gt_m":0.474}},{"type":"Feature","id":"8516221","geometry":{"type":"Point","coordinates":[-73.5233,40.62]},"properties":{"id":"8516221","name":"Cuba Island","type":"subordinate","region":"NY","tz":"America/New_York","ref":"8531680"}},{"type":"Feature","id":"8668227","geometry":{"type":"Point","coordinates":[-80.4383,32.3917]},"properties":{"id":"8668227","name":"Johnson Creek Bridge, Hunting Island","type":"subordinate","region":"SC","tz":"America/New_York","ref":"8670870"}},{"type":"Feature","id":"8674638","geometry":{"type":"Point","coordinates":[-81.36,31.5317]},"properties":{"id":"8674638","name":"Bellville Point, Sapelo River","type":"subordinate","region":"GA","tz":"America/New_York","ref":"8670870"}},{"type":"Feature","id":"8673499","geometry":{"type":"Point","coordinates":[-81.1917,31.6817]},"properties":{"id":"8673499","name":"North Newport River (Daymark 119)","type":"subordinate","region":"GA","tz":"America/New_York","ref":"8670870"}},{"type":"Feature","id":"8652591","geometry":{"type":"Point","coordinates":[-75.5833,35.7983]},"properties":{"id":"8652591","name":"Roanoke Sound Channel","type":"subordinate","region":"NC","tz":"America/New_York","ref":"8652587"}},{"type":"Feature","id":"9454642","geometry":{"type":"Point","coordinates":[-147.672,60.4617]},"properties":{"id":"9454642","name":"Louis Bay","type":"subordinate","region":"AK","tz":"America/Anchorage","ref":"9454050"}},{"type":"Feature","id":"8418445","geometry":{"type":"Point","coordinates":[-70.3333,43.545]},"properties":{"id":"8418445","name":"Pine Point, Scarborough River","type":"reference","region":"ME","tz":"America/New_York","gt_m":2.9}},{"type":"Feature","id":"8413857","geometry":{"type":"Point","coordinates":[-68.45,44.145]},"properties":{"id":"8413857","name":"Burnt Coat Harbor, Swans Island","type":"subordinate","region":"ME","tz":"America/New_York","ref":"8413320"}},{"type":"Feature","id":"8511629","geometry":{"type":"Point","coordinates":[-72.2967,41.0033]},"properties":{"id":"8511629","name":"Sag Harbor","type":"reference","region":"NY","tz":"America/New_York","gt_m":0.872}},{"type":"Feature","id":"9450351","geometry":{"type":"Point","coordinates":[-132.795,55.1817]},"properties":{"id":"9450351","name":"Saltery Point","type":"subordinate","region":"AK","tz":"America/Sitka","ref":"9451600"}},{"type":"Feature","id":"8728104","geometry":{"type":"Point","coordinates":[-84.149002,30.124399]},"properties":{"id":"8728104","name":"Port Leon","type":"reference","region":"FL","tz":"America/New_York","gt_m":1.04}},{"type":"Feature","id":"8574459","geometry":{"type":"Point","coordinates":[-76.255,39.3883]},"properties":{"id":"8574459","name":"Pond Point, Bush River","type":"reference","region":"MD","tz":"America/New_York","gt_m":0.546}},{"type":"Feature","id":"8416092","geometry":{"type":"Point","coordinates":[-69.3217,43.765]},"properties":{"id":"8416092","name":"Monhegan Island","type":"subordinate","region":"ME","tz":"America/New_York","ref":"8418150"}},{"type":"Feature","id":"TWC2321","geometry":{"type":"Point","coordinates":[-172.616699,52.916698]},"properties":{"id":"TWC2321","name":"Etienne Bay","type":"subordinate","region":null,"tz":"Etc/GMT+12","ref":"9460150"}},{"type":"Feature","id":"8735180","geometry":{"type":"Point","coordinates":[-88.074997,30.25]},"properties":{"id":"8735180","name":"DAUPHIN ISLAND","type":"reference","region":"AL","tz":"America/Chicago","gt_m":0.372}},{"type":"Feature","id":"9459696","geometry":{"type":"Point","coordinates":[-161.537,55.2583]},"properties":{"id":"9459696","name":"Ukolnoi Island","type":"subordinate","region":"AK","tz":"America/Anchorage","ref":"9459450"}},{"type":"Feature","id":"9415584","geometry":{"type":"Point","coordinates":[-122.613,38.2283]},"properties":{"id":"9415584","name":"Upper drawbridge, Petaluma River","type":"subordinate","region":"CA","tz":"America/Los_Angeles","ref":"9414290"}},{"type":"Feature","id":"9418637","geometry":{"type":"Point","coordinates":[-124.282204,40.637199]},"properties":{"id":"9418637","name":"Cockrobin Island Bridge, Eel River","type":"reference","region":"CA","tz":"America/Los_Angeles","gt_m":1.897}},{"type":"Feature","id":"9450829","geometry":{"type":"Point","coordinates":[-134.118,55.9033]},"properties":{"id":"9450829","name":"Coronation Island","type":"subordinate","region":"AK","tz":"America/Sitka","ref":"9451600"}},{"type":"Feature","id":"9437331","geometry":{"type":"Point","coordinates":[-123.845,45.46]},"properties":{"id":"9437331","name":"Tillamook, Hoquarten Slough","type":"subordinate","region":"OR","tz":"America/Los_Angeles","ref":"9419750"}},{"type":"Feature","id":"8724327","geometry":{"type":"Point","coordinates":[-81.51,24.6283]},"properties":{"id":"8724327","name":"Sugarloaf Key, east side, Tarpon Creek","type":"subordinate","region":"FL","tz":"America/New_York","ref":"8724580"}},{"type":"Feature","id":"8517276","geometry":{"type":"Point","coordinates":[-73.8567,40.7833]},"properties":{"id":"8517276","name":"College Point, Flushing Bay","type":"subordinate","region":"NY","tz":"America/New_York","ref":"8516945"}},{"type":"Feature","id":"8724369","geometry":{"type":"Point","coordinates":[-81.5617,24.7583]},"properties":{"id":"8724369","name":"Sawyer Key, inside, Cudjoe Channel","type":"subordinate","region":"FL","tz":"America/New_York","ref":"8724580"}},{"type":"Feature","id":"8765969","geometry":{"type":"Point","coordinates":[-92.250702,29.655399]},"properties":{"id":"8765969","name":"Freshwater Bayou","type":"reference","region":"LA","tz":"America/Chicago","gt_m":0.257}},{"type":"Feature","id":"9454755","geometry":{"type":"Point","coordinates":[-148.042007,60.196701]},"properties":{"id":"9454755","name":"Bainbridge Point, Bainbridge Island","type":"reference","region":"AK","tz":"America/Anchorage","gt_m":3.595}},{"type":"Feature","id":"9453220","geometry":{"type":"Point","coordinates":[-139.733398,59.5485]},"properties":{"id":"9453220","name":"Yakutat, Yakutat Bay","type":"reference","region":"AK","tz":"America/Yakutat","gt_m":3.07}},{"type":"Feature","id":"TEC2831","geometry":{"type":"Point","coordinates":[-76.75,34.716667]},"properties":{"id":"TEC2831","name":"N.C. State Fisheries","type":"subordinate","region":"NC","tz":"America/New_York","ref":"8654400"}},{"type":"Feature","id":"8724489","geometry":{"type":"Point","coordinates":[-81.655,24.6017]},"properties":{"id":"8724489","name":"Big Coppitt Key, northeast side, Waltz Key Basin","type":"subordinate","region":"FL","tz":"America/New_York","ref":"8724580"}},{"type":"Feature","id":"9437540","geometry":{"type":"Point","coordinates":[-123.918944,45.55453]},"properties":{"id":"9437540","name":"Garibaldi","type":"reference","region":"OR","tz":"America/Los_Angeles","gt_m":2.536}},{"type":"Feature","id":"9451093","geometry":{"type":"Point","coordinates":[-134.238,56.305]},"properties":{"id":"9451093","name":"Port Malmesbury, Kuiu Island","type":"subordinate","region":"AK","tz":"America/Sitka","ref":"9451600"}},{"type":"Feature","id":"8723813","geometry":{"type":"Point","coordinates":[-80.64,24.915]},"properties":{"id":"8723813","name":"Little Basin, Upper Matecumbe Key, Florida Bay","type":"subordinate","region":"FL","tz":"America/New_York","ref":"8724580"}},{"type":"Feature","id":"9450904","geometry":{"type":"Point","coordinates":[-132.92,56.0233]},"properties":{"id":"9450904","name":"Lake Bay","type":"subordinate","region":"AK","tz":"America/Sitka","ref":"9450460"}},{"type":"Feature","id":"8663757","geometry":{"type":"Point","coordinates":[-79.9367,33.0583]},"properties":{"id":"8663757","name":"Dupont, Dean Hall","type":"subordinate","region":"SC","tz":"America/New_York","ref":"8665530"}},{"type":"Feature","id":"8441571","geometry":{"type":"Point","coordinates":[-70.676697,42.654999]},"properties":{"id":"8441571","name":"Annisquam, Lobster Cove","type":"reference","region":"MA","tz":"America/New_York","gt_m":2.919}},{"type":"Feature","id":"9440483","geometry":{"type":"Point","coordinates":[-123.0392,46.152199]},"properties":{"id":"9440483","name":"Barlow Point","type":"reference","region":"WA","tz":"America/Los_Angeles","gt_m":1.54}},{"type":"Feature","id":"8772440","geometry":{"type":"Point","coordinates":[-95.3083,28.9483]},"properties":{"id":"8772440","name":"Freeport Harbor","type":"reference","region":"TX","tz":"America/Chicago","gt_m":0.536}},{"type":"Feature","id":"9451718","geometry":{"type":"Point","coordinates":[-133.512,57.2183]},"properties":{"id":"9451718","name":"Cleveland Passage, Whitney Island","type":"subordinate","region":"AK","tz":"America/Juneau","ref":"9452210"}},{"type":"Feature","id":"8729887","geometry":{"type":"Point","coordinates":[-87.3117,30.3267]},"properties":{"id":"8729887","name":"Fort McRee Breakwater","type":"subordinate","region":"FL","tz":"America/Chicago","ref":"8729840"}},{"type":"Feature","id":"8673812","geometry":{"type":"Point","coordinates":[-81.2567,31.6433]},"properties":{"id":"8673812","name":"Thomas Landing, S. Newport River","type":"subordinate","region":"GA","tz":"America/New_York","ref":"8670870"}},{"type":"Feature","id":"8466664","geometry":{"type":"Point","coordinates":[-73.0883,41.275]},"properties":{"id":"8466664","name":"Long Hill","type":"subordinate","region":"CT","tz":"America/New_York","ref":"8467150"}},{"type":"Feature","id":"1619645","geometry":{"type":"Point","coordinates":[-171.75,25.766701]},"properties":{"id":"1619645","name":"Laysan Island","type":"subordinate","region":"HI","tz":"Pacific/Honolulu","ref":"1612340"}},{"type":"Feature","id":"8724292","geometry":{"type":"Point","coordinates":[-81.4683,24.6617]},"properties":{"id":"8724292","name":"Kemp Channel Viaduct","type":"subordinate","region":"FL","tz":"America/New_York","ref":"8724580"}},{"type":"Feature","id":"8724370","geometry":{"type":"Point","coordinates":[-81.5617,24.7583]},"properties":{"id":"8724370","name":"Sawyer Key, outside, Cudjoe Channel","type":"subordinate","region":"FL","tz":"America/New_York","ref":"8724580"}},{"type":"Feature","id":"9450483","geometry":{"type":"Point","coordinates":[-131.235,55.3833]},"properties":{"id":"9450483","name":"Mop Point, Thorne Arm","type":"subordinate","region":"AK","tz":"America/Sitka","ref":"9450460"}},{"type":"Feature","id":"8720232","geometry":{"type":"Point","coordinates":[-81.4483,30.3767]},"properties":{"id":"8720232","name":"Pablo Creek entrance","type":"subordinate","region":"FL","tz":"America/New_York","ref":"8720218"}},{"type":"Feature","id":"8533185","geometry":{"type":"Point","coordinates":[-74.1333,39.905]},"properties":{"id":"8533185","name":"Sloop Creek","type":"subordinate","region":"NJ","tz":"America/New_York","ref":"8531680"}},{"type":"Feature","id":"8636499","geometry":{"type":"Point","coordinates":[-76.9,37.65]},"properties":{"id":"8636499","name":"Wakema (Fraziers Ferry), Mattaponi River","type":"subordinate","region":"VA","tz":"America/New_York","ref":"8638610"}},{"type":"Feature","id":"8578984","geometry":{"type":"Point","coordinates":[-77.27,38.46]},"properties":{"id":"8578984","name":"Liverpool Point, Md.","type":"subordinate","region":"VA","tz":"America/New_York","ref":"8594900"}},{"type":"Feature","id":"TPT2825","geometry":{"type":"Point","coordinates":[-161.016667,-10.416667]},"properties":{"id":"TPT2825","name":"Manihiki","type":"subordinate","region":null,"tz":"Pacific/Rarotonga","ref":"1770000"}},{"type":"Feature","id":"8723205","geometry":{"type":"Point","coordinates":[-80.2367,25.7267]},"properties":{"id":"8723205","name":"Dinner Key Marina","type":"subordinate","region":"FL","tz":"America/New_York","ref":"8723178"}},{"type":"Feature","id":"8536752","geometry":{"type":"Point","coordinates":[-74.8217,39.1833]},"properties":{"id":"8536752","name":"Dennis Creek, Route 47 bridge","type":"subordinate","region":"NJ","tz":"America/New_York","ref":"8557380"}},{"type":"Feature","id":"8447241","geometry":{"type":"Point","coordinates":[-70.155,41.7517]},"properties":{"id":"8447241","name":"Sesuit Harbor, East Dennis","type":"reference","region":"MA","tz":"America/New_York","gt_m":3.189}},{"type":"Feature","id":"9455090","geometry":{"type":"Point","coordinates":[-149.428108,60.1193]},"properties":{"id":"9455090","name":"Seward, Resurrection Bay","type":"reference","region":"AK","tz":"America/Anchorage","gt_m":3.238}},{"type":"Feature","id":"9451497","geometry":{"type":"Point","coordinates":[-134.303056,56.903333]},"properties":{"id":"9451497","name":"Saginaw Bay, Kuiu Island","type":"reference","region":"AK","tz":"America/Sitka","gt_m":4.185}},{"type":"Feature","id":"8538274","geometry":{"type":"Point","coordinates":[-75.36,39.715]},"properties":{"id":"8538274","name":"Auburn, Oldmans Creek, N.J.","type":"subordinate","region":"NJ","tz":"America/New_York","ref":"8551910"}},{"type":"Feature","id":"8724474","geometry":{"type":"Point","coordinates":[-81.685,24.6233]},"properties":{"id":"8724474","name":"Duck Key Point, Duck Key, Waltz Key Basin","type":"subordinate","region":"FL","tz":"America/New_York","ref":"8724580"}},{"type":"Feature","id":"8452555","geometry":{"type":"Point","coordinates":[-71.3217,41.58]},"properties":{"id":"8452555","name":"Prudence Island, (south end)","type":"subordinate","region":"RI","tz":"America/New_York","ref":"8452660"}},{"type":"Feature","id":"9457262","geometry":{"type":"Point","coordinates":[-152.417,57.9383]},"properties":{"id":"9457262","name":"Spruce Island (north side)","type":"subordinate","region":"AK","tz":"America/Anchorage","ref":"9457292"}},{"type":"Feature","id":"8572313","geometry":{"type":"Point","coordinates":[-76.2333,38.775]},"properties":{"id":"8572313","name":"St. Michaels, San Domingo Creek","type":"subordinate","region":"MD","tz":"America/New_York","ref":"8574680"}},{"type":"Feature","id":"9446248","geometry":{"type":"Point","coordinates":[-122.328,47.4]},"properties":{"id":"9446248","name":"Des Moines, East Passage","type":"subordinate","region":"WA","tz":"America/Los_Angeles","ref":"9447130"}},{"type":"Feature","id":"8773259","geometry":{"type":"Point","coordinates":[-96.609802,28.6406]},"properties":{"id":"8773259","name":"Port Lavaca","type":"reference","region":"TX","tz":"America/Chicago","gt_m":0.273}},{"type":"Feature","id":"9459939","geometry":{"type":"Point","coordinates":[-162.637,54.3933]},"properties":{"id":"9459939","name":"Peterson Bay","type":"subordinate","region":"AK","tz":"America/Nome","ref":"9459450"}},{"type":"Feature","id":"TWC0831","geometry":{"type":"Point","coordinates":[-124.116667,43.733333]},"properties":{"id":"TWC0831","name":"Gardiner","type":"subordinate","region":"OR","tz":"America/Los_Angeles","ref":"9432780"}},{"type":"Feature","id":"8635154","geometry":{"type":"Point","coordinates":[-77.41,38.255]},"properties":{"id":"8635154","name":"Massaponax","type":"subordinate","region":"VA","tz":"America/New_York","ref":"8594900"}},{"type":"Feature","id":"8726347","geometry":{"type":"Point","coordinates":[-82.76,27.6017]},"properties":{"id":"8726347","name":"Egmont Key, Egmont Channel","type":"reference","region":"FL","tz":"America/New_York","gt_m":0.657}},{"type":"Feature","id":"8537116","geometry":{"type":"Point","coordinates":[-75.2783,39.305]},"properties":{"id":"8537116","name":"Back Creek entrance, Nantuxent Cove","type":"subordinate","region":"NJ","tz":"America/New_York","ref":"8551910"}},{"type":"Feature","id":"8724201","geometry":{"type":"Point","coordinates":[-81.3567,24.69]},"properties":{"id":"8724201","name":"Big Pine Key, Doctors Arm, Bogie Channel","type":"subordinate","region":"FL","tz":"America/New_York","ref":"8724580"}},{"type":"Feature","id":"9454124","geometry":{"type":"Point","coordinates":[-145.992172,60.67189]},"properties":{"id":"9454124","name":"Sheep Bay","type":"reference","region":"AK","tz":"America/Anchorage","gt_m":3.708}},{"type":"Feature","id":"8722207","geometry":{"type":"Point","coordinates":[-80.3333,27.48]},"properties":{"id":"8722207","name":"St. Lucie","type":"subordinate","region":"FL","tz":"America/New_York","ref":"8723178"}},{"type":"Feature","id":"TWC0817","geometry":{"type":"Point","coordinates":[-124.416667,42.433333]},"properties":{"id":"TWC0817","name":"Wedderburn, Rogue River","type":"subordinate","region":"OR","tz":"America/Los_Angeles","ref":"9419750"}},{"type":"Feature","id":"8770570","geometry":{"type":"Point","coordinates":[-93.8701,29.7284]},"properties":{"id":"8770570","name":"Sabine Pass","type":"reference","region":"TX","tz":"America/Chicago","gt_m":0.488}},{"type":"Feature","id":"9447659","geometry":{"type":"Point","coordinates":[-122.223,47.98]},"properties":{"id":"9447659","name":"Everett","type":"reference","region":"WA","tz":"America/Los_Angeles","gt_m":3.381}},{"type":"Feature","id":"8654400","geometry":{"type":"Point","coordinates":[-75.635,35.2233]},"properties":{"id":"8654400","name":"CAPE HATTERAS FISHING PIER","type":"reference","region":"NC","tz":"America/New_York","gt_m":1.056}},{"type":"Feature","id":"9451706","geometry":{"type":"Point","coordinates":[-134.287,57.1883]},"properties":{"id":"9451706","name":"Eliza Harbor, Admiralty Island","type":"subordinate","region":"AK","tz":"America/Juneau","ref":"9452210"}},{"type":"Feature","id":"9455120","geometry":{"type":"Point","coordinates":[-149.588,59.7733]},"properties":{"id":"9455120","name":"Agnes Cove, Aialik Peninsula","type":"reference","region":"AK","tz":"America/Anchorage","gt_m":3.257}},{"type":"Feature","id":"8579997","geometry":{"type":"Point","coordinates":[-76.9383,38.9333]},"properties":{"id":"8579997","name":"Bladensburg, Md.","type":"reference","region":"MD","tz":"America/New_York","gt_m":1.021}},{"type":"Feature","id":"8660275","geometry":{"type":"Point","coordinates":[-79.0417,33.835]},"properties":{"id":"8660275","name":"Conway, RR. bridge","type":"subordinate","region":"SC","tz":"America/New_York","ref":"8665530"}},{"type":"Feature","id":"TEC4207","geometry":{"type":"Point","coordinates":[-82.016667,26.45]},"properties":{"id":"TEC4207","name":"Point Ybel, San Carlos Bay entrance","type":"subordinate","region":"FL","tz":"America/New_York","ref":"8726520"}},{"type":"Feature","id":"9446969","geometry":{"type":"Point","coordinates":[-122.903,47.06]},"properties":{"id":"9446969","name":"Olympia, Budd Inlet","type":"subordinate","region":"WA","tz":"America/Los_Angeles","ref":"9447130"}},{"type":"Feature","id":"8633604","geometry":{"type":"Point","coordinates":[-75.675,37.855]},"properties":{"id":"8633604","name":"Muddy Creek Entrance","type":"subordinate","region":"VA","tz":"America/New_York","ref":"8638863"}},{"type":"Feature","id":"8723534","geometry":{"type":"Point","coordinates":[-80.37,25.2883]},"properties":{"id":"8723534","name":"Little Card Sound bridge","type":"reference","region":"FL","tz":"America/New_York","gt_m":0.192}},{"type":"Feature","id":"9452704","geometry":{"type":"Point","coordinates":[-136.678,58.2767]},"properties":{"id":"9452704","name":"Graves Harbor","type":"subordinate","region":"AK","tz":"America/Juneau","ref":"9452634"}},{"type":"Feature","id":"9437381","geometry":{"type":"Point","coordinates":[-123.902,45.4817]},"properties":{"id":"9437381","name":"Dick Point","type":"reference","region":"OR","tz":"America/Los_Angeles","gt_m":2.118}},{"type":"Feature","id":"9434098","geometry":{"type":"Point","coordinates":[-124.123001,44.002102]},"properties":{"id":"9434098","name":"Florence USCG Pier, Siuslaw River","type":"reference","region":"OR","tz":"America/Los_Angeles","gt_m":2.258}},{"type":"Feature","id":"8722951","geometry":{"type":"Point","coordinates":[-80.1233,26.0917]},"properties":{"id":"8722951","name":"Port Everglades, Turning Basin","type":"subordinate","region":"FL","tz":"America/New_York","ref":"8723178"}},{"type":"Feature","id":"8675761","geometry":{"type":"Point","coordinates":[-81.333944,31.373861]},"properties":{"id":"8675761","name":"Rockdedundy River (Daymark 185)","type":"reference","region":"GA","tz":"America/New_York","gt_m":2.291}},{"type":"Feature","id":"9413626","geometry":{"type":"Point","coordinates":[-121.787,36.8133]},"properties":{"id":"9413626","name":"Elkhorn Yacht Club","type":"subordinate","region":"CA","tz":"America/Los_Angeles","ref":"9413450"}},{"type":"Feature","id":"8760417","geometry":{"type":"Point","coordinates":[-89.044467,29.20075]},"properties":{"id":"8760417","name":"Devon Energy Facility","type":"reference","region":"LA","tz":"America/Chicago","gt_m":0.362}},{"type":"Feature","id":"8656518","geometry":{"type":"Point","coordinates":[-76.645,34.7117]},"properties":{"id":"8656518","name":"Beaufort, Taylor Creek","type":"subordinate","region":"NC","tz":"America/New_York","ref":"8654400"}},{"type":"Feature","id":"8416804","geometry":{"type":"Point","coordinates":[-69.6183,44.05]},"properties":{"id":"8416804","name":"Sheepscot (below rapids)","type":"subordinate","region":"ME","tz":"America/New_York","ref":"8418150"}},{"type":"Feature","id":"8573969","geometry":{"type":"Point","coordinates":[-75.8433,39.575]},"properties":{"id":"8573969","name":"Old Frenchtown Wharf","type":"subordinate","region":"MD","tz":"America/New_York","ref":"8574680"}},{"type":"Feature","id":"9453443","geometry":{"type":"Point","coordinates":[-141.363007,59.93]},"properties":{"id":"9453443","name":"Moraine Bay, Icy Bay","type":"reference","region":"AK","tz":"America/Yakutat","gt_m":2.969}},{"type":"Feature","id":"8630111","geometry":{"type":"Point","coordinates":[-75.301697,37.981701]},"properties":{"id":"8630111","name":"Jesters Island","type":"reference","region":"VA","tz":"America/New_York","gt_m":0.287}},{"type":"Feature","id":"8667901","geometry":{"type":"Point","coordinates":[-80.61,32.4517]},"properties":{"id":"8667901","name":"Lucy Point Creek entrance","type":"subordinate","region":"SC","tz":"America/New_York","ref":"8670870"}},{"type":"Feature","id":"9414637","geometry":{"type":"Point","coordinates":[-122.182,37.6083]},"properties":{"id":"9414637","name":"San Mateo Bridge (east end)","type":"subordinate","region":"CA","tz":"America/Los_Angeles","ref":"9414290"}},{"type":"Feature","id":"9451802","geometry":{"type":"Point","coordinates":[-135.723,57.3367]},"properties":{"id":"9451802","name":"Scraggy Point","type":"subordinate","region":"AK","tz":"America/Sitka","ref":"9451600"}},{"type":"Feature","id":"8720596","geometry":{"type":"Point","coordinates":[-81.5533,29.8583]},"properties":{"id":"8720596","name":"Tocoi","type":"subordinate","region":"FL","tz":"America/New_York","ref":"8720218"}},{"type":"Feature","id":"9447427","geometry":{"type":"Point","coordinates":[-122.383,47.8133]},"properties":{"id":"9447427","name":"Edmonds","type":"subordinate","region":"WA","tz":"America/Los_Angeles","ref":"9447130"}},{"type":"Feature","id":"8531369","geometry":{"type":"Point","coordinates":[-74.363297,40.416698]},"properties":{"id":"8531369","name":"Old Bridge, South River","type":"reference","region":"NJ","tz":"America/New_York","gt_m":1.868}},{"type":"Feature","id":"8638863","geometry":{"type":"Point","coordinates":[-76.113297,36.966702]},"properties":{"id":"8638863","name":"CHESAPEAKE BAY BRIDGE TUNNEL","type":"reference","region":"VA","tz":"America/New_York","gt_m":0.885}},{"type":"Feature","id":"TWC1579","geometry":{"type":"Point","coordinates":[-133.4,55.916667]},"properties":{"id":"TWC1579","name":"Cyrus Cove, Sea Otter Sound","type":"subordinate","region":"AK","tz":"America/Sitka","ref":"9451600"}},{"type":"Feature","id":"TPT2893","geometry":{"type":"Point","coordinates":[6.016667,-18.65]},"properties":{"id":"TPT2893","name":"Neiafu","type":"subordinate","region":null,"tz":"Etc/GMT","ref":"1778000"}},{"type":"Feature","id":"9414290","geometry":{"type":"Point","coordinates":[-122.465889,37.806306]},"properties":{"id":"9414290","name":"SAN FRANCISCO (Golden Gate)","type":"reference","region":"CA","tz":"America/Los_Angeles","gt_m":1.78}},{"type":"Feature","id":"9449746","geometry":{"type":"Point","coordinates":[-123.037598,48.686798]},"properties":{"id":"9449746","name":"WALDRON ISLAND, PUGET SOUND","type":"reference","region":"WA","tz":"America/Los_Angeles","gt_m":2.566}},{"type":"Feature","id":"8531804","geometry":{"type":"Point","coordinates":[-73.975,40.365]},"properties":{"id":"8531804","name":"Sea Bright","type":"subordinate","region":"NJ","tz":"America/New_York","ref":"8531680"}},{"type":"Feature","id":"8413079","geometry":{"type":"Point","coordinates":[-68.0867,44.3883]},"properties":{"id":"8413079","name":"Winter Harbor, Frenchman Bay","type":"subordinate","region":"ME","tz":"America/New_York","ref":"8413320"}},{"type":"Feature","id":"8729702","geometry":{"type":"Point","coordinates":[-86.918297,30.450001]},"properties":{"id":"8729702","name":"Holley, East Bay","type":"reference","region":"FL","tz":"America/Chicago","gt_m":0.457}},{"type":"Feature","id":"9455204","geometry":{"type":"Point","coordinates":[-150.032,59.79]},"properties":{"id":"9455204","name":"Upper Northwestern Fiord, Harris Bay","type":"reference","region":"AK","tz":"America/Anchorage","gt_m":3.303}},{"type":"Feature","id":"8724448","geometry":{"type":"Point","coordinates":[-81.6533,24.6467]},"properties":{"id":"8724448","name":"Waltz Key, Waltz Key Basin","type":"subordinate","region":"FL","tz":"America/New_York","ref":"8724580"}},{"type":"Feature","id":"8722371","geometry":{"type":"Point","coordinates":[-80.188301,27.174999]},"properties":{"id":"8722371","name":"Sewall Point","type":"reference","region":"FL","tz":"America/New_York","gt_m":0.508}},{"type":"Feature","id":"8447281","geometry":{"type":"Point","coordinates":[-71.1317,41.74]},"properties":{"id":"8447281","name":"Steep Brook, Taunton River","type":"subordinate","region":"MA","tz":"America/New_York","ref":"8452660"}},{"type":"Feature","id":"8723518","geometry":{"type":"Point","coordinates":[-80.2983,25.31]},"properties":{"id":"8723518","name":"Wednesday Point, Key Largo, Card Sound","type":"subordinate","region":"FL","tz":"America/New_York","ref":"8723178"}},{"type":"Feature","id":"8727386","geometry":{"type":"Point","coordinates":[-82.725,28.96]},"properties":{"id":"8727386","name":"Florida Power","type":"subordinate","region":"FL","tz":"America/New_York","ref":"8727520"}},{"type":"Feature","id":"8636831","geometry":{"type":"Point","coordinates":[-76.4167,37.5067]},"properties":{"id":"8636831","name":"Dixie","type":"subordinate","region":"VA","tz":"America/New_York","ref":"8638610"}},{"type":"Feature","id":"8635762","geometry":{"type":"Point","coordinates":[-76.4667,37.9967]},"properties":{"id":"8635762","name":"Travis Point, Coan River, Va.","type":"subordinate","region":"VA","tz":"America/New_York","ref":"8594900"}},{"type":"Feature","id":"8668482","geometry":{"type":"Point","coordinates":[-80.89,32.3467]},"properties":{"id":"8668482","name":"Baileys Landing, Okatee River, Colleton River","type":"subordinate","region":"SC","tz":"America/New_York","ref":"8670870"}},{"type":"Feature","id":"8725541","geometry":{"type":"Point","coordinates":[-82.1633,26.706699]},"properties":{"id":"8725541","name":"Bokeelia, Charlotte Harbor","type":"reference","region":"FL","tz":"America/New_York","gt_m":0.526}},{"type":"Feature","id":"8417271","geometry":{"type":"Point","coordinates":[-69.835,43.9817]},"properties":{"id":"8417271","name":"Sturgeon Island, Merrymeeting Bay","type":"subordinate","region":"ME","tz":"America/New_York","ref":"8418150"}},{"type":"Feature","id":"9462144","geometry":{"type":"Point","coordinates":[-170.707,52.6817]},"properties":{"id":"9462144","name":"North side","type":"subordinate","region":"AK","tz":"America/Adak","ref":"9462620"}},{"type":"Feature","id":"8723879","geometry":{"type":"Point","coordinates":[-80.8083,24.8283]},"properties":{"id":"8723879","name":"Long Key Bight, Long Key","type":"subordinate","region":"FL","tz":"America/New_York","ref":"8724580"}},{"type":"Feature","id":"8446121","geometry":{"type":"Point","coordinates":[-70.182158,42.049592]},"properties":{"id":"8446121","name":"Provincetown","type":"reference","region":"MA","tz":"America/New_York","gt_m":3.072}},{"type":"Feature","id":"8727012","geometry":{"type":"Point","coordinates":[-82.7267,28.2683]},"properties":{"id":"8727012","name":"Hwy. 19 bridge, Pithlachascotee River","type":"subordinate","region":"FL","tz":"America/New_York","ref":"8727520"}},{"type":"Feature","id":"8673437","geometry":{"type":"Point","coordinates":[-81.155,31.69]},"properties":{"id":"8673437","name":"Walburg Creek entrance","type":"subordinate","region":"GA","tz":"America/New_York","ref":"8670870"}},{"type":"Feature","id":"9455145","geometry":{"type":"Point","coordinates":[-149.715,59.9533]},"properties":{"id":"9455145","name":"Aialik Bay, North end","type":"reference","region":"AK","tz":"America/Anchorage","gt_m":3.237}},{"type":"Feature","id":"9452928","geometry":{"type":"Point","coordinates":[-137.65,58.6167]},"properties":{"id":"9452928","name":"Lituya Bay, 2 miles inside entrance","type":"subordinate","region":"AK","tz":"America/Juneau","ref":"9452634"}},{"type":"Feature","id":"9458762","geometry":{"type":"Point","coordinates":[-157.74,56.4917]},"properties":{"id":"9458762","name":"Unavikshak Island","type":"subordinate","region":"AK","tz":"America/Anchorage","ref":"9457292"}},{"type":"Feature","id":"8723232","geometry":{"type":"Point","coordinates":[-80.17,25.6983]},"properties":{"id":"8723232","name":"Key Biscayne Yacht Club, Biscayne Bay","type":"subordinate","region":"FL","tz":"America/New_York","ref":"8723178"}},{"type":"Feature","id":"9461945","geometry":{"type":"Point","coordinates":[-172.405,52.3917]},"properties":{"id":"9461945","name":"Finch Cove, Seguam Island","type":"subordinate","region":"AK","tz":"America/Adak","ref":"9461380"}},{"type":"Feature","id":"8727535","geometry":{"type":"Point","coordinates":[-83.069702,29.2064]},"properties":{"id":"8727535","name":"Shell Mound","type":"reference","region":"FL","tz":"America/New_York","gt_m":1.126}},{"type":"Feature","id":"TEC3047","geometry":{"type":"Point","coordinates":[-79.833333,32.766667]},"properties":{"id":"TEC3047","name":"Sullivans Island (outer coast)","type":"subordinate","region":"SC","tz":"America/New_York","ref":"8665530"}},{"type":"Feature","id":"8723807","geometry":{"type":"Point","coordinates":[-80.6717,24.9233]},"properties":{"id":"8723807","name":"Shell Key, northwest side, Lignumvitae Basin","type":"subordinate","region":"FL","tz":"America/New_York","ref":"8724580"}},{"type":"Feature","id":"8442417","geometry":{"type":"Point","coordinates":[-70.886703,42.540001]},"properties":{"id":"8442417","name":"Beverly, Beverly Harbor","type":"reference","region":"MA","tz":"America/New_York","gt_m":2.963}},{"type":"Feature","id":"9468123","geometry":{"type":"Point","coordinates":[-170.017,63.4667]},"properties":{"id":"9468123","name":"Fossil River entrance","type":"subordinate","region":"AK","tz":"America/Nome","ref":"9468756"}},{"type":"Feature","id":"8664611","geometry":{"type":"Point","coordinates":[-79.7467,32.915]},"properties":{"id":"8664611","name":"Big Paradise Island","type":"subordinate","region":"SC","tz":"America/New_York","ref":"8665530"}},{"type":"Feature","id":"8724463","geometry":{"type":"Point","coordinates":[-81.6733,24.6917]},"properties":{"id":"8724463","name":"Snipe Keys, Snipe Point","type":"subordinate","region":"FL","tz":"America/New_York","ref":"8724580"}},{"type":"Feature","id":"8572792","geometry":{"type":"Point","coordinates":[-76.2433,38.9667]},"properties":{"id":"8572792","name":"Kent Island Narrows","type":"subordinate","region":"MD","tz":"America/New_York","ref":"8574680"}},{"type":"Feature","id":"8534720","geometry":{"type":"Point","coordinates":[-74.418053,39.356667]},"properties":{"id":"8534720","name":"Atlantic City (Ocean)","type":"reference","region":"NJ","tz":"America/New_York","gt_m":1.403}},{"type":"Feature","id":"9440357","geometry":{"type":"Point","coordinates":[-122.8367,45.986698]},"properties":{"id":"9440357","name":"Temco Kalama Terminal","type":"reference","region":"WA","tz":"America/Los_Angeles","gt_m":1.117}},{"type":"Feature","id":"8659182","geometry":{"type":"Point","coordinates":[-78.0817,33.9017]},"properties":{"id":"8659182","name":"Oak Island, Yaupon Beach","type":"reference","region":"NC","tz":"America/New_York","gt_m":1.605}},{"type":"Feature","id":"TWC1867","geometry":{"type":"Point","coordinates":[-145.4,60.383333]},"properties":{"id":"TWC1867","name":"Pete Dahl Slough","type":"subordinate","region":"AK","tz":"America/Anchorage","ref":"9454050"}},{"type":"Feature","id":"9446366","geometry":{"type":"Point","coordinates":[-122.775,47.3417]},"properties":{"id":"9446366","name":"Vaughn, Case Inlet","type":"subordinate","region":"WA","tz":"America/Los_Angeles","ref":"9447130"}},{"type":"Feature","id":"8518939","geometry":{"type":"Point","coordinates":[-73.95,41.5833]},"properties":{"id":"8518939","name":"New Hamburg","type":"subordinate","region":"NY","tz":"America/New_York","ref":"8518750"}},{"type":"Feature","id":"9454949","geometry":{"type":"Point","coordinates":[-148.665,60.7783]},"properties":{"id":"9454949","name":"Whittier, Passage Canal","type":"reference","region":"AK","tz":"America/Anchorage","gt_m":3.716}},{"type":"Feature","id":"9455347","geometry":{"type":"Point","coordinates":[-150.982,59.2617]},"properties":{"id":"9455347","name":"Takoma Cove, Port Dick","type":"subordinate","region":"AK","tz":"America/Anchorage","ref":"9455090"}},{"type":"Feature","id":"9445441","geometry":{"type":"Point","coordinates":[-122.9,47.4183]},"properties":{"id":"9445441","name":"Lynch Cove Dock","type":"subordinate","region":"WA","tz":"America/Los_Angeles","ref":"9447130"}},{"type":"Feature","id":"9465174","geometry":{"type":"Point","coordinates":[-156.757004,58.706699]},"properties":{"id":"9465174","name":"Omakstalia Point","type":"subordinate","region":"AK","tz":"America/Anchorage","ref":"9465203"}},{"type":"Feature","id":"8452944","geometry":{"type":"Point","coordinates":[-71.3433,41.716702]},"properties":{"id":"8452944","name":"Conimicut Light","type":"reference","region":"RI","tz":"America/New_York","gt_m":1.397}},{"type":"Feature","id":"9418778","geometry":{"type":"Point","coordinates":[-124.197,40.7783]},"properties":{"id":"9418778","name":"Bucksport","type":"subordinate","region":"CA","tz":"America/Los_Angeles","ref":"9418767"}},{"type":"Feature","id":"8557863","geometry":{"type":"Point","coordinates":[-75.0833,38.72]},"properties":{"id":"8557863","name":"Rehoboth Beach","type":"subordinate","region":"DE","tz":"America/New_York","ref":"8570280"}},{"type":"Feature","id":"9452682","geometry":{"type":"Point","coordinates":[-136.573,58.8883]},"properties":{"id":"9452682","name":"Composite Island","type":"subordinate","region":"AK","tz":"America/Juneau","ref":"9452634"}},{"type":"Feature","id":"8447605","geometry":{"type":"Point","coordinates":[-70.3,41.6317]},"properties":{"id":"8447605","name":"Hyannis Port","type":"reference","region":"MA","tz":"America/New_York","gt_m":1.159}},{"type":"Feature","id":"8455137","geometry":{"type":"Point","coordinates":[-71.241699,41.707802]},"properties":{"id":"8455137","name":"KICKAMUIT RIVER","type":"reference","region":"MA","tz":"America/New_York","gt_m":1.438}},{"type":"Feature","id":"8724397","geometry":{"type":"Point","coordinates":[-81.5933,24.71]},"properties":{"id":"8724397","name":"Johnston Key, southwest end, Turkey Basin","type":"subordinate","region":"FL","tz":"America/New_York","ref":"8724580"}},{"type":"Feature","id":"8666659","geometry":{"type":"Point","coordinates":[-80.6833,32.6517]},"properties":{"id":"8666659","name":"U.S. 17 Bridge","type":"subordinate","region":"SC","tz":"America/New_York","ref":"8670870"}},{"type":"Feature","id":"9450862","geometry":{"type":"Point","coordinates":[-133.81,55.955]},"properties":{"id":"9450862","name":"Pole Anchorage, Kosciusko Island","type":"subordinate","region":"AK","tz":"America/Sitka","ref":"9451600"}},{"type":"Feature","id":"9413631","geometry":{"type":"Point","coordinates":[-121.747002,36.818298]},"properties":{"id":"9413631","name":"Elkhorn, Elkhorn Slough","type":"reference","region":"CA","tz":"America/Los_Angeles","gt_m":1.636}},{"type":"Feature","id":"9414391","geometry":{"type":"Point","coordinates":[-122.39,37.6667]},"properties":{"id":"9414391","name":"South San Francisco","type":"subordinate","region":"CA","tz":"America/Los_Angeles","ref":"9414290"}},{"type":"Feature","id":"TPT2739","geometry":{"type":"Point","coordinates":[-162.083333,5.883333]},"properties":{"id":"TPT2739","name":"Palmyra Island","type":"subordinate","region":null,"tz":"Etc/GMT+11","ref":"1612340"}},{"type":"Feature","id":"8638901","geometry":{"type":"Point","coordinates":[-76.083298,37.032902]},"properties":{"id":"8638901","name":"CBBT, CHESAPEAKE CHANNEL","type":"reference","region":"VA","tz":"America/New_York","gt_m":0.92}},{"type":"Feature","id":"8725889","geometry":{"type":"Point","coordinates":[-82.4633,27.1117]},"properties":{"id":"8725889","name":"Venice Inlet (inside)","type":"subordinate","region":"FL","tz":"America/New_York","ref":"8726520"}},{"type":"Feature","id":"9451247","geometry":{"type":"Point","coordinates":[-133.767,56.535]},"properties":{"id":"9451247","name":"Monte Carlo Island","type":"reference","region":"AK","tz":"America/Sitka","gt_m":3.859}},{"type":"Feature","id":"8720686","geometry":{"type":"Point","coordinates":[-81.2383,29.715]},"properties":{"id":"8720686","name":"Fort Matanzas, Matanzas River, ICWW","type":"subordinate","region":"FL","tz":"America/New_York","ref":"8720030"}},{"type":"Feature","id":"9466563","geometry":{"type":"Point","coordinates":[-164.638702,60.934502]},"properties":{"id":"9466563","name":"Newtok, Ningliq River","type":"reference","region":"AK","tz":"America/Nome","gt_m":1.897}},{"type":"Feature","id":"9442971","geometry":{"type":"Point","coordinates":[-124.737,48.391701]},"properties":{"id":"9442971","name":"Tatoosh Island, Cape Flattery","type":"subordinate","region":"WA","tz":"America/Los_Angeles","ref":"9443090"}},{"type":"Feature","id":"8673381","geometry":{"type":"Point","coordinates":[-81.2717,31.695]},"properties":{"id":"8673381","name":"Halfmoon, Timmons River","type":"subordinate","region":"GA","tz":"America/New_York","ref":"8670870"}},{"type":"Feature","id":"8663101","geometry":{"type":"Point","coordinates":[-79.3483,33.025]},"properties":{"id":"8663101","name":"Cape Romain","type":"subordinate","region":"SC","tz":"America/New_York","ref":"8665530"}},{"type":"Feature","id":"8572204","geometry":{"type":"Point","coordinates":[-76.235,38.7317]},"properties":{"id":"8572204","name":"Deep Neck Point, Broad Creek","type":"subordinate","region":"MD","tz":"America/New_York","ref":"8574680"}},{"type":"Feature","id":"9462573","geometry":{"type":"Point","coordinates":[-166.873,53.475]},"properties":{"id":"9462573","name":"Raven Bay","type":"subordinate","region":"AK","tz":"America/Nome","ref":"9462620"}},{"type":"Feature","id":"TWC1723","geometry":{"type":"Point","coordinates":[-134.133333,56.416667]},"properties":{"id":"TWC1723","name":"Tebenkof Bay, Kuiu Island","type":"subordinate","region":"AK","tz":"America/Sitka","ref":"9451600"}},{"type":"Feature","id":"8731439","geometry":{"type":"Point","coordinates":[-87.684278,30.279889]},"properties":{"id":"8731439","name":"Gulf Shores, ICWW","type":"reference","region":"AL","tz":"America/Chicago","gt_m":0.371}},{"type":"Feature","id":"8775792","geometry":{"type":"Point","coordinates":[-97.236702,27.633301]},"properties":{"id":"8775792","name":"Packery Channel","type":"reference","region":"TX","tz":"America/Chicago","gt_m":0.13}},{"type":"Feature","id":"9445293","geometry":{"type":"Point","coordinates":[-122.912,47.665]},"properties":{"id":"9445293","name":"Pleasant Harbor","type":"subordinate","region":"WA","tz":"America/Los_Angeles","ref":"9447130"}},{"type":"Feature","id":"9454777","geometry":{"type":"Point","coordinates":[-148.113,60.2833]},"properties":{"id":"9454777","name":"Chenega Island, southwest end","type":"subordinate","region":"AK","tz":"America/Anchorage","ref":"9454050"}},{"type":"Feature","id":"8660148","geometry":{"type":"Point","coordinates":[-78.57,33.8583]},"properties":{"id":"8660148","name":"Dunn Sound, Little River Inlet","type":"subordinate","region":"NC","tz":"America/New_York","ref":"8661070"}},{"type":"Feature","id":"8542425","geometry":{"type":"Point","coordinates":[-75.305,39.8767]},"properties":{"id":"8542425","name":"Wanamaker Bridge","type":"subordinate","region":"PA","tz":"America/New_York","ref":"8545240"}},{"type":"Feature","id":"8532337","geometry":{"type":"Point","coordinates":[-74.0083,40.185]},"properties":{"id":"8532337","name":"Belmar, Atlantic Ocean","type":"subordinate","region":"NJ","tz":"America/New_York","ref":"8531680"}},{"type":"Feature","id":"8668686","geometry":{"type":"Point","coordinates":[-80.645,32.3067]},"properties":{"id":"8668686","name":"Fort Fremont","type":"subordinate","region":"SC","tz":"America/New_York","ref":"8670870"}},{"type":"Feature","id":"8760172","geometry":{"type":"Point","coordinates":[-88.8717,30.0483]},"properties":{"id":"8760172","name":"Chandeleur Light","type":"subordinate","region":"MS","tz":"America/Chicago","ref":"8760551"}},{"type":"Feature","id":"9467551","geometry":{"type":"Point","coordinates":[-164.845278,62.532944]},"properties":{"id":"9467551","name":"Nunam Iqua (Sheldon Point)","type":"reference","region":"AK","tz":"America/Nome","gt_m":0.804}},{"type":"Feature","id":"TEC4455","geometry":{"type":"Point","coordinates":[-89.966667,29.266667]},"properties":{"id":"TEC4455","name":"Bayou Rigaud, Grand Isle","type":"subordinate","region":"LA","tz":"America/Chicago","ref":"8761724"}},{"type":"Feature","id":"8773767","geometry":{"type":"Point","coordinates":[-96.330101,28.426901]},"properties":{"id":"8773767","name":"Matagorda Bay Entrance Channel","type":"reference","region":"TX","tz":"America/Chicago","gt_m":0.377}},{"type":"Feature","id":"8720757","geometry":{"type":"Point","coordinates":[-81.205,29.615]},"properties":{"id":"8720757","name":"Bings Landing, Matanzas River","type":"reference","region":"FL","tz":"America/New_York","gt_m":0.536}},{"type":"Feature","id":"8443662","geometry":{"type":"Point","coordinates":[-71.0767,42.395]},"properties":{"id":"8443662","name":"Amelia Earhart Dam, Mystic River","type":"reference","region":"MA","tz":"America/New_York","gt_m":3.15}},{"type":"Feature","id":"9414413","geometry":{"type":"Point","coordinates":[-122.383,37.6367]},"properties":{"id":"9414413","name":"Seaplane Harbor","type":"subordinate","region":"CA","tz":"America/Los_Angeles","ref":"9414290"}},{"type":"Feature","id":"9414837","geometry":{"type":"Point","coordinates":[-122.443,37.8917]},"properties":{"id":"9414837","name":"Point Chauncey","type":"subordinate","region":"CA","tz":"America/Los_Angeles","ref":"9414290"}},{"type":"Feature","id":"9414746","geometry":{"type":"Point","coordinates":[-122.235,37.7717]},"properties":{"id":"9414746","name":"Oakland Harbor, Park Street Bridge","type":"reference","region":"CA","tz":"America/Los_Angeles","gt_m":1.985}},{"type":"Feature","id":"8720001","geometry":{"type":"Point","coordinates":[-81.84,30.7867]},"properties":{"id":"8720001","name":"Kings Ferry","type":"subordinate","region":"FL","tz":"America/New_York","ref":"8720030"}},{"type":"Feature","id":"8516925","geometry":{"type":"Point","coordinates":[-73.7583,40.6167]},"properties":{"id":"8516925","name":"Motts Basin","type":"subordinate","region":"NY","tz":"America/New_York","ref":"8531680"}},{"type":"Feature","id":"TEC3521","geometry":{"type":"Point","coordinates":[-81.566667,31.15]},"properties":{"id":"TEC3521","name":"Highway bridge, South Brunswick River","type":"subordinate","region":"GA","tz":"America/New_York","ref":"8670870"}},{"type":"Feature","id":"8511907","geometry":{"type":"Point","coordinates":[-72.361167,41.101]},"properties":{"id":"8511907","name":"Greenport","type":"reference","region":"NY","tz":"America/New_York","gt_m":0.885}},{"type":"Feature","id":"9454671","geometry":{"type":"Point","coordinates":[-147.767,60.1533]},"properties":{"id":"9454671","name":"Point Helen","type":"subordinate","region":"AK","tz":"America/Anchorage","ref":"9454050"}},{"type":"Feature","id":"9462838","geometry":{"type":"Point","coordinates":[-164.467,54.9283]},"properties":{"id":"9462838","name":"Cape Mordvinof","type":"subordinate","region":"AK","tz":"America/Nome","ref":"9462620"}},{"type":"Feature","id":"8724199","geometry":{"type":"Point","coordinates":[-81.3583,24.7567]},"properties":{"id":"8724199","name":"Crawl Key, Big Spanish Channel","type":"subordinate","region":"FL","tz":"America/New_York","ref":"8724580"}},{"type":"Feature","id":"8534638","geometry":{"type":"Point","coordinates":[-74.425,39.385]},"properties":{"id":"8534638","name":"Absecon Channel, State Route 87 bridge","type":"subordinate","region":"NJ","tz":"America/New_York","ref":"8534720"}},{"type":"Feature","id":"9495048","geometry":{"type":"Point","coordinates":[-156.353,71.36]},"properties":{"id":"9495048","name":"Point Barrow","type":"subordinate","region":"AK","tz":"America/Anchorage","ref":"9457292"}},{"type":"Feature","id":"8570282","geometry":{"type":"Point","coordinates":[-75.09,38.3317]},"properties":{"id":"8570282","name":"Ocean City (Isle of Wight Bay)","type":"subordinate","region":"MD","tz":"America/New_York","ref":"8570280"}},{"type":"Feature","id":"8779280","geometry":{"type":"Point","coordinates":[-97.285301,26.2624]},"properties":{"id":"8779280","name":"Realitos Pennisula, Laguna Madre","type":"reference","region":"TX","tz":"America/Chicago","gt_m":0.172}},{"type":"Feature","id":"8741533","geometry":{"type":"Point","coordinates":[-88.563056,30.367778]},"properties":{"id":"8741533","name":"Pascagoula NOAA Lab","type":"reference","region":"MS","tz":"America/Chicago","gt_m":0.467}},{"type":"Feature","id":"8728142","geometry":{"type":"Point","coordinates":[-84.2033,30.1533]},"properties":{"id":"8728142","name":"St. Marks, St. Marks River","type":"subordinate","region":"FL","tz":"America/New_York","ref":"8728130"}},{"type":"Feature","id":"8530403","geometry":{"type":"Point","coordinates":[-74.12,40.8467]},"properties":{"id":"8530403","name":"East Rutherford","type":"subordinate","region":"NJ","tz":"America/New_York","ref":"8518750"}},{"type":"Feature","id":"8638455","geometry":{"type":"Point","coordinates":[-77.0067,37.3067]},"properties":{"id":"8638455","name":"Sturgeon Point","type":"subordinate","region":"VA","tz":"America/New_York","ref":"8638610"}},{"type":"Feature","id":"TWC1189","geometry":{"type":"Point","coordinates":[-122.716698,48.833302]},"properties":{"id":"TWC1189","name":"Ferndale","type":"subordinate","region":"WA","tz":"America/Los_Angeles","ref":"9444900"}},{"type":"Feature","id":"9450272","geometry":{"type":"Point","coordinates":[-133.2,55.0667]},"properties":{"id":"9450272","name":"Sakie Bay","type":"subordinate","region":"AK","tz":"America/Sitka","ref":"9451600"}},{"type":"Feature","id":"9462557","geometry":{"type":"Point","coordinates":[-167.02,53.4617]},"properties":{"id":"9462557","name":"Kuliliak Bay","type":"subordinate","region":"AK","tz":"America/Nome","ref":"9462620"}},{"type":"Feature","id":"9452263","geometry":{"type":"Point","coordinates":[-134.645,58.3817]},"properties":{"id":"9452263","name":"Auke Bay","type":"subordinate","region":"AK","tz":"America/Juneau","ref":"9452210"}},{"type":"Feature","id":"9452022","geometry":{"type":"Point","coordinates":[-133.19,57.8783]},"properties":{"id":"9452022","name":"Sawyer Island, Tracy Arm","type":"subordinate","region":"AK","tz":"America/Juneau","ref":"9452210"}},{"type":"Feature","id":"9458209","geometry":{"type":"Point","coordinates":[-155.393,57.7067]},"properties":{"id":"9458209","name":"Puale Bay","type":"reference","region":"AK","tz":"America/Anchorage","gt_m":3.765}},{"type":"Feature","id":"9451953","geometry":{"type":"Point","coordinates":[-134.417,57.5333]},"properties":{"id":"9451953","name":"Target Island, Mitchell Bay","type":"reference","region":"AK","tz":"America/Juneau","gt_m":3.416}},{"type":"Feature","id":"8724964","geometry":{"type":"Point","coordinates":[-81.6367,25.8967]},"properties":{"id":"8724964","name":"Coon Key","type":"reference","region":"FL","tz":"America/New_York","gt_m":1.156}},{"type":"Feature","id":"8532716","geometry":{"type":"Point","coordinates":[-74.0733,40.0617]},"properties":{"id":"8532716","name":"Beaverdam Creek, inside","type":"subordinate","region":"NJ","tz":"America/New_York","ref":"8531680"}},{"type":"Feature","id":"8661529","geometry":{"type":"Point","coordinates":[-79.0367,33.5517]},"properties":{"id":"8661529","name":"Captain Alex's Marina, Parsonage Creek","type":"subordinate","region":"SC","tz":"America/New_York","ref":"8661070"}},{"type":"Feature","id":"8448942","geometry":{"type":"Point","coordinates":[-70.7683,41.3117]},"properties":{"id":"8448942","name":"Squibnocket Point","type":"subordinate","region":"MA","tz":"America/New_York","ref":"8452660"}},{"type":"Feature","id":"TEC3531","geometry":{"type":"Point","coordinates":[-81.616667,31.166667]},"properties":{"id":"TEC3531","name":"Below Spring Bluff","type":"subordinate","region":"GA","tz":"America/New_York","ref":"8720030"}},{"type":"Feature","id":"8531753","geometry":{"type":"Point","coordinates":[-74.015,40.3767]},"properties":{"id":"8531753","name":"Oceanic Bridge, Navesink River","type":"subordinate","region":"NJ","tz":"America/New_York","ref":"8531680"}},{"type":"Feature","id":"8763535","geometry":{"type":"Point","coordinates":[-90.976444,29.174778]},"properties":{"id":"8763535","name":"Texas Gas Platform, Caillou Bay","type":"reference","region":"LA","tz":"America/Chicago","gt_m":0.494}},{"type":"Feature","id":"9410032","geometry":{"type":"Point","coordinates":[-118.556999,33.005001]},"properties":{"id":"9410032","name":"Wilson Cove, San Clemente Island","type":"reference","region":"CA","tz":"America/Los_Angeles","gt_m":1.598}},{"type":"Feature","id":"9452005","geometry":{"type":"Point","coordinates":[-133.054993,57.521694]},"properties":{"id":"9452005","name":"Upper Endicott Arm, North Shore","type":"subordinate","region":"AK","tz":"America/Juneau","ref":"9452210"}},{"type":"Feature","id":"9447883","geometry":{"type":"Point","coordinates":[-122.57,48.105]},"properties":{"id":"9447883","name":"Greenbank, Whidbey Island","type":"reference","region":"WA","tz":"America/Los_Angeles","gt_m":3.461}},{"type":"Feature","id":"8464336","geometry":{"type":"Point","coordinates":[-72.645,41.56]},"properties":{"id":"8464336","name":"Middletown","type":"subordinate","region":"CT","tz":"America/New_York","ref":"8461490"}},{"type":"Feature","id":"8517201","geometry":{"type":"Point","coordinates":[-73.8367,40.645]},"properties":{"id":"8517201","name":"North Channel Bridge, Grassy Bay","type":"reference","region":"NY","tz":"America/New_York","gt_m":1.874}},{"type":"Feature","id":"8720214","geometry":{"type":"Point","coordinates":[-81.395,30.3967]},"properties":{"id":"8720214","name":"Mayport Naval Station, Degausing Structure","type":"reference","region":"FL","tz":"America/New_York","gt_m":1.614}},{"type":"Feature","id":"8636769","geometry":{"type":"Point","coordinates":[-76.7933,37.535]},"properties":{"id":"8636769","name":"West Point","type":"subordinate","region":"VA","tz":"America/New_York","ref":"8638610"}},{"type":"Feature","id":"9415846","geometry":{"type":"Point","coordinates":[-121.523,38.4167]},"properties":{"id":"9415846","name":"Clarksburg","type":"subordinate","region":"CA","tz":"America/Los_Angeles","ref":"9415144"}},{"type":"Feature","id":"9415053","geometry":{"type":"Point","coordinates":[-121.638,38.0117]},"properties":{"id":"9415053","name":"Dutch Slough","type":"subordinate","region":"CA","tz":"America/Los_Angeles","ref":"9415144"}},{"type":"Feature","id":"8448817","geometry":{"type":"Point","coordinates":[-70.305,41.3367]},"properties":{"id":"8448817","name":"Muskeget Island, north side","type":"subordinate","region":"MA","tz":"America/New_York","ref":"8443970"}},{"type":"Feature","id":"8720651","geometry":{"type":"Point","coordinates":[-81.2583,29.7683]},"properties":{"id":"8720651","name":"Crescent Beach, Matanzas River","type":"reference","region":"FL","tz":"America/New_York","gt_m":1.39}},{"type":"Feature","id":"8669601","geometry":{"type":"Point","coordinates":[-80.8983,32.1217]},"properties":{"id":"8669601","name":"Pine Island, Ramshorn Creek, Cooper River","type":"subordinate","region":"SC","tz":"America/New_York","ref":"8670870"}},{"type":"Feature","id":"8741196","geometry":{"type":"Point","coordinates":[-88.5333,30.34]},"properties":{"id":"8741196","name":"Pascagoula, Mississippi Sound","type":"reference","region":"MS","tz":"America/Chicago","gt_m":0.467}},{"type":"Feature","id":"9445719","geometry":{"type":"Point","coordinates":[-122.638,47.725]},"properties":{"id":"9445719","name":"Poulsbo, Liberty Bay","type":"subordinate","region":"WA","tz":"America/Los_Angeles","ref":"9447130"}},{"type":"Feature","id":"9448009","geometry":{"type":"Point","coordinates":[-122.322333,48.08825]},"properties":{"id":"9448009","name":"Spee-Bi-Dah","type":"reference","region":"WA","tz":"America/Los_Angeles","gt_m":3.421}},{"type":"Feature","id":"8727792","geometry":{"type":"Point","coordinates":[-83.583801,29.7967]},"properties":{"id":"8727792","name":"Hagens Cove","type":"reference","region":"FL","tz":"America/New_York","gt_m":1.043}},{"type":"Feature","id":"8660642","geometry":{"type":"Point","coordinates":[-78.815002,33.766701]},"properties":{"id":"8660642","name":"North Myrtle Beach, ICWW","type":"subordinate","region":"SC","tz":"America/New_York","ref":"8665530"}},{"type":"Feature","id":"9441158","geometry":{"type":"Point","coordinates":[-123.778,46.9667]},"properties":{"id":"9441158","name":"Cosmopolis, Chehalis River","type":"subordinate","region":"WA","tz":"America/Los_Angeles","ref":"9440910"}},{"type":"Feature","id":"9415402","geometry":{"type":"Point","coordinates":[-121.98,38.1867]},"properties":{"id":"9415402","name":"Montezuma Slough Bridge","type":"subordinate","region":"CA","tz":"America/Los_Angeles","ref":"9415144"}},{"type":"Feature","id":"8748038","geometry":{"type":"Point","coordinates":[-89.273333,30.358333]},"properties":{"id":"8748038","name":"Wolf River, Henderson Avenue bridge","type":"subordinate","region":"MS","tz":"America/Chicago","ref":"8760551"}},{"type":"Feature","id":"8726924","geometry":{"type":"Point","coordinates":[-82.785,28.1717]},"properties":{"id":"8726924","name":"Anclote, Anclote River","type":"subordinate","region":"FL","tz":"America/New_York","ref":"8727520"}},{"type":"Feature","id":"8638445","geometry":{"type":"Point","coordinates":[-76.9117,37.4033]},"properties":{"id":"8638445","name":"Lanexa, Chicahomny River","type":"reference","region":"VA","tz":"America/New_York","gt_m":0.867}},{"type":"Feature","id":"8535962","geometry":{"type":"Point","coordinates":[-74.935,38.93]},"properties":{"id":"8535962","name":"Cape May, Atlantic Ocean","type":"subordinate","region":"NJ","tz":"America/New_York","ref":"8534720"}},{"type":"Feature","id":"9450970","geometry":{"type":"Point","coordinates":[-132.078,56.1183]},"properties":{"id":"9450970","name":"Thoms Point, Zimovia Strait","type":"reference","region":"AK","tz":"America/Sitka","gt_m":4.978}},{"type":"Feature","id":"8570649","geometry":{"type":"Point","coordinates":[-75.285,38.1483]},"properties":{"id":"8570649","name":"Public Landing","type":"reference","region":"MD","tz":"America/New_York","gt_m":0.216}},{"type":"Feature","id":"9457479","geometry":{"type":"Point","coordinates":[-153.152,57.1633]},"properties":{"id":"9457479","name":"Port Hobron, Sitkalidak Island","type":"subordinate","region":"AK","tz":"America/Anchorage","ref":"9457292"}},{"type":"Feature","id":"9415229","geometry":{"type":"Point","coordinates":[-121.568398,38.097599]},"properties":{"id":"9415229","name":"Korths Harbor, San Joaquin River","type":"reference","region":"CA","tz":"America/Los_Angeles","gt_m":0.974}},{"type":"Feature","id":"9445753","geometry":{"type":"Point","coordinates":[-122.525,47.705]},"properties":{"id":"9445753","name":"Port Madison","type":"subordinate","region":"WA","tz":"America/Los_Angeles","ref":"9447130"}},{"type":"Feature","id":"8773701","geometry":{"type":"Point","coordinates":[-96.388298,28.4517]},"properties":{"id":"8773701","name":"PORT O'CONNOR, MATAGORDA BAY","type":"reference","region":"TX","tz":"America/Chicago","gt_m":0.219}},{"type":"Feature","id":"8762888","geometry":{"type":"Point","coordinates":[-90.64,29.0717]},"properties":{"id":"8762888","name":"E. ISLE DERNIERES, LAKE PELTO","type":"reference","region":"LA","tz":"America/Chicago","gt_m":0.399}},{"type":"Feature","id":"8661947","geometry":{"type":"Point","coordinates":[-79.1117,33.4483]},"properties":{"id":"8661947","name":"Midway Inlet North, Pawleys Island","type":"subordinate","region":"SC","tz":"America/New_York","ref":"8661070"}},{"type":"Feature","id":"8414424","geometry":{"type":"Point","coordinates":[-68.6933,44.2917]},"properties":{"id":"8414424","name":"Little Deer Isle","type":"subordinate","region":"ME","tz":"America/New_York","ref":"8413320"}},{"type":"Feature","id":"9415064","geometry":{"type":"Point","coordinates":[-121.815,38.02]},"properties":{"id":"9415064","name":"Antioch","type":"reference","region":"CA","tz":"America/Los_Angeles","gt_m":1.181}},{"type":"Feature","id":"TWC1659","geometry":{"type":"Point","coordinates":[-132.8,56.883333]},"properties":{"id":"TWC1659","name":"Brown Cove","type":"subordinate","region":"AK","tz":"America/Sitka","ref":"9452210"}},{"type":"Feature","id":"9414817","geometry":{"type":"Point","coordinates":[-122.443,37.86]},"properties":{"id":"9414817","name":"Angel Island (west side)","type":"subordinate","region":"CA","tz":"America/Los_Angeles","ref":"9414290"}},{"type":"Feature","id":"9455217","geometry":{"type":"Point","coordinates":[-150.108,59.6617]},"properties":{"id":"9455217","name":"Two Arm Bay, Harris Bay","type":"subordinate","region":"AK","tz":"America/Anchorage","ref":"9455090"}},{"type":"Feature","id":"9469237","geometry":{"type":"Point","coordinates":[-166.847,65.2567]},"properties":{"id":"9469237","name":"Point Spencer, Port Clarence","type":"reference","region":"AK","tz":"America/Nome","gt_m":0.391}},{"type":"Feature","id":"8461490","geometry":{"type":"Point","coordinates":[-72.095556,41.371667]},"properties":{"id":"8461490","name":"NEW LONDON, State Pier","type":"reference","region":"CT","tz":"America/New_York","gt_m":0.93}},{"type":"Feature","id":"9450125","geometry":{"type":"Point","coordinates":[-132.83,54.85]},"properties":{"id":"9450125","name":"American Bay, Kaigani Strait","type":"subordinate","region":"AK","tz":"America/Sitka","ref":"9451600"}},{"type":"Feature","id":"8633091","geometry":{"type":"Point","coordinates":[-75.8333,37.6667]},"properties":{"id":"8633091","name":"Harborton, Pungoteague Creek","type":"subordinate","region":"VA","tz":"America/New_York","ref":"8638863"}},{"type":"Feature","id":"1613226","geometry":{"type":"Point","coordinates":[-157.197,21.0933]},"properties":{"id":"1613226","name":"Kolo","type":"subordinate","region":"HI","tz":"Pacific/Honolulu","ref":"1612340"}},{"type":"Feature","id":"9459643","geometry":{"type":"Point","coordinates":[-161.325,55.365]},"properties":{"id":"9459643","name":"Seal Cape, Coal Bay","type":"subordinate","region":"AK","tz":"America/Anchorage","ref":"9459450"}},{"type":"Feature","id":"TWC1663","geometry":{"type":"Point","coordinates":[-133.316667,57]},"properties":{"id":"TWC1663","name":"Portage Bay, Kupreanof Island","type":"subordinate","region":"AK","tz":"America/Sitka","ref":"9452210"}},{"type":"Feature","id":"8533541","geometry":{"type":"Point","coordinates":[-74.1817,39.7917]},"properties":{"id":"8533541","name":"Waretown","type":"subordinate","region":"NJ","tz":"America/New_York","ref":"8531680"}},{"type":"Feature","id":"9450281","geometry":{"type":"Point","coordinates":[-132.49,55.08]},"properties":{"id":"9450281","name":"Keete Inlet","type":"subordinate","region":"AK","tz":"America/Sitka","ref":"9451600"}},{"type":"Feature","id":"8531680","geometry":{"type":"Point","coordinates":[-74.009399,40.4669]},"properties":{"id":"8531680","name":"Sandy Hook, Fort Hancock","type":"reference","region":"NJ","tz":"America/New_York","gt_m":1.593}},{"type":"Feature","id":"9457321","geometry":{"type":"Point","coordinates":[-152.613,58.555]},"properties":{"id":"9457321","name":"Big Bay, Shuyak Island","type":"subordinate","region":"AK","tz":"America/Anchorage","ref":"9455500"}},{"type":"Feature","id":"9461132","geometry":{"type":"Point","coordinates":[-178.045,51.6717]},"properties":{"id":"9461132","name":"Lash Bay","type":"subordinate","region":"AK","tz":"America/Adak","ref":"9461380"}},{"type":"Feature","id":"8668173","geometry":{"type":"Point","coordinates":[-80.6167,32.3983]},"properties":{"id":"8668173","name":"Cowen Creek, Rt. 21 bridge","type":"subordinate","region":"SC","tz":"America/New_York","ref":"8670870"}},{"type":"Feature","id":"9410680","geometry":{"type":"Point","coordinates":[-118.227,33.7517]},"properties":{"id":"9410680","name":"Long Beach, Terminal Island","type":"reference","region":"CA","tz":"America/Los_Angeles","gt_m":1.681}},{"type":"Feature","id":"9415009","geometry":{"type":"Point","coordinates":[-122.447,37.9933]},"properties":{"id":"9415009","name":"Point San Pedro","type":"subordinate","region":"CA","tz":"America/Los_Angeles","ref":"9414290"}},{"type":"Feature","id":"9410170","geometry":{"type":"Point","coordinates":[-117.176667,32.715556]},"properties":{"id":"9410170","name":"SAN DIEGO (Broadway)","type":"reference","region":"CA","tz":"America/Los_Angeles","gt_m":1.745}},{"type":"Feature","id":"9452434","geometry":{"type":"Point","coordinates":[-135.428,59.3017]},"properties":{"id":"9452434","name":"Taiyasanka Harbor, Taiya Inlet","type":"subordinate","region":"AK","tz":"America/Juneau","ref":"9452210"}},{"type":"Feature","id":"8662747","geometry":{"type":"Point","coordinates":[-79.185,33.2233]},"properties":{"id":"8662747","name":"Georgetown Lighthouse","type":"subordinate","region":"SC","tz":"America/New_York","ref":"8665530"}},{"type":"Feature","id":"8440889","geometry":{"type":"Point","coordinates":[-71.034028,42.763889]},"properties":{"id":"8440889","name":"Riverside","type":"reference","region":"MA","tz":"America/New_York","gt_m":1.921}},{"type":"Feature","id":"8726265","geometry":{"type":"Point","coordinates":[-82.533798,27.5149]},"properties":{"id":"8726265","name":"Ellenton, Manatee River","type":"reference","region":"FL","tz":"America/New_York","gt_m":0.632}},{"type":"Feature","id":"TEC2801","geometry":{"type":"Point","coordinates":[-76.533333,34.683333]},"properties":{"id":"TEC2801","name":"Shell Point, Harkers Island","type":"subordinate","region":"NC","tz":"America/New_York","ref":"8654400"}},{"type":"Feature","id":"8668445","geometry":{"type":"Point","coordinates":[-80.6683,32.35]},"properties":{"id":"8668445","name":"Parris Island, Marine Corps Recruit Depot","type":"subordinate","region":"SC","tz":"America/New_York","ref":"8670870"}},{"type":"Feature","id":"9450312","geometry":{"type":"Point","coordinates":[-133.167,55.1267]},"properties":{"id":"9450312","name":"Sea Otter Harbor","type":"subordinate","region":"AK","tz":"America/Sitka","ref":"9451600"}},{"type":"Feature","id":"9454564","geometry":{"type":"Point","coordinates":[-147.41,60.425]},"properties":{"id":"9454564","name":"Seal Island","type":"reference","region":"AK","tz":"America/Anchorage","gt_m":3.594}},{"type":"Feature","id":"8638424","geometry":{"type":"Point","coordinates":[-76.6633,37.22]},"properties":{"id":"8638424","name":"Kingsmill","type":"reference","region":"VA","tz":"America/New_York","gt_m":0.801}},{"type":"Feature","id":"8636142","geometry":{"type":"Point","coordinates":[-76.2683,37.805]},"properties":{"id":"8636142","name":"Great Wicomico River Light","type":"subordinate","region":"VA","tz":"America/New_York","ref":"8638863"}},{"type":"Feature","id":"8662237","geometry":{"type":"Point","coordinates":[-79.355,33.3633]},"properties":{"id":"8662237","name":"Jacobs Wharf","type":"subordinate","region":"SC","tz":"America/New_York","ref":"8665530"}},{"type":"Feature","id":"8532921","geometry":{"type":"Point","coordinates":[-74.1483,39.9967]},"properties":{"id":"8532921","name":"Silver Bay, Silver Bay Marina","type":"subordinate","region":"NJ","tz":"America/New_York","ref":"8531680"}},{"type":"Feature","id":"8534244","geometry":{"type":"Point","coordinates":[-74.386703,39.540001]},"properties":{"id":"8534244","name":"Graveling Point","type":"subordinate","region":"NJ","tz":"America/New_York","ref":"8531680"}},{"type":"Feature","id":"9450413","geometry":{"type":"Point","coordinates":[-132.967,55.275]},"properties":{"id":"9450413","name":"Soda Bay","type":"subordinate","region":"AK","tz":"America/Sitka","ref":"9451600"}},{"type":"Feature","id":"9414632","geometry":{"type":"Point","coordinates":[-122.145,37.595]},"properties":{"id":"9414632","name":"Alameda Creek","type":"subordinate","region":"CA","tz":"America/Los_Angeles","ref":"9414290"}},{"type":"Feature","id":"8531712","geometry":{"type":"Point","coordinates":[-73.9817,40.3967]},"properties":{"id":"8531712","name":"Highlands, Route 36 bridge","type":"subordinate","region":"NJ","tz":"America/New_York","ref":"8531680"}},{"type":"Feature","id":"8772479","geometry":{"type":"Point","coordinates":[-95.305901,28.9303]},"properties":{"id":"8772479","name":"Freeport Entrance Jetty","type":"reference","region":"TX","tz":"America/Chicago","gt_m":0.521}},{"type":"Feature","id":"TEC3407","geometry":{"type":"Point","coordinates":[-81.05,32.033333]},"properties":{"id":"TEC3407","name":"Thunderbolt","type":"subordinate","region":"GA","tz":"America/New_York","ref":"8670870"}},{"type":"Feature","id":"8667259","geometry":{"type":"Point","coordinates":[-80.5533,32.5683]},"properties":{"id":"8667259","name":"Fields Point","type":"subordinate","region":"SC","tz":"America/New_York","ref":"8670870"}},{"type":"Feature","id":"9451741","geometry":{"type":"Point","coordinates":[-135.567,57.25]},"properties":{"id":"9451741","name":"Whitestone Narrows, Neva Strait","type":"reference","region":"AK","tz":"America/Sitka","gt_m":3.057}},{"type":"Feature","id":"8636941","geometry":{"type":"Point","coordinates":[-77.420778,37.459556]},"properties":{"id":"8636941","name":"Richmond Deepwater Terminal, James River","type":"reference","region":"VA","tz":"America/New_York","gt_m":1.047}},{"type":"Feature","id":"8514783","geometry":{"type":"Point","coordinates":[-73.1517,40.7233]},"properties":{"id":"8514783","name":"Great River, Connetquot River","type":"subordinate","region":"NY","tz":"America/New_York","ref":"8531680"}},{"type":"Feature","id":"8637144","geometry":{"type":"Point","coordinates":[-76.19,37.39]},"properties":{"id":"8637144","name":"Wolf Trap Light","type":"subordinate","region":"VA","tz":"America/New_York","ref":"8638610"}},{"type":"Feature","id":"8725528","geometry":{"type":"Point","coordinates":[-82.155,26.66]},"properties":{"id":"8725528","name":"Pineland, Pine Island","type":"subordinate","region":"FL","tz":"America/New_York","ref":"8726520"}},{"type":"Feature","id":"8724557","geometry":{"type":"Point","coordinates":[-81.7833,24.545]},"properties":{"id":"8724557","name":"Key West, south side, White Street Pier","type":"subordinate","region":"FL","tz":"America/New_York","ref":"8724580"}},{"type":"Feature","id":"8532322","geometry":{"type":"Point","coordinates":[-74.0383,40.1917]},"properties":{"id":"8532322","name":"Shark River Hills","type":"subordinate","region":"NJ","tz":"America/New_York","ref":"8531680"}},{"type":"Feature","id":"8572296","geometry":{"type":"Point","coordinates":[-76.095,38.7683]},"properties":{"id":"8572296","name":"Easton Point","type":"subordinate","region":"MD","tz":"America/New_York","ref":"8574680"}},{"type":"Feature","id":"8448248","geometry":{"type":"Point","coordinates":[-70.9217,41.45]},"properties":{"id":"8448248","name":"Penikese Island","type":"reference","region":"MA","tz":"America/New_York","gt_m":1.157}},{"type":"Feature","id":"9461183","geometry":{"type":"Point","coordinates":[-177.637,51.665]},"properties":{"id":"9461183","name":"Cape Chunu","type":"subordinate","region":"AK","tz":"America/Adak","ref":"9461380"}},{"type":"Feature","id":"9450533","geometry":{"type":"Point","coordinates":[-131.505,55.4617]},"properties":{"id":"9450533","name":"Coon Island, George Inlet","type":"subordinate","region":"AK","tz":"America/Sitka","ref":"9450460"}},{"type":"Feature","id":"9451859","geometry":{"type":"Point","coordinates":[-135.583,57.4183]},"properties":{"id":"9451859","name":"Bear Bay","type":"subordinate","region":"AK","tz":"America/Sitka","ref":"9451600"}},{"type":"Feature","id":"8419688","geometry":{"type":"Point","coordinates":[-70.6967,43.0667]},"properties":{"id":"8419688","name":"Gerrish Island","type":"subordinate","region":"NH","tz":"America/New_York","ref":"8418150"}},{"type":"Feature","id":"8447675","geometry":{"type":"Point","coordinates":[-70.4367,41.6083]},"properties":{"id":"8447675","name":"Cotuit Highlands","type":"subordinate","region":"MA","tz":"America/New_York","ref":"8443970"}},{"type":"Feature","id":"8638867","geometry":{"type":"Point","coordinates":[-76.105,36.8933]},"properties":{"id":"8638867","name":"Bayville","type":"subordinate","region":"VA","tz":"America/New_York","ref":"8638863"}},{"type":"Feature","id":"8636653","geometry":{"type":"Point","coordinates":[-76.99,37.5833]},"properties":{"id":"8636653","name":"Lester Manor","type":"reference","region":"VA","tz":"America/New_York","gt_m":1.006}},{"type":"Feature","id":"8720030","geometry":{"type":"Point","coordinates":[-81.465842,30.671356]},"properties":{"id":"8720030","name":"Fernandina Beach, Amelia River","type":"reference","region":"FL","tz":"America/New_York","gt_m":1.999}},{"type":"Feature","id":"8762223","geometry":{"type":"Point","coordinates":[-90.285,29.0767]},"properties":{"id":"8762223","name":"East Timbalier Island, Timbalier Bay","type":"reference","region":"LA","tz":"America/Chicago","gt_m":0.404}},{"type":"Feature","id":"8726706","geometry":{"type":"Point","coordinates":[-82.8067,27.955]},"properties":{"id":"8726706","name":"Clearwater","type":"subordinate","region":"FL","tz":"America/New_York","ref":"8727520"}},{"type":"Feature","id":"8762481","geometry":{"type":"Point","coordinates":[-90.4233,29.1283]},"properties":{"id":"8762481","name":"Pelican Islands, Timbalier Bay","type":"subordinate","region":"LA","tz":"America/Chicago","ref":"8761724"}},{"type":"Feature","id":"9451037","geometry":{"type":"Point","coordinates":[-132.297,56.22]},"properties":{"id":"9451037","name":"Village Rock, Zimovia Strait","type":"reference","region":"AK","tz":"America/Sitka","gt_m":4.915}},{"type":"Feature","id":"8722496","geometry":{"type":"Point","coordinates":[-80.1433,26.935]},"properties":{"id":"8722496","name":"Southwest Fork (spillway)","type":"subordinate","region":"FL","tz":"America/New_York","ref":"8723178"}},{"type":"Feature","id":"8665111","geometry":{"type":"Point","coordinates":[-79.7267,32.8333]},"properties":{"id":"8665111","name":"South Dewees Island, Dewees Inlet","type":"subordinate","region":"SC","tz":"America/New_York","ref":"8665530"}},{"type":"Feature","id":"8518695","geometry":{"type":"Point","coordinates":[-73.9683,40.7467]},"properties":{"id":"8518695","name":"East 41st Street, New York City","type":"subordinate","region":"NY","tz":"America/New_York","ref":"8518750"}},{"type":"Feature","id":"9459450","geometry":{"type":"Point","coordinates":[-160.504333,55.331722]},"properties":{"id":"9459450","name":"SAND POINT, POPOF ISLAND","type":"reference","region":"AK","tz":"America/Anchorage","gt_m":2.204}},{"type":"Feature","id":"8449130","geometry":{"type":"Point","coordinates":[-70.096703,41.285]},"properties":{"id":"8449130","name":"NANTUCKET","type":"reference","region":"MA","tz":"America/New_York","gt_m":1.089}},{"type":"Feature","id":"8730561","geometry":{"type":"Point","coordinates":[-87.519302,30.3102]},"properties":{"id":"8730561","name":"Arnica Bay, Mill Point","type":"reference","region":"AL","tz":"America/Chicago","gt_m":0.242}},{"type":"Feature","id":"8513388","geometry":{"type":"Point","coordinates":[-72.75,40.7867]},"properties":{"id":"8513388","name":"Moriches Coast Guard Station","type":"reference","region":"NY","tz":"America/New_York","gt_m":0.761}},{"type":"Feature","id":"9450815","geometry":{"type":"Point","coordinates":[-132.595,55.88]},"properties":{"id":"9450815","name":"Ratz Harbor, Prince of Wales Island","type":"subordinate","region":"AK","tz":"America/Sitka","ref":"9450460"}},{"type":"Feature","id":"9446025","geometry":{"type":"Point","coordinates":[-122.463,47.5117]},"properties":{"id":"9446025","name":"Point Vashon, Vashon Island","type":"subordinate","region":"WA","tz":"America/Los_Angeles","ref":"9447130"}},{"type":"Feature","id":"TWC2025","geometry":{"type":"Point","coordinates":[-152.566667,58.133333]},"properties":{"id":"TWC2025","name":"Kazakof Bay, Marmot Bay","type":"subordinate","region":"AK","tz":"America/Anchorage","ref":"9457292"}},{"type":"Feature","id":"9414868","geometry":{"type":"Point","coordinates":[-121.56,37.9383]},"properties":{"id":"9414868","name":"Orwood, Old River","type":"subordinate","region":"CA","tz":"America/Los_Angeles","ref":"9415144"}},{"type":"Feature","id":"TEC3413","geometry":{"type":"Point","coordinates":[-81.083333,31.833333]},"properties":{"id":"TEC3413","name":"Egg Islands","type":"subordinate","region":"GA","tz":"America/New_York","ref":"8670870"}},{"type":"Feature","id":"8636261","geometry":{"type":"Point","coordinates":[-76.6733,37.755]},"properties":{"id":"8636261","name":"Bayport","type":"subordinate","region":"VA","tz":"America/New_York","ref":"8638610"}},{"type":"Feature","id":"8667733","geometry":{"type":"Point","coordinates":[-80.6,32.4833]},"properties":{"id":"8667733","name":"Sams Point, Lucy Point Creek","type":"subordinate","region":"SC","tz":"America/New_York","ref":"8670870"}},{"type":"Feature","id":"8724932","geometry":{"type":"Point","coordinates":[-81.466698,25.799999]},"properties":{"id":"8724932","name":"Indian Key","type":"subordinate","region":"FL","tz":"America/New_York","ref":"8725110"}},{"type":"Feature","id":"9451151","geometry":{"type":"Point","coordinates":[-134.66,56.3917]},"properties":{"id":"9451151","name":"Port Walter, Baranof Island","type":"subordinate","region":"AK","tz":"America/Sitka","ref":"9451600"}},{"type":"Feature","id":"8764314","geometry":{"type":"Point","coordinates":[-91.383904,29.3675]},"properties":{"id":"8764314","name":"Eugene Island, North of, Atchafalaya Bay","type":"reference","region":"LA","tz":"America/Chicago","gt_m":0.566}},{"type":"Feature","id":"8531156","geometry":{"type":"Point","coordinates":[-74.265,40.545]},"properties":{"id":"8531156","name":"Woodbridge Creek, 0.8 n.mi. above entrance","type":"subordinate","region":"NJ","tz":"America/New_York","ref":"8531680"}},{"type":"Feature","id":"8667679","geometry":{"type":"Point","coordinates":[-80.3267,32.4933]},"properties":{"id":"8667679","name":"Carters Dock, Big Bay Creek","type":"subordinate","region":"SC","tz":"America/New_York","ref":"8670870"}},{"type":"Feature","id":"8721223","geometry":{"type":"Point","coordinates":[-80.825,28.9267]},"properties":{"id":"8721223","name":"Turtle Mound, Mosquito Lagoon","type":"reference","region":"FL","tz":"America/New_York","gt_m":0.17}},{"type":"Feature","id":"8724062","geometry":{"type":"Point","coordinates":[-81.1917,24.6833]},"properties":{"id":"8724062","name":"Molasses Key Channel, Molasses Keys","type":"subordinate","region":"FL","tz":"America/New_York","ref":"8724580"}},{"type":"Feature","id":"8669815","geometry":{"type":"Point","coordinates":[-80.9333,32.0867]},"properties":{"id":"8669815","name":"Fields Cut, Wright River","type":"subordinate","region":"GA","tz":"America/New_York","ref":"8670870"}},{"type":"Feature","id":"8722968","geometry":{"type":"Point","coordinates":[-80.13,26.06]},"properties":{"id":"8722968","name":"Port Laudania, Dania cut-off Canal","type":"subordinate","region":"FL","tz":"America/New_York","ref":"8723178"}},{"type":"Feature","id":"9456173","geometry":{"type":"Point","coordinates":[-152.581696,60.107498]},"properties":{"id":"9456173","name":"Snug Harbor, Chisik Island","type":"reference","region":"AK","tz":"America/Anchorage","gt_m":4.845}},{"type":"Feature","id":"9452346","geometry":{"type":"Point","coordinates":[-135.028,58.7517]},"properties":{"id":"9452346","name":"Cove Point, Berner's Bay","type":"subordinate","region":"AK","tz":"America/Juneau","ref":"9452210"}},{"type":"Feature","id":"8545120","geometry":{"type":"Point","coordinates":[-75.18,39.955]},"properties":{"id":"8545120","name":"Market Street Bridge","type":"subordinate","region":"PA","tz":"America/New_York","ref":"8545240"}},{"type":"Feature","id":"8722977","geometry":{"type":"Point","coordinates":[-80.1267,26.0433]},"properties":{"id":"8722977","name":"Hollywood Beach, West Lake, north end","type":"subordinate","region":"FL","tz":"America/New_York","ref":"8723178"}},{"type":"Feature","id":"9450305","geometry":{"type":"Point","coordinates":[-130.798,55.1167]},"properties":{"id":"9450305","name":"Boca de Quadra","type":"subordinate","region":"AK","tz":"America/Sitka","ref":"9450460"}},{"type":"Feature","id":"8724264","geometry":{"type":"Point","coordinates":[-81.4333,24.705]},"properties":{"id":"8724264","name":"Big Torch Key, Niles Channel","type":"subordinate","region":"FL","tz":"America/New_York","ref":"8724580"}},{"type":"Feature","id":"8729736","geometry":{"type":"Point","coordinates":[-86.991699,30.3867]},"properties":{"id":"8729736","name":"Woodlawn Beach, Santa Rosa Sound","type":"reference","region":"FL","tz":"America/Chicago","gt_m":0.415}},{"type":"Feature","id":"8725488","geometry":{"type":"Point","coordinates":[-82.2183,26.605]},"properties":{"id":"8725488","name":"North Captiva Island","type":"reference","region":"FL","tz":"America/New_York","gt_m":0.615}},{"type":"Feature","id":"8633451","geometry":{"type":"Point","coordinates":[-75.8967,37.7983]},"properties":{"id":"8633451","name":"Watts Island","type":"subordinate","region":"VA","tz":"America/New_York","ref":"8638863"}},{"type":"Feature","id":"8516385","geometry":{"type":"Point","coordinates":[-73.5783,40.5867]},"properties":{"id":"8516385","name":"Jones Inlet (Point Lookout)","type":"subordinate","region":"NY","tz":"America/New_York","ref":"8531680"}},{"type":"Feature","id":"8447504","geometry":{"type":"Point","coordinates":[-70.1833,41.665]},"properties":{"id":"8447504","name":"South Yarmouth, Bass River","type":"subordinate","region":"MA","tz":"America/New_York","ref":"8443970"}},{"type":"Feature","id":"8725411","geometry":{"type":"Point","coordinates":[-82.1067,26.5133]},"properties":{"id":"8725411","name":"Galt Island, Pine Island Sound","type":"subordinate","region":"FL","tz":"America/New_York","ref":"8726520"}},{"type":"Feature","id":"9452671","geometry":{"type":"Point","coordinates":[-136.52,57.9283]},"properties":{"id":"9452671","name":"Takanis Bay","type":"subordinate","region":"AK","tz":"America/Juneau","ref":"9452634"}},{"type":"Feature","id":"8666552","geometry":{"type":"Point","coordinates":[-80.3167,32.665]},"properties":{"id":"8666552","name":"Park Island, Tom Point Creek","type":"subordinate","region":"SC","tz":"America/New_York","ref":"8665530"}},{"type":"Feature","id":"9414561","geometry":{"type":"Point","coordinates":[-121.963,37.4467]},"properties":{"id":"9414561","name":"Coyote Creek, Tributary no.1","type":"subordinate","region":"CA","tz":"America/Los_Angeles","ref":"9414290"}},{"type":"Feature","id":"8536449","geometry":{"type":"Point","coordinates":[-74.8867,39.0833]},"properties":{"id":"8536449","name":"Dias Creek, Route 47 bridge","type":"subordinate","region":"NJ","tz":"America/New_York","ref":"8557380"}},{"type":"Feature","id":"8728711","geometry":{"type":"Point","coordinates":[-85.033302,29.7633]},"properties":{"id":"8728711","name":"Apalachicola River (A&N RR bridge)","type":"subordinate","region":"FL","tz":"America/New_York","ref":"8728690"}},{"type":"Feature","id":"8660315","geometry":{"type":"Point","coordinates":[-78.9533,33.83]},"properties":{"id":"8660315","name":"Grahamville","type":"subordinate","region":"SC","tz":"America/New_York","ref":"8665530"}},{"type":"Feature","id":"TEC3011","geometry":{"type":"Point","coordinates":[-78.433333,33.1]},"properties":{"id":"TEC3011","name":"Cape Romain, 46 miles east of","type":"subordinate","region":"SC","tz":"Etc/GMT+5","ref":"8665530"}},{"type":"Feature","id":"8518995","geometry":{"type":"Point","coordinates":[-73.7467,42.65]},"properties":{"id":"8518995","name":"ALBANY","type":"reference","region":"NY","tz":"America/New_York","gt_m":1.702}},{"type":"Feature","id":"8636654","geometry":{"type":"Point","coordinates":[-76.4183,37.5833]},"properties":{"id":"8636654","name":"Mill Creek (Grey Point)","type":"subordinate","region":"VA","tz":"America/New_York","ref":"8638610"}},{"type":"Feature","id":"8534104","geometry":{"type":"Point","coordinates":[-74.4417,39.5917]},"properties":{"id":"8534104","name":"New Gretna, Bass River","type":"subordinate","region":"NJ","tz":"America/New_York","ref":"8531680"}},{"type":"Feature","id":"8657167","geometry":{"type":"Point","coordinates":[-77.3417,34.5333]},"properties":{"id":"8657167","name":"New River Inlet","type":"subordinate","region":"NC","tz":"America/New_York","ref":"8654400"}},{"type":"Feature","id":"8723795","geometry":{"type":"Point","coordinates":[-80.6083,24.94]},"properties":{"id":"8723795","name":"Whale Harbor, Windley Key, Hawk Channel","type":"subordinate","region":"FL","tz":"America/New_York","ref":"8723178"}},{"type":"Feature","id":"8678412","geometry":{"type":"Point","coordinates":[-81.52,30.9717]},"properties":{"id":"8678412","name":"Todd Creek entrance","type":"subordinate","region":"GA","tz":"America/New_York","ref":"8720030"}},{"type":"Feature","id":"8638441","geometry":{"type":"Point","coordinates":[-76.875,37.345]},"properties":{"id":"8638441","name":"Wright Island Landing","type":"subordinate","region":"VA","tz":"America/New_York","ref":"8638610"}},{"type":"Feature","id":"9451012","geometry":{"type":"Point","coordinates":[-131.557419,56.195526]},"properties":{"id":"9451012","name":"Bradfield Canal, Ernest Sound","type":"reference","region":"AK","tz":"America/Sitka","gt_m":5.051}},{"type":"Feature","id":"8729806","geometry":{"type":"Point","coordinates":[-87.139999,30.3367]},"properties":{"id":"8729806","name":"Fishing Bend, Santa Rosa Sound","type":"reference","region":"FL","tz":"America/Chicago","gt_m":0.391}},{"type":"Feature","id":"8511779","geometry":{"type":"Point","coordinates":[-72.3317,40.995]},"properties":{"id":"8511779","name":"Noyack Bay","type":"subordinate","region":"NY","tz":"America/New_York","ref":"8461490"}},{"type":"Feature","id":"8444312","geometry":{"type":"Point","coordinates":[-70.9917,42.3083]},"properties":{"id":"8444312","name":"Moon Head","type":"subordinate","region":"MA","tz":"America/New_York","ref":"8443970"}},{"type":"Feature","id":"8728288","geometry":{"type":"Point","coordinates":[-84.4133,29.9033]},"properties":{"id":"8728288","name":"Alligator Point, St. James Island","type":"subordinate","region":"FL","tz":"America/New_York","ref":"8728130"}},{"type":"Feature","id":"8670870","geometry":{"type":"Point","coordinates":[-80.903028,32.034694]},"properties":{"id":"8670870","name":"Fort Pulaski, Savannah River Entrance","type":"reference","region":"GA","tz":"America/New_York","gt_m":2.287}},{"type":"Feature","id":"8558814","geometry":{"type":"Point","coordinates":[-75.211601,38.591499]},"properties":{"id":"8558814","name":"Rosedale Beach, Indian River","type":"reference","region":"DE","tz":"America/New_York","gt_m":1.015}},{"type":"Feature","id":"9446254","geometry":{"type":"Point","coordinates":[-122.463,47.395]},"properties":{"id":"9446254","name":"Burton, Quartermaster Hbr. (inside), Vashon I.","type":"subordinate","region":"WA","tz":"America/Los_Angeles","ref":"9447130"}},{"type":"Feature","id":"9437585","geometry":{"type":"Point","coordinates":[-123.964996,45.57]},"properties":{"id":"9437585","name":"North Jetty, Tillamook Bay","type":"reference","region":"OR","tz":"America/Los_Angeles","gt_m":2.45}},{"type":"Feature","id":"8543925","geometry":{"type":"Point","coordinates":[-75.2117,39.8983]},"properties":{"id":"8543925","name":"Penrose Avenue Bridge","type":"subordinate","region":"PA","tz":"America/New_York","ref":"8545240"}},{"type":"Feature","id":"8724189","geometry":{"type":"Point","coordinates":[-81.3417,24.74]},"properties":{"id":"8724189","name":"Water Key, west end, Big Spanish Channel","type":"subordinate","region":"FL","tz":"America/New_York","ref":"8724580"}},{"type":"Feature","id":"8660147","geometry":{"type":"Point","coordinates":[-78.58,33.86]},"properties":{"id":"8660147","name":"Dunn Sound, north end","type":"subordinate","region":"SC","tz":"America/New_York","ref":"8661070"}},{"type":"Feature","id":"8416721","geometry":{"type":"Point","coordinates":[-69.5833,43.865]},"properties":{"id":"8416721","name":"East Boothbay","type":"subordinate","region":"ME","tz":"America/New_York","ref":"8418150"}},{"type":"Feature","id":"9455606","geometry":{"type":"Point","coordinates":[-151.867028,59.771972]},"properties":{"id":"9455606","name":"Anchor Point","type":"reference","region":"AK","tz":"America/Anchorage","gt_m":5.603}},{"type":"Feature","id":"8724229","geometry":{"type":"Point","coordinates":[-81.39,24.7583]},"properties":{"id":"8724229","name":"Annette Key, north end, Big Spanish Channel","type":"subordinate","region":"FL","tz":"America/New_York","ref":"8724580"}},{"type":"Feature","id":"8661070","geometry":{"type":"Point","coordinates":[-78.918297,33.654999]},"properties":{"id":"8661070","name":"Springmaid Pier, Myrtle beach","type":"reference","region":"SC","tz":"America/New_York","gt_m":1.707}},{"type":"Feature","id":"8418150","geometry":{"type":"Point","coordinates":[-70.244167,43.658056]},"properties":{"id":"8418150","name":"PORTLAND","type":"reference","region":"ME","tz":"America/New_York","gt_m":3.019}},{"type":"Feature","id":"1611401","geometry":{"type":"Point","coordinates":[-159.673,21.9567]},"properties":{"id":"1611401","name":"Waimea Bay","type":"subordinate","region":"HI","tz":"Pacific/Honolulu","ref":"1611400"}},{"type":"Feature","id":"8533055","geometry":{"type":"Point","coordinates":[-74.115,39.9483]},"properties":{"id":"8533055","name":"Coates Point","type":"subordinate","region":"NJ","tz":"America/New_York","ref":"8531680"}},{"type":"Feature","id":"8634689","geometry":{"type":"Point","coordinates":[-77.2867,38.52]},"properties":{"id":"8634689","name":"Quantico, Va.","type":"subordinate","region":"VA","tz":"America/New_York","ref":"8594900"}},{"type":"Feature","id":"9450937","geometry":{"type":"Point","coordinates":[-133.313,56.0733]},"properties":{"id":"9450937","name":"El Capitan Passage, S. of Devilfish Bay","type":"subordinate","region":"AK","tz":"America/Sitka","ref":"9451600"}},{"type":"Feature","id":"8670892","geometry":{"type":"Point","coordinates":[-80.855,32.0283]},"properties":{"id":"8670892","name":"Tybee Light","type":"subordinate","region":"GA","tz":"America/New_York","ref":"8670870"}},{"type":"Feature","id":"TWC2309","geometry":{"type":"Point","coordinates":[174.066696,52.716702]},"properties":{"id":"TWC2309","name":"Alcan Harbor, Shemya Island","type":"subordinate","region":null,"tz":"America/Adak","ref":"9460150"}},{"type":"Feature","id":"TWC1487","geometry":{"type":"Point","coordinates":[-132.333333,54.833333]},"properties":{"id":"TWC1487","name":"Tah Bay","type":"subordinate","region":"AK","tz":"America/Sitka","ref":"9451600"}},{"type":"Feature","id":"8635257","geometry":{"type":"Point","coordinates":[-77.2433,38.2133]},"properties":{"id":"8635257","name":"Park Turn","type":"reference","region":"VA","tz":"America/New_York","gt_m":0.739}},{"type":"Feature","id":"8664941","geometry":{"type":"Point","coordinates":[-79.7067,32.8567]},"properties":{"id":"8664941","name":"Capers Creek, South Capers Island","type":"reference","region":"SC","tz":"America/New_York","gt_m":1.625}},{"type":"Feature","id":"9468151","geometry":{"type":"Point","coordinates":[-162.292999,63.525002]},"properties":{"id":"9468151","name":"Stebbins, Norton Sound","type":"reference","region":"AK","tz":"America/Nome","gt_m":0.81}},{"type":"Feature","id":"8635671","geometry":{"type":"Point","coordinates":[-76.5767,38.0317]},"properties":{"id":"8635671","name":"Kinsale, Yeocomico River, Va.","type":"subordinate","region":"MD","tz":"America/New_York","ref":"8594900"}},{"type":"Feature","id":"9454319","geometry":{"type":"Point","coordinates":[-146.61,60.4817]},"properties":{"id":"9454319","name":"Johnstone Point","type":"subordinate","region":"AK","tz":"America/Anchorage","ref":"9454050"}},{"type":"Feature","id":"9455934","geometry":{"type":"Point","coordinates":[-149.917007,61.268299]},"properties":{"id":"9455934","name":"Port MacKenzie","type":"reference","region":"AK","tz":"America/Anchorage","gt_m":8.87}},{"type":"Feature","id":"8677566","geometry":{"type":"Point","coordinates":[-81.5733,31.0983]},"properties":{"id":"8677566","name":"8 miles above mouth","type":"subordinate","region":"GA","tz":"America/New_York","ref":"8720030"}},{"type":"Feature","id":"8531095","geometry":{"type":"Point","coordinates":[-74.21,40.5867]},"properties":{"id":"8531095","name":"Carteret","type":"subordinate","region":"NJ","tz":"America/New_York","ref":"8531680"}},{"type":"Feature","id":"8572468","geometry":{"type":"Point","coordinates":[-76.28,38.8367]},"properties":{"id":"8572468","name":"Claiborne, Eastern Bay","type":"subordinate","region":"MD","tz":"America/New_York","ref":"8574680"}},{"type":"Feature","id":"8666166","geometry":{"type":"Point","coordinates":[-80.695,32.7133]},"properties":{"id":"8666166","name":"Cuckolds Creek","type":"subordinate","region":"SC","tz":"America/New_York","ref":"8670870"}},{"type":"Feature","id":"8728465","geometry":{"type":"Point","coordinates":[-84.6667,29.785]},"properties":{"id":"8728465","name":"Dog Island, west end","type":"subordinate","region":"FL","tz":"America/New_York","ref":"8728690"}},{"type":"Feature","id":"9450314","geometry":{"type":"Point","coordinates":[-131.567,55.1283]},"properties":{"id":"9450314","name":"Metlakatla, Port Chester","type":"reference","region":"AK","tz":"America/Metlakatla","gt_m":4.531}},{"type":"Feature","id":"9461406","geometry":{"type":"Point","coordinates":[-176.435,51.77]},"properties":{"id":"9461406","name":"Adak Bight","type":"subordinate","region":"AK","tz":"America/Adak","ref":"9461380"}},{"type":"Feature","id":"8665257","geometry":{"type":"Point","coordinates":[-80.4067,32.8133]},"properties":{"id":"8665257","name":"Canaday Landing, south of, Edisto River","type":"subordinate","region":"SC","tz":"America/New_York","ref":"8670870"}},{"type":"Feature","id":"8530743","geometry":{"type":"Point","coordinates":[-74.1167,40.7317]},"properties":{"id":"8530743","name":"Point No Point","type":"subordinate","region":"NJ","tz":"America/New_York","ref":"8518750"}},{"type":"Feature","id":"9414765","geometry":{"type":"Point","coordinates":[-122.33,37.795]},"properties":{"id":"9414765","name":"Oakland Pier","type":"subordinate","region":"CA","tz":"America/Los_Angeles","ref":"9414290"}},{"type":"Feature","id":"8720587","geometry":{"type":"Point","coordinates":[-81.2633,29.8567]},"properties":{"id":"8720587","name":"St. Augustine Beach","type":"reference","region":"FL","tz":"America/New_York","gt_m":1.569}},{"type":"Feature","id":"8728766","geometry":{"type":"Point","coordinates":[-85.0967,29.6333]},"properties":{"id":"8728766","name":"West Pass","type":"subordinate","region":"FL","tz":"America/New_York","ref":"8728690"}},{"type":"Feature","id":"8440452","geometry":{"type":"Point","coordinates":[-70.82,42.8167]},"properties":{"id":"8440452","name":"Plum Island, Merrimack River Entrance","type":"reference","region":"MA","tz":"America/New_York","gt_m":2.653}},{"type":"Feature","id":"8451301","geometry":{"type":"Point","coordinates":[-71.2367,41.5583]},"properties":{"id":"8451301","name":"The Glen","type":"subordinate","region":"RI","tz":"America/New_York","ref":"8452660"}},{"type":"Feature","id":"9446500","geometry":{"type":"Point","coordinates":[-122.758,47.275]},"properties":{"id":"9446500","name":"Home, Von Geldern Cove, Carr Inlet","type":"subordinate","region":"WA","tz":"America/Los_Angeles","ref":"9447130"}},{"type":"Feature","id":"8515102","geometry":{"type":"Point","coordinates":[-73.24,40.7167]},"properties":{"id":"8515102","name":"Bay Shore, Watchogue Creek Entrance","type":"subordinate","region":"NY","tz":"America/New_York","ref":"8531680"}},{"type":"Feature","id":"8779911","geometry":{"type":"Point","coordinates":[-97.298599,26.001801]},"properties":{"id":"8779911","name":"San Martin Lake Channel","type":"reference","region":"TX","tz":"America/Chicago","gt_m":0.415}},{"type":"Feature","id":"9437262","geometry":{"type":"Point","coordinates":[-123.945,45.43]},"properties":{"id":"9437262","name":"Netarts, Netarts Bay","type":"subordinate","region":"OR","tz":"America/Los_Angeles","ref":"9419750"}},{"type":"Feature","id":"9490096","geometry":{"type":"Point","coordinates":[-164.250833,66.585694]},"properties":{"id":"9490096","name":"CAPE ESPENBERG, KOTZEBUE SOUND","type":"reference","region":"AK","tz":"America/Nome","gt_m":0.302}},{"type":"Feature","id":"8669072","geometry":{"type":"Point","coordinates":[-81.0117,32.2367]},"properties":{"id":"8669072","name":"Rt. 170 bridge","type":"subordinate","region":"SC","tz":"America/New_York","ref":"8670870"}},{"type":"Feature","id":"8666367","geometry":{"type":"Point","coordinates":[-80.4167,32.6817]},"properties":{"id":"8666367","name":"Willtown Bluff, Edisto River","type":"subordinate","region":"SC","tz":"America/New_York","ref":"8670870"}},{"type":"Feature","id":"8727695","geometry":{"type":"Point","coordinates":[-83.39,29.6717]},"properties":{"id":"8727695","name":"Steinhatchee River ent., Deadman Bay","type":"subordinate","region":"FL","tz":"America/New_York","ref":"8727520"}},{"type":"Feature","id":"9461582","geometry":{"type":"Point","coordinates":[-175.115,52.0367]},"properties":{"id":"9461582","name":"Bechevin Bay","type":"subordinate","region":"AK","tz":"America/Adak","ref":"9461380"}},{"type":"Feature","id":"8536935","geometry":{"type":"Point","coordinates":[-75.1283,39.25]},"properties":{"id":"8536935","name":"Weir Creek bridge, Dividing Creek","type":"subordinate","region":"NJ","tz":"America/New_York","ref":"8557380"}},{"type":"Feature","id":"8761677","geometry":{"type":"Point","coordinates":[-89.9383,29.31]},"properties":{"id":"8761677","name":"Independence Island","type":"subordinate","region":"LA","tz":"America/Chicago","ref":"8761724"}},{"type":"Feature","id":"1614465","geometry":{"type":"Point","coordinates":[-156.995,20.79]},"properties":{"id":"1614465","name":"Kaumalapau, Lanai Island","type":"subordinate","region":"HI","tz":"Pacific/Honolulu","ref":"1612340"}},{"type":"Feature","id":"8725577","geometry":{"type":"Point","coordinates":[-82.258301,26.719999]},"properties":{"id":"8725577","name":"Port Boca Grande, Charlotte Harbor","type":"reference","region":"FL","tz":"America/New_York","gt_m":0.475}},{"type":"Feature","id":"8571702","geometry":{"type":"Point","coordinates":[-76.236667,38.42833]},"properties":{"id":"8571702","name":"Smithville Road Bridge, Beaverdam Creek","type":"reference","region":"MD","tz":"America/New_York","gt_m":0.487}},{"type":"Feature","id":"8534256","geometry":{"type":"Point","coordinates":[-74.4633,39.535]},"properties":{"id":"8534256","name":"Nacote Creek, U.S. Highway 9 bridge","type":"subordinate","region":"NJ","tz":"America/New_York","ref":"8531680"}},{"type":"Feature","id":"8411801","geometry":{"type":"Point","coordinates":[-67.5433,44.4933]},"properties":{"id":"8411801","name":"Steele Harbor Island","type":"subordinate","region":"ME","tz":"America/New_York","ref":"8418150"}},{"type":"Feature","id":"9451124","geometry":{"type":"Point","coordinates":[-132.553,56.3533]},"properties":{"id":"9451124","name":"Reef Point, Stikine Strait","type":"reference","region":"AK","tz":"America/Sitka","gt_m":4.863}},{"type":"Feature","id":"8727359","geometry":{"type":"Point","coordinates":[-82.6917,28.9233]},"properties":{"id":"8727359","name":"Shell Island, north end","type":"reference","region":"FL","tz":"America/New_York","gt_m":0.925}},{"type":"Feature","id":"9415415","geometry":{"type":"Point","coordinates":[-122.312,38.1917]},"properties":{"id":"9415415","name":"Edgerley Island, Napa River","type":"subordinate","region":"CA","tz":"America/Los_Angeles","ref":"9414290"}},{"type":"Feature","id":"9415096","geometry":{"type":"Point","coordinates":[-121.88,38.0367]},"properties":{"id":"9415096","name":"Pittsburg, New York Slough","type":"subordinate","region":"CA","tz":"America/Los_Angeles","ref":"9415144"}},{"type":"Feature","id":"9446752","geometry":{"type":"Point","coordinates":[-122.838,47.155]},"properties":{"id":"9446752","name":"Henderson Inlet","type":"subordinate","region":"WA","tz":"America/Los_Angeles","ref":"9447130"}},{"type":"Feature","id":"8534319","geometry":{"type":"Point","coordinates":[-74.324997,39.508301]},"properties":{"id":"8534319","name":"Tuckerton, Shooting Thorofare, Little Egg Inlet","type":"reference","region":"NJ","tz":"America/New_York","gt_m":1.017}},{"type":"Feature","id":"9440422","geometry":{"type":"Point","coordinates":[-122.954201,46.106098]},"properties":{"id":"9440422","name":"Longview","type":"reference","region":"OR","tz":"America/Los_Angeles","gt_m":1.362}},{"type":"Feature","id":"8518902","geometry":{"type":"Point","coordinates":[-73.9333,40.8683]},"properties":{"id":"8518902","name":"Dyckman Street, Ferry Slip","type":"reference","region":"NY","tz":"America/New_York","gt_m":1.343}},{"type":"Feature","id":"8676808","geometry":{"type":"Point","coordinates":[-81.550003,31.213301]},"properties":{"id":"8676808","name":"Crispen Island","type":"reference","region":"GA","tz":"America/New_York","gt_m":2.586}},{"type":"Feature","id":"9462662","geometry":{"type":"Point","coordinates":[-166.099333,54.130722]},"properties":{"id":"9462662","name":"Reef Bight, Akutan Island","type":"reference","region":"AK","tz":"America/Nome","gt_m":1.097}},{"type":"Feature","id":"8676743","geometry":{"type":"Point","coordinates":[-81.3933,31.2217]},"properties":{"id":"8676743","name":"Frederica River","type":"subordinate","region":"GA","tz":"America/New_York","ref":"8670870"}},{"type":"Feature","id":"9466153","geometry":{"type":"Point","coordinates":[-162.410202,60.270302]},"properties":{"id":"9466153","name":"Helmick Point, southeast of","type":"reference","region":"AK","tz":"America/Nome","gt_m":3.104}},{"type":"Feature","id":"8656566","geometry":{"type":"Point","coordinates":[-76.7683,34.7]},"properties":{"id":"8656566","name":"Coral Bay, Atlantic Beach","type":"subordinate","region":"NC","tz":"America/New_York","ref":"8654400"}},{"type":"Feature","id":"8423745","geometry":{"type":"Point","coordinates":[-70.7517,43.0783]},"properties":{"id":"8423745","name":"Portsmouth","type":"subordinate","region":"NH","tz":"America/New_York","ref":"8418150"}},{"type":"Feature","id":"8729376","geometry":{"type":"Point","coordinates":[-86.228302,30.4]},"properties":{"id":"8729376","name":"Santa Rosa, Hogtown Bayou","type":"reference","region":"FL","tz":"America/Chicago","gt_m":0.184}},{"type":"Feature","id":"9452421","geometry":{"type":"Point","coordinates":[-135.4,59.17]},"properties":{"id":"9452421","name":"Chilkat Inlet","type":"reference","region":"AK","tz":"America/Juneau","gt_m":5.021}},{"type":"Feature","id":"8668619","geometry":{"type":"Point","coordinates":[-80.7917,32.3217]},"properties":{"id":"8668619","name":"Colleton River Entrance","type":"subordinate","region":"SC","tz":"America/New_York","ref":"8670870"}},{"type":"Feature","id":"9453210","geometry":{"type":"Point","coordinates":[-139.627,59.9033]},"properties":{"id":"9453210","name":"Point Latouche, Yakutat Bay","type":"subordinate","region":"AK","tz":"America/Yakutat","ref":"9453220"}},{"type":"Feature","id":"8453465","geometry":{"type":"Point","coordinates":[-71.3717,41.5733]},"properties":{"id":"8453465","name":"Conanicut Point","type":"subordinate","region":"RI","tz":"America/New_York","ref":"8452660"}},{"type":"Feature","id":"9414505","geometry":{"type":"Point","coordinates":[-122.21,37.5083]},"properties":{"id":"9414505","name":"Corkscrew Slough","type":"subordinate","region":"CA","tz":"America/Los_Angeles","ref":"9414290"}},{"type":"Feature","id":"8667075","geometry":{"type":"Point","coordinates":[-80.2867,32.6033]},"properties":{"id":"8667075","name":"Steamboat Landing, Steamboat Creek","type":"subordinate","region":"SC","tz":"America/New_York","ref":"8665530"}},{"type":"Feature","id":"8664621","geometry":{"type":"Point","coordinates":[-79.6167,32.9133]},"properties":{"id":"8664621","name":"Wharf Creek entrance","type":"subordinate","region":"SC","tz":"America/New_York","ref":"8665530"}},{"type":"Feature","id":"8722274","geometry":{"type":"Point","coordinates":[-80.2733,27.355]},"properties":{"id":"8722274","name":"Ankona","type":"reference","region":"FL","tz":"America/New_York","gt_m":0.49}},{"type":"Feature","id":"8678322","geometry":{"type":"Point","coordinates":[-81.5917,30.985]},"properties":{"id":"8678322","name":"Bailey Cut, 0.8 mile west of","type":"reference","region":"GA","tz":"America/New_York","gt_m":2.227}},{"type":"Feature","id":"8762525","geometry":{"type":"Point","coordinates":[-90.446701,29.4167]},"properties":{"id":"8762525","name":"Pointe Au Chien, Cut Off Canal","type":"reference","region":"LA","tz":"America/Chicago","gt_m":0.135}},{"type":"Feature","id":"8639207","geometry":{"type":"Point","coordinates":[-75.9733,36.8317]},"properties":{"id":"8639207","name":"Rudee Inlet, interior channel","type":"reference","region":"VA","tz":"America/New_York","gt_m":1.131}},{"type":"Feature","id":"9414131","geometry":{"type":"Point","coordinates":[-122.482167,37.5025]},"properties":{"id":"9414131","name":"Pillar Point Harbor, Half Moon Bay","type":"reference","region":"CA","tz":"America/Los_Angeles","gt_m":1.707}},{"type":"Feature","id":"8667630","geometry":{"type":"Point","coordinates":[-80.2967,32.5017]},"properties":{"id":"8667630","name":"Edisto Beach, Edisto Island","type":"subordinate","region":"SC","tz":"America/New_York","ref":"8670870"}},{"type":"Feature","id":"8728853","geometry":{"type":"Point","coordinates":[-85.221397,29.880699]},"properties":{"id":"8728853","name":"White City, ICWW","type":"reference","region":"FL","tz":"America/Chicago","gt_m":0.309}},{"type":"Feature","id":"8722059","geometry":{"type":"Point","coordinates":[-80.425,27.755]},"properties":{"id":"8722059","name":"Wabasso","type":"subordinate","region":"FL","tz":"America/New_York","ref":"8723178"}},{"type":"Feature","id":"9415111","geometry":{"type":"Point","coordinates":[-122.13,38.0433]},"properties":{"id":"9415111","name":"Benicia","type":"subordinate","region":"CA","tz":"America/Los_Angeles","ref":"9415144"}},{"type":"Feature","id":"8454538","geometry":{"type":"Point","coordinates":[-71.445,41.5717]},"properties":{"id":"8454538","name":"Wickford","type":"reference","region":"RI","tz":"America/New_York","gt_m":1.255}},{"type":"Feature","id":"8662299","geometry":{"type":"Point","coordinates":[-79.1933,33.3333]},"properties":{"id":"8662299","name":"Clambank Creek, Goat Island, North Inlet","type":"reference","region":"SC","tz":"America/New_York","gt_m":1.596}},{"type":"Feature","id":"8767095","geometry":{"type":"Point","coordinates":[-92.8489,29.8629]},"properties":{"id":"8767095","name":"Catfish Point, Mermentau River","type":"reference","region":"LA","tz":"America/Chicago","gt_m":0.415}},{"type":"Feature","id":"8765148","geometry":{"type":"Point","coordinates":[-91.8375,29.837222]},"properties":{"id":"8765148","name":"Weeks Bay","type":"reference","region":"LA","tz":"America/Chicago","gt_m":0.49}},{"type":"Feature","id":"8726494","geometry":{"type":"Point","coordinates":[-82.7533,27.7517]},"properties":{"id":"8726494","name":"Long Key, 0.5mi N. of Corey Causeway","type":"subordinate","region":"FL","tz":"America/New_York","ref":"8726520"}},{"type":"Feature","id":"8722746","geometry":{"type":"Point","coordinates":[-80.0617,26.4733]},"properties":{"id":"8722746","name":"Delray Beach, ICWW","type":"subordinate","region":"FL","tz":"America/New_York","ref":"8723178"}},{"type":"Feature","id":"TWC1583","geometry":{"type":"Point","coordinates":[-133.466667,56]},"properties":{"id":"TWC1583","name":"Marble Island","type":"subordinate","region":"AK","tz":"America/Sitka","ref":"9451600"}},{"type":"Feature","id":"8720274","geometry":{"type":"Point","coordinates":[-81.61,30.31]},"properties":{"id":"8720274","name":"Little Pottsburg Creek","type":"subordinate","region":"FL","tz":"America/New_York","ref":"8720218"}},{"type":"Feature","id":"8461925","geometry":{"type":"Point","coordinates":[-72.1867,41.325]},"properties":{"id":"8461925","name":"Niantic, Niantic River","type":"subordinate","region":"CT","tz":"America/New_York","ref":"8461490"}},{"type":"Feature","id":"9455653","geometry":{"type":"Point","coordinates":[-151.682,60.055]},"properties":{"id":"9455653","name":"Ninilchik","type":"reference","region":"AK","tz":"America/Anchorage","gt_m":5.839}},{"type":"Feature","id":"9437908","geometry":{"type":"Point","coordinates":[-123.89,45.71]},"properties":{"id":"9437908","name":"Nehalem","type":"subordinate","region":"OR","tz":"America/Los_Angeles","ref":"9419750"}},{"type":"Feature","id":"8453201","geometry":{"type":"Point","coordinates":[-71.3617,41.4633]},"properties":{"id":"8453201","name":"Castle Hill","type":"subordinate","region":"RI","tz":"America/New_York","ref":"8452660"}},{"type":"Feature","id":"8633214","geometry":{"type":"Point","coordinates":[-75.7567,37.7117]},"properties":{"id":"8633214","name":"Onancock, Onancock Creek","type":"subordinate","region":"VA","tz":"America/New_York","ref":"8638863"}},{"type":"Feature","id":"9415149","geometry":{"type":"Point","coordinates":[-121.555,38.0617]},"properties":{"id":"9415149","name":"Prisoners Point","type":"subordinate","region":"CA","tz":"America/Los_Angeles","ref":"9415144"}},{"type":"Feature","id":"8414288","geometry":{"type":"Point","coordinates":[-68.6367,44.0733]},"properties":{"id":"8414288","name":"Isle Au Haut","type":"subordinate","region":"ME","tz":"America/New_York","ref":"8413320"}},{"type":"Feature","id":"8728152","geometry":{"type":"Point","coordinates":[-84.218597,30.158899]},"properties":{"id":"8728152","name":"St. Marks, Wakulla River","type":"reference","region":"FL","tz":"America/New_York","gt_m":1.093}},{"type":"Feature","id":"1890000","geometry":{"type":"Point","coordinates":[166.6175,19.290556]},"properties":{"id":"1890000","name":"WAKE ISLAND (U.S.)","type":"reference","region":null,"tz":"Pacific/Wake","gt_m":0.718}},{"type":"Feature","id":"9415287","geometry":{"type":"Point","coordinates":[-121.578,38.125]},"properties":{"id":"9415287","name":"Georgiana Slough entrance","type":"subordinate","region":"CA","tz":"America/Los_Angeles","ref":"9415144"}},{"type":"Feature","id":"8573927","geometry":{"type":"Point","coordinates":[-75.81,39.526667]},"properties":{"id":"8573927","name":"Chesapeake City, Maryland","type":"reference","region":"MD","tz":"America/New_York","gt_m":0.983}},{"type":"Feature","id":"9452210","geometry":{"type":"Point","coordinates":[-134.4106,58.2988]},"properties":{"id":"9452210","name":"Juneau","type":"reference","region":"AK","tz":"America/Juneau","gt_m":4.97}},{"type":"Feature","id":"8513398","geometry":{"type":"Point","coordinates":[-72.755972,40.764417]},"properties":{"id":"8513398","name":"Moriches Inlet","type":"reference","region":"NY","tz":"America/New_York","gt_m":0.973}},{"type":"Feature","id":"9451979","geometry":{"type":"Point","coordinates":[-135.412,57.5617]},"properties":{"id":"9451979","name":"Nismeni Cove","type":"subordinate","region":"AK","tz":"America/Sitka","ref":"9452210"}},{"type":"Feature","id":"8678642","geometry":{"type":"Point","coordinates":[-81.5067,30.9367]},"properties":{"id":"8678642","name":"Floyd Creek, 2.8 miles above entrance","type":"subordinate","region":"GA","tz":"America/New_York","ref":"8720030"}},{"type":"Feature","id":"8661367","geometry":{"type":"Point","coordinates":[-79.4267,33.6033]},"properties":{"id":"8661367","name":"Rhems, Black Mingo Creek, Black River","type":"subordinate","region":"SC","tz":"America/New_York","ref":"8665530"}},{"type":"Feature","id":"8537667","geometry":{"type":"Point","coordinates":[-75.495,39.4583]},"properties":{"id":"8537667","name":"Hope Creek, 0.6 n.mi. above entrance, N.J.","type":"subordinate","region":"NJ","tz":"America/New_York","ref":"8551910"}},{"type":"Feature","id":"TEC3327","geometry":{"type":"Point","coordinates":[-80.851667,32.435]},"properties":{"id":"TEC3327","name":"Euhaw Creek, 2.5 mi. above entrance","type":"subordinate","region":"SC","tz":"America/New_York","ref":"8670870"}},{"type":"Feature","id":"9410583","geometry":{"type":"Point","coordinates":[-117.9,33.6]},"properties":{"id":"9410583","name":"Balboa Pier, Newport Beach","type":"subordinate","region":"CA","tz":"America/Los_Angeles","ref":"9410660"}},{"type":"Feature","id":"8723962","geometry":{"type":"Point","coordinates":[-81.0167,24.7183]},"properties":{"id":"8723962","name":"Key Colony Beach","type":"reference","region":"FL","tz":"America/New_York","gt_m":0.632}},{"type":"Feature","id":"8661119","geometry":{"type":"Point","coordinates":[-79.1183,33.6017]},"properties":{"id":"8661119","name":"Little Bull Creek entrance, Bull Creek","type":"subordinate","region":"SC","tz":"America/New_York","ref":"8665530"}},{"type":"Feature","id":"8737373","geometry":{"type":"Point","coordinates":[-87.8733,30.9783]},"properties":{"id":"8737373","name":"Lower Bryant Landing","type":"reference","region":"AL","tz":"America/Chicago","gt_m":0.536}},{"type":"Feature","id":"8658145","geometry":{"type":"Point","coordinates":[-77.812302,34.217899]},"properties":{"id":"8658145","name":"Shinn Point, ICWW","type":"reference","region":"NC","tz":"America/New_York","gt_m":1.338}},{"type":"Feature","id":"8724098","geometry":{"type":"Point","coordinates":[-81.2367,24.745]},"properties":{"id":"8724098","name":"Cocoanut Key, Florida Bay","type":"subordinate","region":"FL","tz":"America/New_York","ref":"8724580"}},{"type":"Feature","id":"9454713","geometry":{"type":"Point","coordinates":[-147.907,60.0533]},"properties":{"id":"9454713","name":"Latouche, Latouche Island","type":"subordinate","region":"AK","tz":"America/Anchorage","ref":"9454050"}},{"type":"Feature","id":"8573364","geometry":{"type":"Point","coordinates":[-76.244556,39.213444]},"properties":{"id":"8573364","name":"Tolchester Beach","type":"reference","region":"MD","tz":"America/New_York","gt_m":0.529}},{"type":"Feature","id":"9452584","geometry":{"type":"Point","coordinates":[-136.108,58.9133]},"properties":{"id":"9452584","name":"Muir Inlet","type":"subordinate","region":"AK","tz":"America/Juneau","ref":"9452634"}},{"type":"Feature","id":"8728593","geometry":{"type":"Point","coordinates":[-84.850304,29.818899]},"properties":{"id":"8728593","name":"East Bayou, Hwy 65 bridge, East Bay","type":"reference","region":"FL","tz":"America/New_York","gt_m":0.628}},{"type":"Feature","id":"9415218","geometry":{"type":"Point","coordinates":[-122.25,38.07]},"properties":{"id":"9415218","name":"Mare Island","type":"reference","region":"CA","tz":"America/Los_Angeles","gt_m":1.755}},{"type":"Feature","id":"8579135","geometry":{"type":"Point","coordinates":[-76.67,38.5133]},"properties":{"id":"8579135","name":"Benedict","type":"subordinate","region":"MD","tz":"America/New_York","ref":"8574680"}},{"type":"Feature","id":"8530531","geometry":{"type":"Point","coordinates":[-74.0533,40.805]},"properties":{"id":"8530531","name":"North Secaucus, Garretts Reach","type":"subordinate","region":"NJ","tz":"America/New_York","ref":"8518750"}},{"type":"Feature","id":"8658120","geometry":{"type":"Point","coordinates":[-77.9533,34.2267]},"properties":{"id":"8658120","name":"Wilmington","type":"reference","region":"NC","tz":"America/New_York","gt_m":1.427}},{"type":"Feature","id":"8530278","geometry":{"type":"Point","coordinates":[-74.04,40.88]},"properties":{"id":"8530278","name":"Hackensack","type":"subordinate","region":"NJ","tz":"America/New_York","ref":"8518750"}},{"type":"Feature","id":"8679083","geometry":{"type":"Point","coordinates":[-81.585,30.87]},"properties":{"id":"8679083","name":"Harrietts Bluff, Crooked River","type":"subordinate","region":"GA","tz":"America/New_York","ref":"8720030"}},{"type":"Feature","id":"8656201","geometry":{"type":"Point","coordinates":[-76.455498,34.796799]},"properties":{"id":"8656201","name":"Davis, Core Sound","type":"reference","region":"NC","tz":"America/New_York","gt_m":0.405}},{"type":"Feature","id":"9414367","geometry":{"type":"Point","coordinates":[-121.333333,37.936667]},"properties":{"id":"9414367","name":"Borden Highway Bridge, San Joaquin River","type":"subordinate","region":"CA","tz":"America/Los_Angeles","ref":"9415144"}},{"type":"Feature","id":"8729132","geometry":{"type":"Point","coordinates":[-85.666702,30.151699]},"properties":{"id":"8729132","name":"Courtney Point","type":"reference","region":"FL","tz":"America/Chicago","gt_m":0.414}},{"type":"Feature","id":"TEC3421","geometry":{"type":"Point","coordinates":[-81.283333,31.983333]},"properties":{"id":"TEC3421","name":"Highway bridge, Ogeechee River","type":"subordinate","region":"GA","tz":"America/New_York","ref":"8670870"}},{"type":"Feature","id":"8532703","geometry":{"type":"Point","coordinates":[-74.135,40.065]},"properties":{"id":"8532703","name":"Forge Pond","type":"subordinate","region":"NJ","tz":"America/New_York","ref":"8531680"}},{"type":"Feature","id":"8722029","geometry":{"type":"Point","coordinates":[-80.4633,27.8117]},"properties":{"id":"8722029","name":"Sebastian","type":"subordinate","region":"FL","tz":"America/New_York","ref":"8723178"}},{"type":"Feature","id":"8720058","geometry":{"type":"Point","coordinates":[-81.4767,30.6317]},"properties":{"id":"8720058","name":"Kingsley Creek, RR. bridge","type":"subordinate","region":"FL","tz":"America/New_York","ref":"8720030"}},{"type":"Feature","id":"8453767","geometry":{"type":"Point","coordinates":[-71.388298,41.7617]},"properties":{"id":"8453767","name":"Pawtuxet, Pawtuxet Cove","type":"reference","region":"RI","tz":"America/New_York","gt_m":1.456}},{"type":"Feature","id":"8534883","geometry":{"type":"Point","coordinates":[-74.7483,39.295]},"properties":{"id":"8534883","name":"Tuckahoe, Tuckahoe River","type":"reference","region":"NJ","tz":"America/New_York","gt_m":1.177}},{"type":"Feature","id":"8572271","geometry":{"type":"Point","coordinates":[-76.375,38.758333]},"properties":{"id":"8572271","name":"Poplar Island","type":"reference","region":"MD","tz":"America/New_York","gt_m":0.468}},{"type":"Feature","id":"9440910","geometry":{"type":"Point","coordinates":[-123.966944,46.7075]},"properties":{"id":"9440910","name":"Toke Point","type":"reference","region":"WA","tz":"America/Los_Angeles","gt_m":2.72}},{"type":"Feature","id":"8660098","geometry":{"type":"Point","coordinates":[-78.5733,33.87]},"properties":{"id":"8660098","name":"Little River Neck, north end","type":"subordinate","region":"NC","tz":"America/New_York","ref":"8661070"}},{"type":"Feature","id":"8722670","geometry":{"type":"Point","coordinates":[-80.034167,26.612778]},"properties":{"id":"8722670","name":"Lake Worth Pier (ocean)","type":"reference","region":"FL","tz":"America/New_York","gt_m":0.934}},{"type":"Feature","id":"8448325","geometry":{"type":"Point","coordinates":[-70.6967,41.435]},"properties":{"id":"8448325","name":"Cedar Tree Neck","type":"subordinate","region":"MA","tz":"America/New_York","ref":"8452660"}},{"type":"Feature","id":"8533535","geometry":{"type":"Point","coordinates":[-74.0983,39.7883]},"properties":{"id":"8533535","name":"Island Beach, Sedge Islands","type":"subordinate","region":"NJ","tz":"America/New_York","ref":"8531680"}},{"type":"Feature","id":"9446742","geometry":{"type":"Point","coordinates":[-123.008003,47.1567]},"properties":{"id":"9446742","name":"Barron Point, Little Skookum Inlet Entrance","type":"subordinate","region":"WA","tz":"America/Los_Angeles","ref":"9447130"}},{"type":"Feature","id":"8639414","geometry":{"type":"Point","coordinates":[-76.2933,36.755]},"properties":{"id":"8639414","name":"Deep Creek Entrance","type":"subordinate","region":"VA","tz":"America/New_York","ref":"8638610"}},{"type":"Feature","id":"9461693","geometry":{"type":"Point","coordinates":[-174.292,52.2267]},"properties":{"id":"9461693","name":"Martin Harbor, Korovin Bay","type":"subordinate","region":"AK","tz":"America/Adak","ref":"9461380"}},{"type":"Feature","id":"8726674","geometry":{"type":"Point","coordinates":[-82.421402,27.9231]},"properties":{"id":"8726674","name":"East Bay, Tampa Bay","type":"reference","region":"FL","tz":"America/New_York","gt_m":0.816}},{"type":"Feature","id":"8726574","geometry":{"type":"Point","coordinates":[-82.795,27.8083]},"properties":{"id":"8726574","name":"Madeira Beach Causeway","type":"subordinate","region":"FL","tz":"America/New_York","ref":"8726520"}},{"type":"Feature","id":"8576256","geometry":{"type":"Point","coordinates":[-76.5417,38.725]},"properties":{"id":"8576256","name":"Rose Haven","type":"subordinate","region":"MD","tz":"America/New_York","ref":"8574680"}},{"type":"Feature","id":"8419528","geometry":{"type":"Point","coordinates":[-70.6383,43.13]},"properties":{"id":"8419528","name":"Fort Point, York Harbor","type":"subordinate","region":"ME","tz":"America/New_York","ref":"8418150"}},{"type":"Feature","id":"8722899","geometry":{"type":"Point","coordinates":[-80.0933,26.188299]},"properties":{"id":"8722899","name":"Lauderdale-by-the-Sea, Anglin Fishing Pier","type":"reference","region":"FL","tz":"America/New_York","gt_m":0.873}},{"type":"Feature","id":"8761732","geometry":{"type":"Point","coordinates":[-89.9767,29.4267]},"properties":{"id":"8761732","name":"Manilla","type":"subordinate","region":"LA","tz":"America/Chicago","ref":"8761724"}},{"type":"Feature","id":"8416928","geometry":{"type":"Point","coordinates":[-69.67,43.925]},"properties":{"id":"8416928","name":"Cross River entrance","type":"subordinate","region":"ME","tz":"America/New_York","ref":"8418150"}},{"type":"Feature","id":"8725235","geometry":{"type":"Point","coordinates":[-81.8183,26.29]},"properties":{"id":"8725235","name":"Wiggins Pass, Cocohatchee River","type":"subordinate","region":"FL","tz":"America/New_York","ref":"8725110"}},{"type":"Feature","id":"TEC2863","geometry":{"type":"Point","coordinates":[-77.933333,34.35]},"properties":{"id":"TEC2863","name":"Castle Hayne, Northeast River","type":"subordinate","region":"NC","tz":"America/New_York","ref":"8658120"}},{"type":"Feature","id":"8452154","geometry":{"type":"Point","coordinates":[-71.293297,41.696701]},"properties":{"id":"8452154","name":"Bristol Highlands","type":"reference","region":"RI","tz":"America/New_York","gt_m":1.381}},{"type":"Feature","id":"9435380","geometry":{"type":"Point","coordinates":[-124.044944,44.625444]},"properties":{"id":"9435380","name":"Southbeach","type":"reference","region":"OR","tz":"America/Los_Angeles","gt_m":2.543}},{"type":"Feature","id":"8723073","geometry":{"type":"Point","coordinates":[-80.125,25.9033]},"properties":{"id":"8723073","name":"Bakers Haulover Inlet (inside)","type":"subordinate","region":"FL","tz":"America/New_York","ref":"8723178"}},{"type":"Feature","id":"9414881","geometry":{"type":"Point","coordinates":[-122.425,37.9583]},"properties":{"id":"9414881","name":"Point Orient","type":"subordinate","region":"CA","tz":"America/Los_Angeles","ref":"9414290"}},{"type":"Feature","id":"8533631","geometry":{"type":"Point","coordinates":[-74.1283,39.7567]},"properties":{"id":"8533631","name":"High Bar","type":"subordinate","region":"NJ","tz":"America/New_York","ref":"8531680"}},{"type":"Feature","id":"TWC1887","geometry":{"type":"Point","coordinates":[-146.55,60.333333]},"properties":{"id":"TWC1887","name":"Port Etches","type":"subordinate","region":"AK","tz":"America/Anchorage","ref":"9454050"}},{"type":"Feature","id":"8512735","geometry":{"type":"Point","coordinates":[-72.5817,40.935]},"properties":{"id":"8512735","name":"South Jamesport","type":"reference","region":"NY","tz":"America/New_York","gt_m":1.007}},{"type":"Feature","id":"8467726","geometry":{"type":"Point","coordinates":[-73.2833,41.1333]},"properties":{"id":"8467726","name":"Southport, Southport Harbor","type":"reference","region":"CT","tz":"America/New_York","gt_m":2.26}},{"type":"Feature","id":"8722499","geometry":{"type":"Point","coordinates":[-80.085,26.935]},"properties":{"id":"8722499","name":"Jupiter, Lake Worth Creek, ICWW","type":"subordinate","region":"FL","tz":"America/New_York","ref":"8723178"}},{"type":"Feature","id":"9457648","geometry":{"type":"Point","coordinates":[-153.735,57.5483]},"properties":{"id":"9457648","name":"Zachar Bay","type":"subordinate","region":"AK","tz":"America/Anchorage","ref":"9455500"}},{"type":"Feature","id":"8533135","geometry":{"type":"Point","coordinates":[-74.0833,39.9217]},"properties":{"id":"8533135","name":"Seaside Park","type":"subordinate","region":"NJ","tz":"America/New_York","ref":"8531680"}},{"type":"Feature","id":"9467701","geometry":{"type":"Point","coordinates":[-164.546906,62.7775]},"properties":{"id":"9467701","name":"Emmonak, Kwiguk Pass, Yukon River","type":"reference","region":"AK","tz":"America/Nome","gt_m":0.608}},{"type":"Feature","id":"1611683","geometry":{"type":"Point","coordinates":[-159.502,22.215]},"properties":{"id":"1611683","name":"Hanalei Bay","type":"subordinate","region":"HI","tz":"Pacific/Honolulu","ref":"1611400"}},{"type":"Feature","id":"8677045","geometry":{"type":"Point","coordinates":[-81.4133,31.1683]},"properties":{"id":"8677045","name":"Frederica River Bridge","type":"subordinate","region":"GA","tz":"America/New_York","ref":"8670870"}},{"type":"Feature","id":"8652657","geometry":{"type":"Point","coordinates":[-75.5583,35.7733]},"properties":{"id":"8652657","name":"Oregon Inlet Channel","type":"subordinate","region":"NC","tz":"America/New_York","ref":"8652587"}},{"type":"Feature","id":"9466057","geometry":{"type":"Point","coordinates":[-162.500361,60.123278]},"properties":{"id":"9466057","name":"Popokamute (Kokokamute), Kuskokwim River","type":"reference","region":"AK","tz":"America/Nome","gt_m":3.359}},{"type":"Feature","id":"TPT2897","geometry":{"type":"Point","coordinates":[174.79,-20.266667]},"properties":{"id":"TPT2897","name":"Nomuka","type":"subordinate","region":null,"tz":"Etc/GMT-12","ref":"1778000"}},{"type":"Feature","id":"8722706","geometry":{"type":"Point","coordinates":[-80.053299,26.5483]},"properties":{"id":"8722706","name":"Boynton Beach, Lake Worth","type":"subordinate","region":"FL","tz":"America/New_York","ref":"8723178"}},{"type":"Feature","id":"8656503","geometry":{"type":"Point","coordinates":[-76.5783,34.715]},"properties":{"id":"8656503","name":"Harkers Island Bridge","type":"subordinate","region":"NC","tz":"America/New_York","ref":"8654400"}},{"type":"Feature","id":"9445832","geometry":{"type":"Point","coordinates":[-122.615,47.6517]},"properties":{"id":"9445832","name":"Brownsville, Port Orchard","type":"subordinate","region":"WA","tz":"America/Los_Angeles","ref":"9447130"}},{"type":"Feature","id":"9411340","geometry":{"type":"Point","coordinates":[-119.692494,34.404589]},"properties":{"id":"9411340","name":"Santa Barbara","type":"reference","region":"CA","tz":"America/Los_Angeles","gt_m":1.643}},{"type":"Feature","id":"8720782","geometry":{"type":"Point","coordinates":[-81.6067,29.5717]},"properties":{"id":"8720782","name":"Sutherlands Still, Dunns Creek","type":"subordinate","region":"FL","tz":"America/New_York","ref":"8720218"}},{"type":"Feature","id":"9414483","geometry":{"type":"Point","coordinates":[-122.243,37.5517]},"properties":{"id":"9414483","name":"Bay Slough, west end","type":"subordinate","region":"CA","tz":"America/Los_Angeles","ref":"9414290"}},{"type":"Feature","id":"8726034","geometry":{"type":"Point","coordinates":[-82.565002,27.283899]},"properties":{"id":"8726034","name":"Siesta Key, Big Sarasota Pass","type":"reference","region":"FL","tz":"America/New_York","gt_m":0.618}},{"type":"Feature","id":"8666699","geometry":{"type":"Point","coordinates":[-80.2567,32.6467]},"properties":{"id":"8666699","name":"Bluff Point","type":"subordinate","region":"SC","tz":"America/New_York","ref":"8665530"}},{"type":"Feature","id":"8669103","geometry":{"type":"Point","coordinates":[-80.8617,32.23]},"properties":{"id":"8669103","name":"Bluffton","type":"subordinate","region":"SC","tz":"America/New_York","ref":"8670870"}},{"type":"Feature","id":"9462239","geometry":{"type":"Point","coordinates":[-169.862,52.8617]},"properties":{"id":"9462239","name":"Applegate Cove, Chuginadak Island","type":"subordinate","region":"AK","tz":"America/Adak","ref":"9462620"}},{"type":"Feature","id":"TWC1657","geometry":{"type":"Point","coordinates":[-132.633333,56.666667]},"properties":{"id":"TWC1657","name":"Ideal Cove, Mitkof Island","type":"subordinate","region":"AK","tz":"America/Sitka","ref":"9452210"}},{"type":"Feature","id":"8764931","geometry":{"type":"Point","coordinates":[-91.7133,29.735]},"properties":{"id":"8764931","name":"Cote Blanche Island, West Cote Blanche Bay","type":"subordinate","region":"LA","tz":"America/Chicago","ref":"8771450"}},{"type":"Feature","id":"8454049","geometry":{"type":"Point","coordinates":[-71.411003,41.5868]},"properties":{"id":"8454049","name":"Quonset Point","type":"reference","region":"RI","tz":"America/New_York","gt_m":1.251}},{"type":"Feature","id":"8724493","geometry":{"type":"Point","coordinates":[-81.7083,24.575]},"properties":{"id":"8724493","name":"Boca Chica Marina","type":"reference","region":"FL","tz":"America/New_York","gt_m":0.381}},{"type":"Feature","id":"9458779","geometry":{"type":"Point","coordinates":[-157.812,56.3517]},"properties":{"id":"9458779","name":"Nakchamik Island","type":"subordinate","region":"AK","tz":"America/Anchorage","ref":"9457292"}},{"type":"Feature","id":"9454507","geometry":{"type":"Point","coordinates":[-147.223,60.88]},"properties":{"id":"9454507","name":"Jackson Cove, Glacier Island","type":"subordinate","region":"AK","tz":"America/Anchorage","ref":"9454050"}},{"type":"Feature","id":"9462944","geometry":{"type":"Point","coordinates":[-163.507,55.01]},"properties":{"id":"9462944","name":"St. Catherine Cove","type":"subordinate","region":"AK","tz":"America/Nome","ref":"9462620"}},{"type":"Feature","id":"9459522","geometry":{"type":"Point","coordinates":[-160.84,55.4733]},"properties":{"id":"9459522","name":"Beaver Bay","type":"subordinate","region":"AK","tz":"America/Anchorage","ref":"9457292"}},{"type":"Feature","id":"TPT2877","geometry":{"type":"Point","coordinates":[-179.81,-18.966667]},"properties":{"id":"TPT2877","name":"Totoya Island","type":"subordinate","region":null,"tz":"Pacific/Fiji","ref":"1910000"}},{"type":"Feature","id":"9462694","geometry":{"type":"Point","coordinates":[-165.777306,54.133278]},"properties":{"id":"9462694","name":"Akutan, Akutan Island","type":"reference","region":"AK","tz":"America/Nome","gt_m":1.138}},{"type":"Feature","id":"TWC1673","geometry":{"type":"Point","coordinates":[-133.466667,57.3]},"properties":{"id":"TWC1673","name":"Port Houghton, Robert Islands","type":"subordinate","region":"AK","tz":"America/Juneau","ref":"9452210"}},{"type":"Feature","id":"8671489","geometry":{"type":"Point","coordinates":[-81.289803,31.943001]},"properties":{"id":"8671489","name":"Richmond Hill, Ogeechee River","type":"reference","region":"GA","tz":"America/New_York","gt_m":1.589}},{"type":"Feature","id":"8656496","geometry":{"type":"Point","coordinates":[-76.695,34.7183]},"properties":{"id":"8656496","name":"Morehead City","type":"subordinate","region":"NC","tz":"America/New_York","ref":"8654400"}},{"type":"Feature","id":"8726384","geometry":{"type":"Point","coordinates":[-82.562103,27.6387]},"properties":{"id":"8726384","name":"Port Manatee","type":"reference","region":"FL","tz":"America/New_York","gt_m":0.663}},{"type":"Feature","id":"8575787","geometry":{"type":"Point","coordinates":[-76.54,38.8867]},"properties":{"id":"8575787","name":"Rhode River (County Wharf)","type":"subordinate","region":"MD","tz":"America/New_York","ref":"8574680"}},{"type":"Feature","id":"9446486","geometry":{"type":"Point","coordinates":[-122.552,47.2717]},"properties":{"id":"9446486","name":"Tacoma Narrows Bridge","type":"subordinate","region":"WA","tz":"America/Los_Angeles","ref":"9447130"}},{"type":"Feature","id":"8414776","geometry":{"type":"Point","coordinates":[-68.84,44.0433]},"properties":{"id":"8414776","name":"Vinalhaven, Vinalhaven Island","type":"subordinate","region":"ME","tz":"America/New_York","ref":"8413320"}},{"type":"Feature","id":"8422687","geometry":{"type":"Point","coordinates":[-70.9133,43.0533]},"properties":{"id":"8422687","name":"Squamscott River RR. Bridge","type":"subordinate","region":"NH","tz":"America/New_York","ref":"8418150"}},{"type":"Feature","id":"8722212","geometry":{"type":"Point","coordinates":[-80.2883,27.47]},"properties":{"id":"8722212","name":"Fort Pierce Inlet, south jetty","type":"subordinate","region":"FL","tz":"America/New_York","ref":"8723178"}},{"type":"Feature","id":"8735391","geometry":{"type":"Point","coordinates":[-88.087997,30.565201]},"properties":{"id":"8735391","name":"Dog River Bridge","type":"reference","region":"AL","tz":"America/Chicago","gt_m":0.5}},{"type":"Feature","id":"9467861","geometry":{"type":"Point","coordinates":[-163.526505,63.037899]},"properties":{"id":"9467861","name":"Kotlik, Kotlik River","type":"reference","region":"AK","tz":"America/Nome","gt_m":0.981}},{"type":"Feature","id":"9459398","geometry":{"type":"Point","coordinates":[-160.36,55.3617]},"properties":{"id":"9459398","name":"Pirate Cove, Popof Island","type":"subordinate","region":"AK","tz":"America/Anchorage","ref":"9459450"}},{"type":"Feature","id":"8667295","geometry":{"type":"Point","coordinates":[-80.454399,32.558701]},"properties":{"id":"8667295","name":"White House Woods, Mosquito Creek","type":"reference","region":"SC","tz":"America/New_York","gt_m":1.946}},{"type":"Feature","id":"8724266","geometry":{"type":"Point","coordinates":[-81.435,24.6517]},"properties":{"id":"8724266","name":"Summerland Key, Niles Channel South","type":"subordinate","region":"FL","tz":"America/New_York","ref":"8724580"}},{"type":"Feature","id":"9455506","geometry":{"type":"Point","coordinates":[-151.357,59.4317]},"properties":{"id":"9455506","name":"Tutka Bay,Kachemak Bay","type":"subordinate","region":"AK","tz":"America/Anchorage","ref":"9455500"}},{"type":"Feature","id":"8665726","geometry":{"type":"Point","coordinates":[-79.8983,32.7517]},"properties":{"id":"8665726","name":"Fort Johnson","type":"subordinate","region":"SC","tz":"America/New_York","ref":"8665530"}},{"type":"Feature","id":"8724422","geometry":{"type":"Point","coordinates":[-81.6217,24.6]},"properties":{"id":"8724422","name":"Saddlebunch Keys, Similar Sound","type":"subordinate","region":"FL","tz":"America/New_York","ref":"8724580"}},{"type":"Feature","id":"9450906","geometry":{"type":"Point","coordinates":[-132.862,56.0467]},"properties":{"id":"9450906","name":"Beck Island, Clarence Strait","type":"subordinate","region":"AK","tz":"America/Sitka","ref":"9450460"}},{"type":"Feature","id":"8635150","geometry":{"type":"Point","coordinates":[-76.96,38.2517]},"properties":{"id":"8635150","name":"Colonial Beach, Va.","type":"reference","region":"VA","tz":"America/New_York","gt_m":0.591}},{"type":"Feature","id":"9450851","geometry":{"type":"Point","coordinates":[-133.325,55.9367]},"properties":{"id":"9450851","name":"El Capitan Island","type":"subordinate","region":"AK","tz":"America/Sitka","ref":"9451600"}},{"type":"Feature","id":"8722105","geometry":{"type":"Point","coordinates":[-80.36,27.67]},"properties":{"id":"8722105","name":"Vero Beach (ocean)","type":"subordinate","region":"FL","tz":"America/New_York","ref":"8723178"}},{"type":"Feature","id":"8536110","geometry":{"type":"Point","coordinates":[-74.959999,38.9683]},"properties":{"id":"8536110","name":"Cape May, ferry terminal","type":"reference","region":"NJ","tz":"America/New_York","gt_m":1.659}},{"type":"Feature","id":"8727306","geometry":{"type":"Point","coordinates":[-82.6583,28.825]},"properties":{"id":"8727306","name":"Ozello, St. Martins River","type":"reference","region":"FL","tz":"America/New_York","gt_m":0.226}},{"type":"Feature","id":"8667067","geometry":{"type":"Point","coordinates":[-80.3883,32.6033]},"properties":{"id":"8667067","name":"Pine Landing","type":"subordinate","region":"SC","tz":"America/New_York","ref":"8670870"}},{"type":"Feature","id":"8571269","geometry":{"type":"Point","coordinates":[-75.8383,38.1083]},"properties":{"id":"8571269","name":"Teague Creek, Manokin River","type":"subordinate","region":"MD","tz":"America/New_York","ref":"8638863"}},{"type":"Feature","id":"9458293","geometry":{"type":"Point","coordinates":[-155.74,55.8083]},"properties":{"id":"9458293","name":"Chirikof Island","type":"reference","region":"AK","tz":"America/Anchorage","gt_m":2.672}},{"type":"Feature","id":"8722472","geometry":{"type":"Point","coordinates":[-80.1417,26.9867]},"properties":{"id":"8722472","name":"Boy Scout Dock","type":"subordinate","region":"FL","tz":"America/New_York","ref":"8723178"}},{"type":"Feature","id":"8724273","geometry":{"type":"Point","coordinates":[-81.45,24.7467]},"properties":{"id":"8724273","name":"Water Keys, south end, Harbor Channel","type":"subordinate","region":"FL","tz":"America/New_York","ref":"8724580"}},{"type":"Feature","id":"8652648","geometry":{"type":"Point","coordinates":[-75.584999,35.776699]},"properties":{"id":"8652648","name":"Old House Channel","type":"reference","region":"NC","tz":"America/New_York","gt_m":0.274}},{"type":"Feature","id":"8419590","geometry":{"type":"Point","coordinates":[-70.6617,43.085]},"properties":{"id":"8419590","name":"Seapoint, Cutts Island","type":"subordinate","region":"ME","tz":"America/New_York","ref":"8418150"}},{"type":"Feature","id":"8639208","geometry":{"type":"Point","coordinates":[-75.9683,36.8317]},"properties":{"id":"8639208","name":"Rudee Inlet entrance","type":"subordinate","region":"VA","tz":"America/New_York","ref":"8651370"}},{"type":"Feature","id":"8727395","geometry":{"type":"Point","coordinates":[-82.7583,29.0017]},"properties":{"id":"8727395","name":"Withlacoochee River entrance","type":"subordinate","region":"FL","tz":"America/New_York","ref":"8727520"}},{"type":"Feature","id":"8679758","geometry":{"type":"Point","coordinates":[-81.4717,30.7633]},"properties":{"id":"8679758","name":"Seacamp Dock, Cumberland Island","type":"reference","region":"GA","tz":"America/New_York","gt_m":2.067}},{"type":"Feature","id":"8443970","geometry":{"type":"Point","coordinates":[-71.050278,42.353889]},"properties":{"id":"8443970","name":"BOSTON","type":"reference","region":"MA","tz":"America/New_York","gt_m":3.131}},{"type":"Feature","id":"8768094","geometry":{"type":"Point","coordinates":[-93.342889,29.768167]},"properties":{"id":"8768094","name":"Calcasieu Pass","type":"reference","region":"LA","tz":"America/Chicago","gt_m":0.551}},{"type":"Feature","id":"1615680","geometry":{"type":"Point","coordinates":[-156.469,20.894944]},"properties":{"id":"1615680","name":"KAHULUI","type":"reference","region":"HI","tz":"Pacific/Honolulu","gt_m":0.686}},{"type":"Feature","id":"TWC1881","geometry":{"type":"Point","coordinates":[-145.966667,60.566667]},"properties":{"id":"TWC1881","name":"Windy Bay, Hawkins Island","type":"subordinate","region":"AK","tz":"America/Anchorage","ref":"9454050"}},{"type":"Feature","id":"8761115","geometry":{"type":"Point","coordinates":[-89.539902,29.350599]},"properties":{"id":"8761115","name":"Bay Pomme D'or","type":"reference","region":"LA","tz":"America/Chicago","gt_m":0.403}},{"type":"Feature","id":"9415396","geometry":{"type":"Point","coordinates":[-122.917,38.19]},"properties":{"id":"9415396","name":"Blakes Landing, Tomales Bay","type":"subordinate","region":"CA","tz":"America/Los_Angeles","ref":"9414290"}},{"type":"Feature","id":"9414866","geometry":{"type":"Point","coordinates":[-121.435,37.935]},"properties":{"id":"9414866","name":"Holt, Whiskey Slough","type":"subordinate","region":"CA","tz":"America/Los_Angeles","ref":"9415144"}},{"type":"Feature","id":"1613077","geometry":{"type":"Point","coordinates":[-156.877,21.0483]},"properties":{"id":"1613077","name":"Kamalo Harbor","type":"subordinate","region":"HI","tz":"Pacific/Honolulu","ref":"1612340"}},{"type":"Feature","id":"8766072","geometry":{"type":"Point","coordinates":[-92.305194,29.551694]},"properties":{"id":"8766072","name":"Freshwater Canal Locks","type":"reference","region":"LA","tz":"America/Chicago","gt_m":0.636}},{"type":"Feature","id":"9446666","geometry":{"type":"Point","coordinates":[-122.938,47.1967]},"properties":{"id":"9446666","name":"Arcadia, Totten Inlet","type":"subordinate","region":"WA","tz":"America/Los_Angeles","ref":"9447130"}},{"type":"Feature","id":"8538438","geometry":{"type":"Point","coordinates":[-75.1767,39.795]},"properties":{"id":"8538438","name":"Mantua, Mantua Creek, N.J.","type":"subordinate","region":"NJ","tz":"America/New_York","ref":"8545240"}},{"type":"Feature","id":"8417227","geometry":{"type":"Point","coordinates":[-69.815,43.925]},"properties":{"id":"8417227","name":"Bath","type":"reference","region":"ME","tz":"America/New_York","gt_m":2.261}},{"type":"Feature","id":"8638464","geometry":{"type":"Point","coordinates":[-77.0983,37.315]},"properties":{"id":"8638464","name":"Willcox Wharf, Charles City","type":"reference","region":"VA","tz":"America/New_York","gt_m":0.766}},{"type":"Feature","id":"8447865","geometry":{"type":"Point","coordinates":[-70.5933,41.545]},"properties":{"id":"8447865","name":"Falmouth Heights","type":"subordinate","region":"MA","tz":"America/New_York","ref":"8443970"}},{"type":"Feature","id":"TWC2223","geometry":{"type":"Point","coordinates":[-170.15,52.716667]},"properties":{"id":"TWC2223","name":"Herbert Island, west side","type":"subordinate","region":null,"tz":"America/Adak","ref":"9462620"}},{"type":"Feature","id":"8664541","geometry":{"type":"Point","coordinates":[-79.9867,32.925]},"properties":{"id":"8664541","name":"Yeamans Hall, Goose Creek","type":"subordinate","region":"SC","tz":"America/New_York","ref":"8665530"}},{"type":"Feature","id":"8519436","geometry":{"type":"Point","coordinates":[-74.14,40.5433]},"properties":{"id":"8519436","name":"Great Kills Harbor","type":"reference","region":"NY","tz":"America/New_York","gt_m":1.666}},{"type":"Feature","id":"8760551","geometry":{"type":"Point","coordinates":[-89.14,28.99]},"properties":{"id":"8760551","name":"SOUTH PASS","type":"reference","region":"LA","tz":"America/Chicago","gt_m":0.374}},{"type":"Feature","id":"8571901","geometry":{"type":"Point","coordinates":[-76.335,38.71]},"properties":{"id":"8571901","name":"Avalon, Dogwood Harbor","type":"subordinate","region":"MD","tz":"America/New_York","ref":"8574680"}},{"type":"Feature","id":"8638379","geometry":{"type":"Point","coordinates":[-76.4333,36.9733]},"properties":{"id":"8638379","name":"Newport News","type":"subordinate","region":"VA","tz":"America/New_York","ref":"8638610"}},{"type":"Feature","id":"8413651","geometry":{"type":"Point","coordinates":[-68.3533,44.2417]},"properties":{"id":"8413651","name":"Bass Harbor","type":"subordinate","region":"ME","tz":"America/New_York","ref":"8413320"}},{"type":"Feature","id":"9415193","geometry":{"type":"Point","coordinates":[-121.684998,38.0867]},"properties":{"id":"9415193","name":"Threemile Slough entrance","type":"reference","region":"CA","tz":"America/Los_Angeles","gt_m":1.042}},{"type":"Feature","id":"8744756","geometry":{"type":"Point","coordinates":[-88.9717,30.2133]},"properties":{"id":"8744756","name":"Ship Island, Mississippi Sound","type":"reference","region":"MS","tz":"America/Chicago","gt_m":0.489}},{"type":"Feature","id":"TWC2187","geometry":{"type":"Point","coordinates":[-167.083333,53.466667]},"properties":{"id":"TWC2187","name":"Kashega Bay","type":"subordinate","region":"AK","tz":"America/Nome","ref":"9462620"}},{"type":"Feature","id":"9451781","geometry":{"type":"Point","coordinates":[-134.133,57.3067]},"properties":{"id":"9451781","name":"Cannery Cove, Pybus Bay","type":"subordinate","region":"AK","tz":"America/Juneau","ref":"9452210"}},{"type":"Feature","id":"8419997","geometry":{"type":"Point","coordinates":[-70.825,43.1917]},"properties":{"id":"8419997","name":"Salmon Falls River","type":"subordinate","region":"NH","tz":"America/New_York","ref":"8418150"}},{"type":"Feature","id":"9461704","geometry":{"type":"Point","coordinates":[-174.207,52.1183]},"properties":{"id":"9461704","name":"Cape Utalug (4 miles west of)","type":"subordinate","region":"AK","tz":"America/Adak","ref":"9461380"}},{"type":"Feature","id":"8726468","geometry":{"type":"Point","coordinates":[-82.48,27.7183]},"properties":{"id":"8726468","name":"Shell Point","type":"subordinate","region":"FL","tz":"America/New_York","ref":"8726520"}},{"type":"Feature","id":"9447717","geometry":{"type":"Point","coordinates":[-122.227194,48.034944]},"properties":{"id":"9447717","name":"Priest Point","type":"reference","region":"WA","tz":"America/Los_Angeles","gt_m":3.338}},{"type":"Feature","id":"8726537","geometry":{"type":"Point","coordinates":[-82.426697,27.786699]},"properties":{"id":"8726537","name":"APOLLO BEACH, HILLSBOROUGH BAY","type":"subordinate","region":"FL","tz":"America/New_York","ref":"8726520"}},{"type":"Feature","id":"9461656","geometry":{"type":"Point","coordinates":[-174.568,52.0733]},"properties":{"id":"9461656","name":"Explorer Bay","type":"subordinate","region":"AK","tz":"America/Adak","ref":"9461380"}},{"type":"Feature","id":"8725283","geometry":{"type":"Point","coordinates":[-81.855003,26.3533]},"properties":{"id":"8725283","name":"Little Hickory Island","type":"reference","region":"FL","tz":"America/New_York","gt_m":0.74}},{"type":"Feature","id":"TPT2709","geometry":{"type":"Point","coordinates":[170.133333,12.25]},"properties":{"id":"TPT2709","name":"Bikar (Dawson) Atoll","type":"subordinate","region":null,"tz":"Pacific/Majuro","ref":"1820000"}},{"type":"Feature","id":"8545530","geometry":{"type":"Point","coordinates":[-75.1383,39.9533]},"properties":{"id":"8545530","name":"Philadelphia, Municipal Pier 11, Pa.","type":"reference","region":"PA","tz":"America/New_York","gt_m":2.08}},{"type":"Feature","id":"8675843","geometry":{"type":"Point","coordinates":[-81.3767,31.3567]},"properties":{"id":"8675843","name":"Threemile Cut entrance, Darien River","type":"subordinate","region":"GA","tz":"America/New_York","ref":"8670870"}},{"type":"Feature","id":"8632200","geometry":{"type":"Point","coordinates":[-75.988403,37.165199]},"properties":{"id":"8632200","name":"Kiptopeke Beach","type":"reference","region":"VA","tz":"America/New_York","gt_m":0.896}},{"type":"Feature","id":"8770743","geometry":{"type":"Point","coordinates":[-95.089996,29.756701]},"properties":{"id":"8770743","name":"Battleship Texas State Park","type":"reference","region":"TX","tz":"America/Chicago"}},{"type":"Feature","id":"8727274","geometry":{"type":"Point","coordinates":[-82.6383,28.7617]},"properties":{"id":"8727274","name":"Mason Creek, Homosassa Bay","type":"reference","region":"FL","tz":"America/New_York","gt_m":0.412}},{"type":"Feature","id":"8593545","geometry":{"type":"Point","coordinates":[-76.9683,38.895]},"properties":{"id":"8593545","name":"Kingman Lake","type":"subordinate","region":"DC","tz":"America/New_York","ref":"8594900"}},{"type":"Feature","id":"8723828","geometry":{"type":"Point","coordinates":[-80.6583,24.8967]},"properties":{"id":"8723828","name":"Upper Matecumbe Key, west end, Hawk Channel","type":"subordinate","region":"FL","tz":"America/New_York","ref":"8724580"}},{"type":"Feature","id":"8638916","geometry":{"type":"Point","coordinates":[-76.07,36.9033]},"properties":{"id":"8638916","name":"Long Creek","type":"subordinate","region":"VA","tz":"America/New_York","ref":"8638863"}},{"type":"Feature","id":"8443838","geometry":{"type":"Point","coordinates":[-71.055,42.3717]},"properties":{"id":"8443838","name":"Charlestown, Charles River entrance","type":"subordinate","region":"MA","tz":"America/New_York","ref":"8443970"}},{"type":"Feature","id":"8463409","geometry":{"type":"Point","coordinates":[-72.475,41.2733]},"properties":{"id":"8463409","name":"Westbrook, Duck Island Roads","type":"subordinate","region":"CT","tz":"America/New_York","ref":"8467150"}},{"type":"Feature","id":"9450406","geometry":{"type":"Point","coordinates":[-133.115005,55.263302]},"properties":{"id":"9450406","name":"Block Island, Tlevak Narrows","type":"subordinate","region":"AK","tz":"America/Sitka","ref":"9451600"}},{"type":"Feature","id":"9450341","geometry":{"type":"Point","coordinates":[-132.87,55.1667]},"properties":{"id":"9450341","name":"South Pass, Sukkwan Strait","type":"subordinate","region":"AK","tz":"America/Sitka","ref":"9451600"}},{"type":"Feature","id":"8535581","geometry":{"type":"Point","coordinates":[-74.764999,39.056702]},"properties":{"id":"8535581","name":"Stone Harbor, Great Channel","type":"reference","region":"NJ","tz":"America/New_York","gt_m":1.445}},{"type":"Feature","id":"8572955","geometry":{"type":"Point","coordinates":[-76.3017,39.0317]},"properties":{"id":"8572955","name":"Love Point","type":"reference","region":"MD","tz":"America/New_York","gt_m":0.513}},{"type":"Feature","id":"8447506","geometry":{"type":"Point","coordinates":[-70.065002,41.665001]},"properties":{"id":"8447506","name":"Wychmere Harbor","type":"subordinate","region":"MA","tz":"America/New_York","ref":"8443970"}},{"type":"Feature","id":"8638776","geometry":{"type":"Point","coordinates":[-76.175,36.9117]},"properties":{"id":"8638776","name":"Little Creek, NAB","type":"subordinate","region":"VA","tz":"America/New_York","ref":"8638863"}},{"type":"Feature","id":"9447110","geometry":{"type":"Point","coordinates":[-122.362,47.585]},"properties":{"id":"9447110","name":"Lockheed Shipyard, Harbor Island","type":"subordinate","region":"WA","tz":"America/Los_Angeles","ref":"9447130"}},{"type":"Feature","id":"9435385","geometry":{"type":"Point","coordinates":[-124.055,44.6267]},"properties":{"id":"9435385","name":"YAQUINA USCG STA, NEWPORT","type":"subordinate","region":"OR","tz":"America/Los_Angeles","ref":"9419750"}},{"type":"Feature","id":"9448043","geometry":{"type":"Point","coordinates":[-122.347278,48.106806]},"properties":{"id":"9448043","name":"Tulare Beach, Port Susan","type":"reference","region":"WA","tz":"America/Los_Angeles","gt_m":3.376}},{"type":"Feature","id":"8729807","geometry":{"type":"Point","coordinates":[-87.141944,30.3275]},"properties":{"id":"8729807","name":"Pensacola Beach Pier","type":"reference","region":"FL","tz":"America/Chicago","gt_m":0.424}},{"type":"Feature","id":"9452336","geometry":{"type":"Point","coordinates":[-134.965,58.4983]},"properties":{"id":"9452336","name":"Lincoln Island","type":"subordinate","region":"AK","tz":"America/Juneau","ref":"9452210"}},{"type":"Feature","id":"9450158","geometry":{"type":"Point","coordinates":[-132.653,54.9]},"properties":{"id":"9450158","name":"Elbow Bay","type":"subordinate","region":"AK","tz":"America/Sitka","ref":"9451600"}},{"type":"Feature","id":"8677832","geometry":{"type":"Point","coordinates":[-81.4233,31.0567]},"properties":{"id":"8677832","name":"Jekyll Island Marina, Jekyll Creek","type":"subordinate","region":"GA","tz":"America/New_York","ref":"8720030"}},{"type":"Feature","id":"8417177","geometry":{"type":"Point","coordinates":[-69.785,43.755]},"properties":{"id":"8417177","name":"Fort Popham, Hunniwell Point","type":"reference","region":"ME","tz":"America/New_York","gt_m":2.817}},{"type":"Feature","id":"8667062","geometry":{"type":"Point","coordinates":[-80.1317,32.6033]},"properties":{"id":"8667062","name":"Kiawah River Bridge","type":"subordinate","region":"SC","tz":"America/New_York","ref":"8665530"}},{"type":"Feature","id":"8729197","geometry":{"type":"Point","coordinates":[-85.858299,30.293301]},"properties":{"id":"8729197","name":"West Bay Creek, West Bay","type":"reference","region":"FL","tz":"America/Chicago","gt_m":0.456}},{"type":"Feature","id":"8722557","geometry":{"type":"Point","coordinates":[-80.055,26.8267]},"properties":{"id":"8722557","name":"North Palm Beach","type":"subordinate","region":"FL","tz":"America/New_York","ref":"8723178"}},{"type":"Feature","id":"9449679","geometry":{"type":"Point","coordinates":[-122.765,48.9917]},"properties":{"id":"9449679","name":"Blaine, Semiahmoo Bay","type":"reference","region":"WA","tz":"America/Los_Angeles","gt_m":2.904}},{"type":"Feature","id":"9458365","geometry":{"type":"Point","coordinates":[-156.052002,57.52]},"properties":{"id":"9458365","name":"Kanatak Lagoon, Portage Bay","type":"subordinate","region":"AK","tz":"America/Anchorage","ref":"9457292"}},{"type":"Feature","id":"8571858","geometry":{"type":"Point","coordinates":[-75.723297,38.544998]},"properties":{"id":"8571858","name":"Sharptown","type":"reference","region":"MD","tz":"America/New_York","gt_m":0.811}},{"type":"Feature","id":"8722219","geometry":{"type":"Point","coordinates":[-80.3233,27.4567]},"properties":{"id":"8722219","name":"Fort Pierce, South Beach Causeway","type":"reference","region":"FL","tz":"America/New_York","gt_m":0.523}},{"type":"Feature","id":"8665424","geometry":{"type":"Point","coordinates":[-79.9517,32.675]},"properties":{"id":"8665424","name":"Folly Creek, Hwy. 171 bridge","type":"subordinate","region":"SC","tz":"America/New_York","ref":"8665530"}},{"type":"Feature","id":"8448566","geometry":{"type":"Point","coordinates":[-70.0467,41.3867]},"properties":{"id":"8448566","name":"Great Point","type":"subordinate","region":"MA","tz":"America/New_York","ref":"8443970"}},{"type":"Feature","id":"8667199","geometry":{"type":"Point","coordinates":[-80.67,32.5783]},"properties":{"id":"8667199","name":"Briars Creek ent., Wimbee Creek, Bull River","type":"subordinate","region":"SC","tz":"America/New_York","ref":"8670870"}},{"type":"Feature","id":"8668837","geometry":{"type":"Point","coordinates":[-80.585,32.2733]},"properties":{"id":"8668837","name":"Capers Island, Trenchards Inlet","type":"subordinate","region":"SC","tz":"America/New_York","ref":"8670870"}},{"type":"Feature","id":"8724919","geometry":{"type":"Point","coordinates":[-81.3633,25.8133]},"properties":{"id":"8724919","name":"Chokoloskee","type":"subordinate","region":"FL","tz":"America/New_York","ref":"8725110"}},{"type":"Feature","id":"8665599","geometry":{"type":"Point","coordinates":[-80.07,32.7683]},"properties":{"id":"8665599","name":"Pennys Creek, west entrance","type":"subordinate","region":"SC","tz":"America/New_York","ref":"8665530"}},{"type":"Feature","id":"8724353","geometry":{"type":"Point","coordinates":[-81.54,24.655]},"properties":{"id":"8724353","name":"Park Channel Bridge","type":"subordinate","region":"FL","tz":"America/New_York","ref":"8724580"}},{"type":"Feature","id":"8774652","geometry":{"type":"Point","coordinates":[-97.195602,28.0683]},"properties":{"id":"8774652","name":"Bayside, Copano Bay","type":"reference","region":"TX","tz":"America/Chicago","gt_m":0.126}},{"type":"Feature","id":"1611443","geometry":{"type":"Point","coordinates":[-159.335,21.995]},"properties":{"id":"1611443","name":"Hanamaulu Bay","type":"subordinate","region":"HI","tz":"Pacific/Honolulu","ref":"1611400"}},{"type":"Feature","id":"TEC3023","geometry":{"type":"Point","coordinates":[-79.583333,32.933333]},"properties":{"id":"TEC3023","name":"Jack Creek entrance","type":"subordinate","region":"SC","tz":"America/New_York","ref":"8665530"}},{"type":"Feature","id":"8417874","geometry":{"type":"Point","coordinates":[-70.14,43.7517]},"properties":{"id":"8417874","name":"Doyle Point","type":"subordinate","region":"ME","tz":"America/New_York","ref":"8418150"}},{"type":"Feature","id":"9451152","geometry":{"type":"Point","coordinates":[-132.169,56.3922]},"properties":{"id":"9451152","name":"Madan Bay","type":"reference","region":"AK","tz":"America/Sitka","gt_m":4.947}},{"type":"Feature","id":"TEC3425","geometry":{"type":"Point","coordinates":[-81.166667,31.816667]},"properties":{"id":"TEC3425","name":"Florida Passage, Bear River","type":"subordinate","region":"GA","tz":"America/New_York","ref":"8670870"}},{"type":"Feature","id":"9451238","geometry":{"type":"Point","coordinates":[-132.542,56.5217]},"properties":{"id":"9451238","name":"Greys Island","type":"subordinate","region":"AK","tz":"America/Sitka","ref":"9450460"}},{"type":"Feature","id":"8761742","geometry":{"type":"Point","coordinates":[-89.980003,29.3183]},"properties":{"id":"8761742","name":"Mendicant Island, Barataria Bay","type":"reference","region":"LA","tz":"America/Chicago","gt_m":0.305}},{"type":"Feature","id":"9439054","geometry":{"type":"Point","coordinates":[-123.678,46.175]},"properties":{"id":"9439054","name":"Settlers Point, Oreg.","type":"subordinate","region":"OR","tz":"America/Los_Angeles","ref":"9439040"}},{"type":"Feature","id":"8558690","geometry":{"type":"Point","coordinates":[-75.07,38.61]},"properties":{"id":"8558690","name":"Indian River Inlet (Coast Guard Station)","type":"reference","region":"DE","tz":"America/New_York","gt_m":0.895}},{"type":"Feature","id":"9445901","geometry":{"type":"Point","coordinates":[-122.66,47.61]},"properties":{"id":"9445901","name":"Tracyton, Dyes Inlet","type":"subordinate","region":"WA","tz":"America/Los_Angeles","ref":"9447130"}},{"type":"Feature","id":"9459895","geometry":{"type":"Point","coordinates":[-162.378,55.1183]},"properties":{"id":"9459895","name":"Lenard Harbor, Cold Bay","type":"subordinate","region":"AK","tz":"America/Nome","ref":"9459450"}},{"type":"Feature","id":"9452629","geometry":{"type":"Point","coordinates":[-136.325,58.2633]},"properties":{"id":"9452629","name":"Inian Cove, North Inian Pass","type":"subordinate","region":"AK","tz":"America/Juneau","ref":"9452634"}},{"type":"Feature","id":"9451054","geometry":{"type":"Point","coordinates":[-134.647,56.2467]},"properties":{"id":"9451054","name":"Port Alexander, Baranof Island","type":"reference","region":"AK","tz":"America/Sitka","gt_m":3.333}},{"type":"Feature","id":"8535375","geometry":{"type":"Point","coordinates":[-74.7167,39.1217]},"properties":{"id":"8535375","name":"Ocean Drive bridge","type":"reference","region":"NJ","tz":"America/New_York","gt_m":1.38}},{"type":"Feature","id":"9414449","geometry":{"type":"Point","coordinates":[-122.313,37.5917]},"properties":{"id":"9414449","name":"Coyote Point Marina","type":"subordinate","region":"CA","tz":"America/Los_Angeles","ref":"9414290"}},{"type":"Feature","id":"8722588","geometry":{"type":"Point","coordinates":[-80.0517,26.77]},"properties":{"id":"8722588","name":"Port of Palm Beach","type":"reference","region":"FL","tz":"America/New_York","gt_m":0.928}},{"type":"Feature","id":"TWC1697","geometry":{"type":"Point","coordinates":[-134.6,58.316667]},"properties":{"id":"TWC1697","name":"Fritz Cove, Douglas Island","type":"subordinate","region":"AK","tz":"America/Juneau","ref":"9452210"}},{"type":"Feature","id":"8536551","geometry":{"type":"Point","coordinates":[-74.8683,39.1183]},"properties":{"id":"8536551","name":"Bidwell Creek, Route 47 bridge","type":"subordinate","region":"NJ","tz":"America/New_York","ref":"8557380"}},{"type":"Feature","id":"8519483","geometry":{"type":"Point","coordinates":[-74.146306,40.639111]},"properties":{"id":"8519483","name":"Bayonne Bridge, Bergen Point","type":"reference","region":"NY","tz":"America/New_York","gt_m":1.681}},{"type":"Feature","id":"8745375","geometry":{"type":"Point","coordinates":[-89.0533,30.4267]},"properties":{"id":"8745375","name":"Turkey Creek, Bernard Bayou","type":"subordinate","region":"MS","tz":"America/Chicago","ref":"8760551"}},{"type":"Feature","id":"9462641","geometry":{"type":"Point","coordinates":[-166.257,53.925]},"properties":{"id":"9462641","name":"English Bay","type":"subordinate","region":"AK","tz":"America/Nome","ref":"9462620"}},{"type":"Feature","id":"9464961","geometry":{"type":"Point","coordinates":[-159.151993,58.521702]},"properties":{"id":"9464961","name":"Cape Constantine, Nushagak Penninsula","type":"reference","region":"AK","tz":"America/Anchorage","gt_m":3.401}},{"type":"Feature","id":"9468132","geometry":{"type":"Point","coordinates":[-162.026993,63.474998]},"properties":{"id":"9468132","name":"St. Michael","type":"subordinate","region":"AK","tz":"America/Nome","ref":"9468333"}},{"type":"Feature","id":"9415021","geometry":{"type":"Point","coordinates":[-121.419998,37.994999]},"properties":{"id":"9415021","name":"Blackslough Landing","type":"reference","region":"CA","tz":"America/Los_Angeles","gt_m":1.108}},{"type":"Feature","id":"9462501","geometry":{"type":"Point","coordinates":[-167.533,53.395]},"properties":{"id":"9462501","name":"Chernofski Harbor","type":"subordinate","region":"AK","tz":"America/Nome","ref":"9462620"}},{"type":"Feature","id":"9450584","geometry":{"type":"Point","coordinates":[-133.315,55.5417]},"properties":{"id":"9450584","name":"Cruz Pass, San Fernando Island","type":"subordinate","region":"AK","tz":"America/Sitka","ref":"9451600"}},{"type":"Feature","id":"8656467","geometry":{"type":"Point","coordinates":[-76.8033,34.725]},"properties":{"id":"8656467","name":"SpoonersCreek","type":"reference","region":"NC","tz":"America/New_York","gt_m":0.596}},{"type":"Feature","id":"9413651","geometry":{"type":"Point","coordinates":[-121.7453,36.841301]},"properties":{"id":"9413651","name":"Kirby Park, Elkhorn Slough","type":"reference","region":"CA","tz":"America/Los_Angeles","gt_m":1.68}},{"type":"Feature","id":"8573343","geometry":{"type":"Point","coordinates":[-76.0633,39.2067]},"properties":{"id":"8573343","name":"Chestertown","type":"subordinate","region":"MD","tz":"America/New_York","ref":"8574680"}},{"type":"Feature","id":"8728694","geometry":{"type":"Point","coordinates":[-84.8983,29.785]},"properties":{"id":"8728694","name":"WHITE BEACH, EAST BAY","type":"reference","region":"FL","tz":"America/New_York","gt_m":0.602}},{"type":"Feature","id":"8455189","geometry":{"type":"Point","coordinates":[-71.8317,41.3817]},"properties":{"id":"8455189","name":"Westerly, Pawcatuck River","type":"subordinate","region":"CT","tz":"America/New_York","ref":"8461490"}},{"type":"Feature","id":"8724503","geometry":{"type":"Point","coordinates":[-81.7217,24.5767]},"properties":{"id":"8724503","name":"Boca Chica Channel Bridge","type":"subordinate","region":"FL","tz":"America/New_York","ref":"8724580"}},{"type":"Feature","id":"8669277","geometry":{"type":"Point","coordinates":[-81,32.195]},"properties":{"id":"8669277","name":"Cook Landing Cemetery","type":"subordinate","region":"SC","tz":"America/New_York","ref":"8670870"}},{"type":"Feature","id":"TEC3491","geometry":{"type":"Point","coordinates":[-81.316667,31.333333]},"properties":{"id":"TEC3491","name":"Wolf Island, south end","type":"subordinate","region":"GA","tz":"America/New_York","ref":"8670870"}},{"type":"Feature","id":"8722375","geometry":{"type":"Point","coordinates":[-80.1567,27.1583]},"properties":{"id":"8722375","name":"South Point, St. Lucie Inlet","type":"reference","region":"FL","tz":"America/New_York","gt_m":0.709}},{"type":"Feature","id":"9445272","geometry":{"type":"Point","coordinates":[-122.858,47.8]},"properties":{"id":"9445272","name":"Quilcene, Quilcene Bay, Dabob Bay","type":"subordinate","region":"WA","tz":"America/Los_Angeles","ref":"9447130"}},{"type":"Feature","id":"9414849","geometry":{"type":"Point","coordinates":[-122.358,37.91]},"properties":{"id":"9414849","name":"Richmond Inner Harbor","type":"subordinate","region":"CA","tz":"America/Los_Angeles","ref":"9414290"}},{"type":"Feature","id":"8663539","geometry":{"type":"Point","coordinates":[-79.9533,33.095]},"properties":{"id":"8663539","name":"Pimlico, West Branch","type":"subordinate","region":"SC","tz":"America/New_York","ref":"8665530"}},{"type":"Feature","id":"8448251","geometry":{"type":"Point","coordinates":[-70.8567,41.4483]},"properties":{"id":"8448251","name":"Quicks Hole, North side","type":"subordinate","region":"MA","tz":"America/New_York","ref":"8452660"}},{"type":"Feature","id":"8632837","geometry":{"type":"Point","coordinates":[-76.014999,37.5383]},"properties":{"id":"8632837","name":"Rappahannock Light","type":"reference","region":"VA","tz":"America/New_York","gt_m":0.571}},{"type":"Feature","id":"TWC0293","geometry":{"type":"Point","coordinates":[-89.949997,0.317]},"properties":{"id":"TWC0293","name":"Bahia de Darwin, Isla Genovesa","type":"subordinate","region":null,"tz":"Pacific/Galapagos","ref":"9992401"}},{"type":"Feature","id":"8534212","geometry":{"type":"Point","coordinates":[-74.4617,39.5483]},"properties":{"id":"8534212","name":"Chestnut Neck Boat Yard","type":"subordinate","region":"NJ","tz":"America/New_York","ref":"8531680"}},{"type":"Feature","id":"8774230","geometry":{"type":"Point","coordinates":[-96.794998,28.2283]},"properties":{"id":"8774230","name":"Aransas Wildlife Refuge","type":"reference","region":"TX","tz":"America/Chicago","gt_m":0.101}},{"type":"Feature","id":"8463348","geometry":{"type":"Point","coordinates":[-72.465,41.4517]},"properties":{"id":"8463348","name":"Tylerville","type":"subordinate","region":"CT","tz":"America/New_York","ref":"8461490"}},{"type":"Feature","id":"9414792","geometry":{"type":"Point","coordinates":[-122.417,37.8267]},"properties":{"id":"9414792","name":"Alcatraz Island","type":"subordinate","region":"CA","tz":"America/Los_Angeles","ref":"9414290"}},{"type":"Feature","id":"8724542","geometry":{"type":"Point","coordinates":[-81.775,24.585]},"properties":{"id":"8724542","name":"Sigsbee Park, Garrison Bight Channel","type":"subordinate","region":"FL","tz":"America/New_York","ref":"8724580"}},{"type":"Feature","id":"9415095","geometry":{"type":"Point","coordinates":[-121.583,38.0333]},"properties":{"id":"9415095","name":"Irish Landing, Sand Mound Slough","type":"subordinate","region":"CA","tz":"America/Los_Angeles","ref":"9415144"}},{"type":"Feature","id":"8530398","geometry":{"type":"Point","coordinates":[-74.03,40.85]},"properties":{"id":"8530398","name":"Ridgefield Park","type":"subordinate","region":"NJ","tz":"America/New_York","ref":"8518750"}},{"type":"Feature","id":"8729816","geometry":{"type":"Point","coordinates":[-87.161697,30.514999]},"properties":{"id":"8729816","name":"Lora Point, Escambia Bay","type":"reference","region":"FL","tz":"America/Chicago","gt_m":0.429}},{"type":"Feature","id":"8725019","geometry":{"type":"Point","coordinates":[-81.7683,26.025]},"properties":{"id":"8725019","name":"Keewaydin island (inside)","type":"reference","region":"FL","tz":"America/New_York","gt_m":0.795}},{"type":"Feature","id":"9414402","geometry":{"type":"Point","coordinates":[-122.377,37.65]},"properties":{"id":"9414402","name":"Point San Bruno","type":"subordinate","region":"CA","tz":"America/Los_Angeles","ref":"9414290"}},{"type":"Feature","id":"8667909","geometry":{"type":"Point","coordinates":[-80.7317,32.45]},"properties":{"id":"8667909","name":"Albergottie Creek, Rt. 21 bridge","type":"subordinate","region":"SC","tz":"America/New_York","ref":"8670870"}},{"type":"Feature","id":"8737138","geometry":{"type":"Point","coordinates":[-88.073601,30.7819]},"properties":{"id":"8737138","name":"William Brooks Park, Chichasaw Creek","type":"reference","region":"AL","tz":"America/Chicago","gt_m":0.525}},{"type":"Feature","id":"8724255","geometry":{"type":"Point","coordinates":[-81.4233,24.66]},"properties":{"id":"8724255","name":"Ramrod Key, Niles Channel Bridge","type":"subordinate","region":"FL","tz":"America/New_York","ref":"8724580"}},{"type":"Feature","id":"9445269","geometry":{"type":"Point","coordinates":[-122.822,47.7117]},"properties":{"id":"9445269","name":"Zelatched Point, Dabob Bay","type":"subordinate","region":"WA","tz":"America/Los_Angeles","ref":"9447130"}},{"type":"Feature","id":"8730667","geometry":{"type":"Point","coordinates":[-87.555,30.278611]},"properties":{"id":"8730667","name":"Alabama Point","type":"reference","region":"AL","tz":"America/Chicago","gt_m":0.262}},{"type":"Feature","id":"8535309","geometry":{"type":"Point","coordinates":[-74.75,39.1467]},"properties":{"id":"8535309","name":"Townsend Sound","type":"subordinate","region":"NJ","tz":"America/New_York","ref":"8534720"}},{"type":"Feature","id":"9440813","geometry":{"type":"Point","coordinates":[-123.91,46.5867]},"properties":{"id":"9440813","name":"Palix River, south fork","type":"subordinate","region":"WA","tz":"America/Los_Angeles","ref":"9440910"}},{"type":"Feature","id":"8676722","geometry":{"type":"Point","coordinates":[-81.5717,31.225]},"properties":{"id":"8676722","name":"Dillard Creek","type":"subordinate","region":"GA","tz":"America/New_York","ref":"8670870"}},{"type":"Feature","id":"8721164","geometry":{"type":"Point","coordinates":[-80.9183,29.0233]},"properties":{"id":"8721164","name":"New Smyrna Beach","type":"reference","region":"FL","tz":"America/New_York","gt_m":0.849}},{"type":"Feature","id":"8761687","geometry":{"type":"Point","coordinates":[-89.945,29.275]},"properties":{"id":"8761687","name":"Barataria Pass","type":"subordinate","region":"LA","tz":"America/Chicago","ref":"8761724"}},{"type":"Feature","id":"8720305","geometry":{"type":"Point","coordinates":[-81.43,30.2533]},"properties":{"id":"8720305","name":"Oak Landing, ICWW","type":"subordinate","region":"FL","tz":"America/New_York","ref":"8720030"}},{"type":"Feature","id":"9445958","geometry":{"type":"Point","coordinates":[-122.623001,47.561699]},"properties":{"id":"9445958","name":"Bremerton, Sinclair Inlet, Port Orchard","type":"reference","region":"WA","tz":"America/Los_Angeles","gt_m":3.571}},{"type":"Feature","id":"8668511","geometry":{"type":"Point","coordinates":[-80.8567,32.3417]},"properties":{"id":"8668511","name":"Callawassie Island Bridge, Colleton River","type":"subordinate","region":"SC","tz":"America/New_York","ref":"8670870"}},{"type":"Feature","id":"8515014","geometry":{"type":"Point","coordinates":[-73.22,40.635]},"properties":{"id":"8515014","name":"Fire Island Light","type":"subordinate","region":"NY","tz":"America/New_York","ref":"8531680"}},{"type":"Feature","id":"9440723","geometry":{"type":"Point","coordinates":[-123.945,46.4683]},"properties":{"id":"9440723","name":"Paradise Point, Long Island","type":"subordinate","region":"WA","tz":"America/Los_Angeles","ref":"9440910"}},{"type":"Feature","id":"8761431","geometry":{"type":"Point","coordinates":[-89.763361,29.566694]},"properties":{"id":"8761431","name":"Rat Bayou","type":"reference","region":"LA","tz":"America/Chicago","gt_m":0.161}},{"type":"Feature","id":"8761529","geometry":{"type":"Point","coordinates":[-89.835,29.945]},"properties":{"id":"8761529","name":"MARTELLO CASTLE, LAKE BORGNE","type":"reference","region":"LA","tz":"America/Chicago","gt_m":0.419}},{"type":"Feature","id":"8771450","geometry":{"type":"Point","coordinates":[-94.793306,29.31]},"properties":{"id":"8771450","name":"GALVESTON, Galveston Channel","type":"reference","region":"TX","tz":"America/Chicago","gt_m":0.429}},{"type":"Feature","id":"8447416","geometry":{"type":"Point","coordinates":[-70.72,41.695]},"properties":{"id":"8447416","name":"Piney Point","type":"reference","region":"MA","tz":"America/New_York","gt_m":1.329}},{"type":"Feature","id":"8518687","geometry":{"type":"Point","coordinates":[-73.9583,40.7583]},"properties":{"id":"8518687","name":"Queensboro Bridge","type":"reference","region":"NY","tz":"America/New_York","gt_m":1.484}},{"type":"Feature","id":"9410599","geometry":{"type":"Point","coordinates":[-117.958,33.63]},"properties":{"id":"9410599","name":"Santa Ana River entrance (inside)","type":"subordinate","region":"CA","tz":"America/Los_Angeles","ref":"9410660"}},{"type":"Feature","id":"8518919","geometry":{"type":"Point","coordinates":[-73.87,41.0783]},"properties":{"id":"8518919","name":"Tarrytown","type":"subordinate","region":"NY","tz":"America/New_York","ref":"8518750"}},{"type":"Feature","id":"9449828","geometry":{"type":"Point","coordinates":[-123.17,48.5817]},"properties":{"id":"9449828","name":"Hanbury Point, Mosquito Pass, San Juan I.","type":"reference","region":"WA","tz":"America/Los_Angeles","gt_m":2.324}},{"type":"Feature","id":"8536764","geometry":{"type":"Point","coordinates":[-74.915,39.1883]},"properties":{"id":"8536764","name":"West Creek, 0.7 n.mi. above entrance","type":"subordinate","region":"NJ","tz":"America/New_York","ref":"8557380"}},{"type":"Feature","id":"TWC2085","geometry":{"type":"Point","coordinates":[-152.95,58.183333]},"properties":{"id":"TWC2085","name":"Malina Bay, Shelikof Strait","type":"subordinate","region":"AK","tz":"America/Anchorage","ref":"9455500"}},{"type":"Feature","id":"9451936","geometry":{"type":"Point","coordinates":[-135.555,57.515]},"properties":{"id":"9451936","name":"Povorotni Island, Pogibshi Point","type":"reference","region":"AK","tz":"America/Sitka","gt_m":4.615}},{"type":"Feature","id":"8533391","geometry":{"type":"Point","coordinates":[-74.1733,39.825]},"properties":{"id":"8533391","name":"Forked River","type":"subordinate","region":"NJ","tz":"America/New_York","ref":"8531680"}},{"type":"Feature","id":"8722494","geometry":{"type":"Point","coordinates":[-80.12,26.9433]},"properties":{"id":"8722494","name":"Southwest Fork, 0.5 mile above entrance","type":"subordinate","region":"FL","tz":"America/New_York","ref":"8723178"}},{"type":"Feature","id":"8724205","geometry":{"type":"Point","coordinates":[-81.3617,24.7333]},"properties":{"id":"8724205","name":"Mayo Key, Big Spanish Channel","type":"subordinate","region":"FL","tz":"America/New_York","ref":"8724580"}},{"type":"Feature","id":"8724238","geometry":{"type":"Point","coordinates":[-81.4033,24.6233]},"properties":{"id":"8724238","name":"Munson Island, Newfound Harbor Channel","type":"subordinate","region":"FL","tz":"America/New_York","ref":"8724580"}},{"type":"Feature","id":"9461555","geometry":{"type":"Point","coordinates":[-175.32,52.0067]},"properties":{"id":"9461555","name":"Atka Pass, east end","type":"subordinate","region":"AK","tz":"America/Adak","ref":"9461380"}},{"type":"Feature","id":"8764706","geometry":{"type":"Point","coordinates":[-91.5933,29.42]},"properties":{"id":"8764706","name":"Rabbit Island, 5 miles south of","type":"subordinate","region":"LA","tz":"America/Chicago","ref":"8771450"}},{"type":"Feature","id":"8461467","geometry":{"type":"Point","coordinates":[-72.0933,41.43]},"properties":{"id":"8461467","name":"Yale boathouse","type":"subordinate","region":"CT","tz":"America/New_York","ref":"8461490"}},{"type":"Feature","id":"8446166","geometry":{"type":"Point","coordinates":[-70.67,42.0383]},"properties":{"id":"8446166","name":"Duxbury, Duxbury Harbor","type":"reference","region":"MA","tz":"America/New_York","gt_m":3.255}},{"type":"Feature","id":"8447386","geometry":{"type":"Point","coordinates":[-71.164101,41.7043]},"properties":{"id":"8447386","name":"Fall River, Massachusetts","type":"reference","region":"MA","tz":"America/New_York","gt_m":1.456}},{"type":"Feature","id":"8665101","geometry":{"type":"Point","coordinates":[-79.9867,32.835]},"properties":{"id":"8665101","name":"Cosgrove Bridge","type":"subordinate","region":"SC","tz":"America/New_York","ref":"8665530"}},{"type":"Feature","id":"8770733","geometry":{"type":"Point","coordinates":[-95.0783,29.765]},"properties":{"id":"8770733","name":"Lynchburg Landing, San Jacinto River","type":"reference","region":"TX","tz":"America/Chicago","gt_m":0.453}},{"type":"Feature","id":"8638449","geometry":{"type":"Point","coordinates":[-76.9483,37.2317]},"properties":{"id":"8638449","name":"Claremont","type":"subordinate","region":"VA","tz":"America/New_York","ref":"8638610"}},{"type":"Feature","id":"9410092","geometry":{"type":"Point","coordinates":[-118.503,33.4317]},"properties":{"id":"9410092","name":"Catalina Harbor, Santa Catalina Island","type":"subordinate","region":"CA","tz":"America/Los_Angeles","ref":"9410660"}},{"type":"Feature","id":"9446800","geometry":{"type":"Point","coordinates":[-122.903,47.1417]},"properties":{"id":"9446800","name":"Dofflemeyer Point, Boston Hbr., Budd Inlet","type":"subordinate","region":"WA","tz":"America/Los_Angeles","ref":"9447130"}},{"type":"Feature","id":"8729015","geometry":{"type":"Point","coordinates":[-85.464996,30.030001]},"properties":{"id":"8729015","name":"Allanton, East Bay","type":"subordinate","region":"FL","tz":"America/Chicago","ref":"8729840"}},{"type":"Feature","id":"9454794","geometry":{"type":"Point","coordinates":[-148.165,60.6233]},"properties":{"id":"9454794","name":"Applegate Island","type":"subordinate","region":"AK","tz":"America/Anchorage","ref":"9454050"}},{"type":"Feature","id":"8447712","geometry":{"type":"Point","coordinates":[-70.9,41.5933]},"properties":{"id":"8447712","name":"Clarks Point","type":"reference","region":"MA","tz":"America/New_York","gt_m":1.206}},{"type":"Feature","id":"8775237","geometry":{"type":"Point","coordinates":[-97.072502,27.839701]},"properties":{"id":"8775237","name":"Port Aransas","type":"reference","region":"TX","tz":"America/Chicago","gt_m":0.318}},{"type":"Feature","id":"8666799","geometry":{"type":"Point","coordinates":[-80.3417,32.6367]},"properties":{"id":"8666799","name":"Dawho Bridge, Dawho River","type":"subordinate","region":"SC","tz":"America/New_York","ref":"8665530"}},{"type":"Feature","id":"1617760","geometry":{"type":"Point","coordinates":[-155.055556,19.730278]},"properties":{"id":"1617760","name":"HILO","type":"reference","region":"HI","tz":"Pacific/Honolulu","gt_m":0.731}},{"type":"Feature","id":"8665613","geometry":{"type":"Point","coordinates":[-79.9733,32.7667]},"properties":{"id":"8665613","name":"Wappoo Creek, highway bridge","type":"subordinate","region":"SC","tz":"America/New_York","ref":"8665530"}},{"type":"Feature","id":"8654769","geometry":{"type":"Point","coordinates":[-75.9869,35.115501]},"properties":{"id":"8654769","name":"Ocracoke, Pamlico Sound","type":"reference","region":"NC","tz":"America/New_York","gt_m":0.314}},{"type":"Feature","id":"TWC1875","geometry":{"type":"Point","coordinates":[-145.966667,60.466667]},"properties":{"id":"TWC1875","name":"Gravel Point","type":"subordinate","region":"AK","tz":"America/Anchorage","ref":"9454050"}},{"type":"Feature","id":"8676012","geometry":{"type":"Point","coordinates":[-81.46,31.3317]},"properties":{"id":"8676012","name":"Champney Island, South Altamaha River","type":"subordinate","region":"GA","tz":"America/New_York","ref":"8670870"}},{"type":"Feature","id":"9444705","geometry":{"type":"Point","coordinates":[-122.917,48.0583]},"properties":{"id":"9444705","name":"Gardiner, Discovery Bay","type":"subordinate","region":"WA","tz":"America/Los_Angeles","ref":"9444900"}},{"type":"Feature","id":"9415265","geometry":{"type":"Point","coordinates":[-122.073,38.1283]},"properties":{"id":"9415265","name":"Suisun Slough entrance","type":"reference","region":"CA","tz":"America/Los_Angeles","gt_m":1.518}},{"type":"Feature","id":"8724237","geometry":{"type":"Point","coordinates":[-81.4017,24.6617]},"properties":{"id":"8724237","name":"Middle Torch Key, Torch Ramrod Channel","type":"subordinate","region":"FL","tz":"America/New_York","ref":"8724580"}},{"type":"Feature","id":"8458022","geometry":{"type":"Point","coordinates":[-71.7617,41.3283]},"properties":{"id":"8458022","name":"Weekapaug Point, Block Island Sound","type":"reference","region":"RI","tz":"America/New_York","gt_m":0.876}},{"type":"Feature","id":"8724215","geometry":{"type":"Point","coordinates":[-81.375,24.6517]},"properties":{"id":"8724215","name":"Big Pine Key, Newfound Harbor Channel","type":"subordinate","region":"FL","tz":"America/New_York","ref":"8724580"}},{"type":"Feature","id":"TWC1173","geometry":{"type":"Point","coordinates":[-122.716667,48.75]},"properties":{"id":"TWC1173","name":"Point Migley","type":"subordinate","region":"WA","tz":"America/Los_Angeles","ref":"9444900"}},{"type":"Feature","id":"9445246","geometry":{"type":"Point","coordinates":[-122.85,47.7617]},"properties":{"id":"9445246","name":"Whitney Point, Dabob Bay","type":"subordinate","region":"WA","tz":"America/Los_Angeles","ref":"9447130"}},{"type":"Feature","id":"9457391","geometry":{"type":"Point","coordinates":[-152.867111,57.873472]},"properties":{"id":"9457391","name":"Port Lions, AK","type":"reference","region":"AK","tz":"America/Anchorage","gt_m":2.854}},{"type":"Feature","id":"9410971","geometry":{"type":"Point","coordinates":[-119.683,34.02]},"properties":{"id":"9410971","name":"Prisoners Harbor, Santa Cruz Island","type":"subordinate","region":"CA","tz":"America/Los_Angeles","ref":"9410660"}},{"type":"Feature","id":"9440569","geometry":{"type":"Point","coordinates":[-123.4565,46.270306]},"properties":{"id":"9440569","name":"Skamokawa","type":"reference","region":"WA","tz":"America/Los_Angeles","gt_m":2.241}},{"type":"Feature","id":"8724485","geometry":{"type":"Point","coordinates":[-81.6983,24.6033]},"properties":{"id":"8724485","name":"Boca Chica Key, Long Point","type":"subordinate","region":"FL","tz":"America/New_York","ref":"8724580"}},{"type":"Feature","id":"8535726","geometry":{"type":"Point","coordinates":[-74.8267,39.005]},"properties":{"id":"8535726","name":"West Wildwood, Grassy Sound","type":"subordinate","region":"NJ","tz":"America/New_York","ref":"8534720"}},{"type":"Feature","id":"8574857","geometry":{"type":"Point","coordinates":[-76.445,39.1967]},"properties":{"id":"8574857","name":"North Point","type":"subordinate","region":"MD","tz":"America/New_York","ref":"8574680"}},{"type":"Feature","id":"TPT2737","geometry":{"type":"Point","coordinates":[-176.633333,0.8]},"properties":{"id":"TPT2737","name":"Howland Island","type":"subordinate","region":null,"tz":"Etc/GMT+12","ref":"1612340"}},{"type":"Feature","id":"TEC3693","geometry":{"type":"Point","coordinates":[-80.566667,28.433333]},"properties":{"id":"TEC3693","name":"Cape Canaveral","type":"subordinate","region":"FL","tz":"America/New_York","ref":"8723178"}},{"type":"Feature","id":"8726641","geometry":{"type":"Point","coordinates":[-82.5383,27.8933]},"properties":{"id":"8726641","name":"Gandy Bridge, Old Tampa Bay","type":"subordinate","region":"FL","tz":"America/New_York","ref":"8726520"}},{"type":"Feature","id":"8638288","geometry":{"type":"Point","coordinates":[-76.315,37.0033]},"properties":{"id":"8638288","name":"Old Point Comfort","type":"subordinate","region":"VA","tz":"America/New_York","ref":"8638610"}},{"type":"Feature","id":"8635881","geometry":{"type":"Point","coordinates":[-76.8567,37.93]},"properties":{"id":"8635881","name":"Tappahannock","type":"subordinate","region":"VA","tz":"America/New_York","ref":"8638610"}},{"type":"Feature","id":"9462578","geometry":{"type":"Point","coordinates":[-166.832,53.6783]},"properties":{"id":"9462578","name":"Anderson Bay","type":"subordinate","region":"AK","tz":"America/Nome","ref":"9462620"}},{"type":"Feature","id":"9448576","geometry":{"type":"Point","coordinates":[-122.548,48.4]},"properties":{"id":"9448576","name":"Sneeoosh Point","type":"reference","region":"WA","tz":"America/Los_Angeles","gt_m":3.369}},{"type":"Feature","id":"8467150","geometry":{"type":"Point","coordinates":[-73.183969,41.175819]},"properties":{"id":"8467150","name":"BRIDGEPORT","type":"reference","region":"CT","tz":"America/New_York","gt_m":2.231}},{"type":"Feature","id":"8723843","geometry":{"type":"Point","coordinates":[-80.6767,24.8767]},"properties":{"id":"8723843","name":"Indian Key, Hawk Channel","type":"subordinate","region":"FL","tz":"America/New_York","ref":"8724580"}},{"type":"Feature","id":"9454562","geometry":{"type":"Point","coordinates":[-147.403,59.875]},"properties":{"id":"9454562","name":"Wooded Islands","type":"reference","region":"AK","tz":"America/Anchorage","gt_m":3.121}},{"type":"Feature","id":"8661347","geometry":{"type":"Point","coordinates":[-79.0983,33.5967]},"properties":{"id":"8661347","name":"Bull Creek entrance","type":"subordinate","region":"SC","tz":"America/New_York","ref":"8665530"}},{"type":"Feature","id":"8667612","geometry":{"type":"Point","coordinates":[-80.684898,32.5019]},"properties":{"id":"8667612","name":"Air Station Beaufort, McCalleys creek","type":"reference","region":"SC","tz":"America/New_York","gt_m":2.383}},{"type":"Feature","id":"8448376","geometry":{"type":"Point","coordinates":[-70.916702,41.424999]},"properties":{"id":"8448376","name":"Cuttyhunk","type":"subordinate","region":"MA","tz":"America/New_York","ref":"8452660"}},{"type":"Feature","id":"9462676","geometry":{"type":"Point","coordinates":[-165.937056,54.064583]},"properties":{"id":"9462676","name":"Broad Bight, Akutan Island","type":"reference","region":"AK","tz":"America/Nome","gt_m":1.694}},{"type":"Feature","id":"8725747","geometry":{"type":"Point","coordinates":[-82.3533,26.9333]},"properties":{"id":"8725747","name":"Englewood, Lemon Bay","type":"subordinate","region":"FL","tz":"America/New_York","ref":"8726520"}},{"type":"Feature","id":"9457804","geometry":{"type":"Point","coordinates":[-154.248,56.897389]},"properties":{"id":"9457804","name":"Alitak, Lazy Bay","type":"reference","region":"AK","tz":"America/Anchorage","gt_m":3.575}},{"type":"Feature","id":"8720793","geometry":{"type":"Point","coordinates":[-81.5733,29.5583]},"properties":{"id":"8720793","name":"Piney Bluff Landing","type":"reference","region":"FL","tz":"America/New_York","gt_m":0.092}},{"type":"Feature","id":"8571201","geometry":{"type":"Point","coordinates":[-75.8033,38.0567]},"properties":{"id":"8571201","name":"Long Point, Big Annemessex River","type":"subordinate","region":"MD","tz":"America/New_York","ref":"8638863"}},{"type":"Feature","id":"8723970","geometry":{"type":"Point","coordinates":[-81.1065,24.711]},"properties":{"id":"8723970","name":"VACA KEY, USCG STATION, FLORIDA BAY","type":"reference","region":"FL","tz":"America/New_York","gt_m":0.297}},{"type":"Feature","id":"9457292","geometry":{"type":"Point","coordinates":[-152.512,57.7317]},"properties":{"id":"9457292","name":"KODIAK, Womens Bay","type":"reference","region":"AK","tz":"America/Anchorage","gt_m":2.675}},{"type":"Feature","id":"9453215","geometry":{"type":"Point","coordinates":[-139.702,59.5817]},"properties":{"id":"9453215","name":"Johnstone Passage, Yakutat Bay","type":"subordinate","region":"AK","tz":"America/Yakutat","ref":"9453220"}},{"type":"Feature","id":"8765994","geometry":{"type":"Point","coordinates":[-92.263802,29.758101]},"properties":{"id":"8765994","name":"Schooner Bayou, Vermillion Bay","type":"reference","region":"LA","tz":"America/Chicago","gt_m":0.387}},{"type":"Feature","id":"9414621","geometry":{"type":"Point","coordinates":[-122.128,37.5633]},"properties":{"id":"9414621","name":"Coyote Hills Slough entrance","type":"subordinate","region":"CA","tz":"America/Los_Angeles","ref":"9414290"}},{"type":"Feature","id":"8578769","geometry":{"type":"Point","coordinates":[-77.0533,38.4533]},"properties":{"id":"8578769","name":"Goose Creek, Port Tobacco River, Md.","type":"subordinate","region":"MD","tz":"America/New_York","ref":"8594900"}},{"type":"Feature","id":"8724347","geometry":{"type":"Point","coordinates":[-81.5333,24.6717]},"properties":{"id":"8724347","name":"Sugarloaf Key, northeast side, Bow Channel","type":"subordinate","region":"FL","tz":"America/New_York","ref":"8724580"}},{"type":"Feature","id":"8634858","geometry":{"type":"Point","coordinates":[-77.3533,38.4183]},"properties":{"id":"8634858","name":"Aquia Creek, Va.","type":"subordinate","region":"VA","tz":"America/New_York","ref":"8594900"}},{"type":"Feature","id":"8722445","geometry":{"type":"Point","coordinates":[-80.1067,27.0367]},"properties":{"id":"8722445","name":"Hobe Sound, Jupiter Island","type":"subordinate","region":"FL","tz":"America/New_York","ref":"8723178"}},{"type":"Feature","id":"8661686","geometry":{"type":"Point","coordinates":[-79.3417,33.5117]},"properties":{"id":"8661686","name":"Black River (south of Dunbar)","type":"subordinate","region":"SC","tz":"America/New_York","ref":"8665530"}},{"type":"Feature","id":"9457671","geometry":{"type":"Point","coordinates":[-153.817,57.46]},"properties":{"id":"9457671","name":"Mining Camp","type":"subordinate","region":"AK","tz":"America/Anchorage","ref":"9455500"}},{"type":"Feature","id":"8725346","geometry":{"type":"Point","coordinates":[-81.8567,26.43]},"properties":{"id":"8725346","name":"Estero River","type":"subordinate","region":"FL","tz":"America/New_York","ref":"8726520"}},{"type":"Feature","id":"8720374","geometry":{"type":"Point","coordinates":[-81.695,30.168301]},"properties":{"id":"8720374","name":"Orange Park Landing, Orange Park","type":"subordinate","region":"FL","tz":"America/New_York","ref":"8720218"}},{"type":"Feature","id":"TEC3061","geometry":{"type":"Point","coordinates":[-79.95,32.833333]},"properties":{"id":"TEC3061","name":"Shipyard Creek, 0.8 mile above entrance.","type":"subordinate","region":"SC","tz":"America/New_York","ref":"8665530"}}]}